path	reviewer	method	baseline_sha256	reviewed_revision
.github/workflows/ci.yml	infra	full manual read (all lines); cross-file tracing and focused reversible shell checks where applicable	4cc7b942e583eed5336810fbb6bca88ba365c76865ed2f2717416e7345180e45	5a849265f4a38d6bd05aec81aa270b6c81d11b5d
.gitignore	infra	full manual read (all lines); cross-file tracing and focused reversible shell checks where applicable	c3e99e21438a76643cbba346a8e480d593fae742ccd5e26f073745108776a071	5a849265f4a38d6bd05aec81aa270b6c81d11b5d
Air2Lean.lean	parser_checker	Full manual read with condition/boundary/error-path and caller/callee tracing; targeted reversible CLI/Lean tests where relevant	3a4755c6c8ecd972e6195f362803228bf9efd2f2335f73dcdde80a44893ac1ea	5a849265f4a38d6bd05aec81aa270b6c81d11b5d
Air2Lean/Air/Anon.lean	parser_checker	Full manual read with condition/boundary/error-path and caller/callee tracing; targeted reversible CLI/Lean tests where relevant	04e2b6f9109adddc51adedee7a31cb1810b81d0aab86a588e27dc4f290f40520	5a849265f4a38d6bd05aec81aa270b6c81d11b5d
Air2Lean/Air/Canon.lean	parser_checker	Full manual read with condition/boundary/error-path and caller/callee tracing; targeted reversible CLI/Lean tests where relevant	c48aec1a9fba3cec5ec85819f33dad2722b11c3bc76991f62a224fc796c026bd	5a849265f4a38d6bd05aec81aa270b6c81d11b5d
Air2Lean/Air/Json.lean	parser_checker	Full manual read with condition/boundary/error-path and caller/callee tracing; targeted reversible CLI/Lean tests where relevant	bf7aa9d0d99c62efe4c33bad2eeb2a1f26f66321e36308329f34d030af62a5f1	5a849265f4a38d6bd05aec81aa270b6c81d11b5d
Air2Lean/Air/Normalize.lean	parser_checker	Full manual read with condition/boundary/error-path and caller/callee tracing; targeted reversible CLI/Lean tests where relevant	72ff93135691155d6a65a153e6bdb6cfb3ccdf77fce3b427a2ad267cb01072f4	5a849265f4a38d6bd05aec81aa270b6c81d11b5d
Air2Lean/Air/Op.lean	parser_checker	Full manual read with condition/boundary/error-path and caller/callee tracing; targeted reversible CLI/Lean tests where relevant	429e77695734ad12027a5c506c14908090a3a8178f4ef37394862a58b661a132	5a849265f4a38d6bd05aec81aa270b6c81d11b5d
Air2Lean/Check.lean	parser_checker	Full manual read with condition/boundary/error-path and caller/callee tracing; targeted reversible CLI/Lean tests where relevant	0d014974b08941409b6b3db6b03e16b498ce24a8e31c1f8dd20b776065100748	5a849265f4a38d6bd05aec81aa270b6c81d11b5d
Air2Lean/Emit.lean	emitter	Read all 2,394 lines fully in six bounded numbered chunks; traced checker, normalization, IR, memory analyses, and relevant runtime operations. Ran compiler-produced scratch AIR through the existing checked CLI and Lean elaborator, plus a concrete runtime evaluation.	a396a38792d2b414740b3494fde9d51d700b151aea14ed46571db86f20789a0a	5a849265f4a38d6bd05aec81aa270b6c81d11b5d
Air2Lean/Main.lean	parser_checker	Full manual read with condition/boundary/error-path and caller/callee tracing; targeted reversible CLI/Lean tests where relevant	e9b7955f93a0aab87777f950f73d5ec5a704741586ff078a099ad9faa8b56ba2	5a849265f4a38d6bd05aec81aa270b6c81d11b5d
Air2Lean/Memory.lean	parser_checker	Full manual read with condition/boundary/error-path and caller/callee tracing; targeted reversible CLI/Lean tests where relevant	f634f83d0fac74ccb0b5459e2c591d14026ef079458d4d0102796f218bcd6282	5a849265f4a38d6bd05aec81aa270b6c81d11b5d
LICENSE	docs	Full content read; cross-checked referenced implementation and proof statements where applicable	cfc7749b96f63bd31c3c42b5c471bf756814053e847c10f3eb003417bc523d30	5a849265f4a38d6bd05aec81aa270b6c81d11b5d
PLAN.md	docs	Full content read; cross-checked referenced implementation and proof statements where applicable	82a653aff6b615aaabc95537417bc67e8a7c81827adae8ca8584756bc9028884	5a849265f4a38d6bd05aec81aa270b6c81d11b5d
Proofs/Asm/Gen.lean	proofs_value	Full manual read of every line; generated Lean compared with corresponding Zig example; targeted caller/runtime tracing and representative theorem axiom checks.	0c872c721a6b7e3eb5136133de70ebd6c294a5c0e464e771cf60551a5f1aacd0	5a849265f4a38d6bd05aec81aa270b6c81d11b5d
Proofs/Asm/Proofs.lean	proofs_value	Full manual read of every line; generated Lean compared with corresponding Zig example; targeted caller/runtime tracing and representative theorem axiom checks.	202233755702ef1b1bbefb15dc7a6f73cf07467b623e41972a568a6fdddba4a8	5a849265f4a38d6bd05aec81aa270b6c81d11b5d
Proofs/Atomics/Gen.lean	proofs_conc_a	Full manual source read in bounded, untruncated line ranges; proof/body, theorem and source/runtime traces; incremental Lean target build.	dac856327bad3acf108bca9def417122ab068b81e4118d5d1f8ea53cc29672fa	5a849265f4a38d6bd05aec81aa270b6c81d11b5d
Proofs/Atomics/MessagePassing.lean	proofs_conc_a	Full manual source read in bounded, untruncated line ranges; proof/body, theorem and source/runtime traces; incremental Lean target build.	cded07207277d0e440ab1fba1a12e6f92b15946c7cfe76c182fad711e1faedd7	5a849265f4a38d6bd05aec81aa270b6c81d11b5d
Proofs/Atomics/Proofs.lean	proofs_conc_a	Full manual source read in bounded, untruncated line ranges; proof/body, theorem and source/runtime traces; incremental Lean target build.	318624484e7d5ec9ddaec10c4c66065d9e21a9c0bb03f05be007885d22448c76	5a849265f4a38d6bd05aec81aa270b6c81d11b5d
Proofs/Atomics/Relaxed.lean	proofs_conc_a	Full manual source read in bounded, untruncated line ranges; proof/body, theorem and source/runtime traces; incremental Lean target build.	b87fe441fa6eeb36d905feb309836db76cec0c2598a6385f93773bc381ef1497	5a849265f4a38d6bd05aec81aa270b6c81d11b5d
Proofs/Atomics/Stack.lean	proofs_conc_a	Full manual source read in bounded, untruncated line ranges; proof/body, theorem and source/runtime traces; incremental Lean target build.	bd0366f160986e009d1c5570e3c71b0a08afcedd5516d969fe9006d835eea15a	5a849265f4a38d6bd05aec81aa270b6c81d11b5d
Proofs/Basic/Arith.lean	proofs_value	Full manual read of every line; generated Lean compared with corresponding Zig example; targeted caller/runtime tracing and representative theorem axiom checks.	b6aba4d80fd8fdb7616934e423614a2dcfc206f3af8b2f2f1f4a9ad10eb987ec	5a849265f4a38d6bd05aec81aa270b6c81d11b5d
Proofs/Basic/Common.lean	proofs_value	Full manual read of every line; generated Lean compared with corresponding Zig example; targeted caller/runtime tracing and representative theorem axiom checks.	213d6d0991bd97d4d18ee3416f3642689a4fcff658b5036887c585a43688fc0d	5a849265f4a38d6bd05aec81aa270b6c81d11b5d
Proofs/Basic/Gen.lean	proofs_value	Full manual read of every line; generated Lean compared with corresponding Zig example; targeted caller/runtime tracing and representative theorem axiom checks.	7f200ec957dd89d74dcc33e3e2a2a6e2cf3b8118591aa35085bfabde76acab99	5a849265f4a38d6bd05aec81aa270b6c81d11b5d
Proofs/Basic/Proofs.lean	proofs_value	Full manual read of every line; generated Lean compared with corresponding Zig example; targeted caller/runtime tracing and representative theorem axiom checks.	f07ee76778d7587490edde4bf70627ed397759e3af85a909ed2112e8fee21f8c	5a849265f4a38d6bd05aec81aa270b6c81d11b5d
Proofs/Basic/Twt.lean	proofs_value	Full manual read of every line; generated Lean compared with corresponding Zig example; targeted caller/runtime tracing and representative theorem axiom checks.	c2fc8247e0e9b47b1d5787f09287cf27874a6c654737a2499a9e8e5e38aef9b9	5a849265f4a38d6bd05aec81aa270b6c81d11b5d
Proofs/Errors/Gen.lean	proofs_value	Full manual read of every line; generated Lean compared with corresponding Zig example; targeted caller/runtime tracing and representative theorem axiom checks.	42d0f84321e09fac61aca670c66edfdde0ee4fa9b30a84e7387032fd71460c2d	5a849265f4a38d6bd05aec81aa270b6c81d11b5d
Proofs/Errors/Proofs.lean	proofs_value	Full manual read of every line; generated Lean compared with corresponding Zig example; targeted caller/runtime tracing and representative theorem axiom checks.	cf02a423505740739045d46a3b300dcb3c8cfe6280fe8d02f94cfe8e3dff2e69	5a849265f4a38d6bd05aec81aa270b6c81d11b5d
Proofs/Floatconv/Gen.lean	proofs_float	full manual read plus dependency trace and Lean verification	3c6f8cf60c9cf6ced6faf987800595e53de3f380360e0f9e5c2fa0d606085d19	5a849265f4a38d6bd05aec81aa270b6c81d11b5d
Proofs/Floatconv/Proofs.lean	proofs_float	full manual read plus dependency trace and Lean verification	9e603725299ef8dcfb1180f93381db3fad5c8aa713551f9b37ff94bb7b358c66	5a849265f4a38d6bd05aec81aa270b6c81d11b5d
Proofs/Floatops/Gen.lean	proofs_float	full manual read plus dependency trace and Lean verification	02c27855be7e75fa2945b56803f20b94ac4154d273fbd4703522ac415752fc8d	5a849265f4a38d6bd05aec81aa270b6c81d11b5d
Proofs/Floatops/Proofs.lean	proofs_float	full manual read plus dependency trace and Lean verification	d30b579ff836955b8ab3d0c46e4f604e23470d8cc5aa7cb42301a996aeac4591	5a849265f4a38d6bd05aec81aa270b6c81d11b5d
Proofs/Floats/Gen.lean	proofs_float	full manual read plus dependency trace and Lean verification	8618fa7b0d2a78273a3129481e4ff4b9d853424ba380d071df58a79ab4ca7716	5a849265f4a38d6bd05aec81aa270b6c81d11b5d
Proofs/Floats/Proofs.lean	proofs_float	full manual read plus dependency trace and Lean verification	9045ba75ef9a45663047fb63052315c15fca073239ade371c876b419bb290dfd	5a849265f4a38d6bd05aec81aa270b6c81d11b5d
Proofs/Iogroup/Counter.lean	proofs_conc_a	Full manual source read in bounded, untruncated line ranges; proof/body, theorem and source/runtime traces; incremental Lean target build.	b03f175d865eadfd25219111491504f372f8a297a2851970de47a3b2bd8a014f	5a849265f4a38d6bd05aec81aa270b6c81d11b5d
Proofs/Iogroup/Gen.lean	proofs_conc_a	Full manual source read in bounded, untruncated line ranges; proof/body, theorem and source/runtime traces; incremental Lean target build.	a2255c9e6458cd1905289ee0e428a83780174fe3839b7a2ca7d675f647800a47	5a849265f4a38d6bd05aec81aa270b6c81d11b5d
Proofs/Layout/Gen.lean	proofs_value	Full manual read of every line; generated Lean compared with corresponding Zig example; targeted caller/runtime tracing and representative theorem axiom checks.	d8c160d0866994f6820c41243e3a88d491de2ae1a6661f02f9ad1ff1f5485cb7	5a849265f4a38d6bd05aec81aa270b6c81d11b5d
Proofs/Layout/Mem.lean	proofs_value	Full manual read of every line; generated Lean compared with corresponding Zig example; targeted caller/runtime tracing and representative theorem axiom checks.	4cd92742c1cee54b4a9cecc976cb76797c183cf2623f4e93a67fa3278043afd0	5a849265f4a38d6bd05aec81aa270b6c81d11b5d
Proofs/Layout/Proofs.lean	proofs_value	Full manual read of every line; generated Lean compared with corresponding Zig example; targeted caller/runtime tracing and representative theorem axiom checks.	3dfe05e047c209dce54c9fcbb323c39ca6ea410a993a25da2ec5cbe749d3e006	5a849265f4a38d6bd05aec81aa270b6c81d11b5d
Proofs/Lists/Append.lean	proofs_mem	Full manual read of every source line; operation/spec comparison with associated Zig example and traced memory semantics; direct lake env lean compilation passed (exit 0).	3a0ed6fdd06437811b1829e0b11dbfe2171e2c36d1f3a731501e3b434ebcd510	5a849265f4a38d6bd05aec81aa270b6c81d11b5d
Proofs/Lists/Gen.lean	proofs_mem	Full manual read of every source line; operation/spec comparison with associated Zig example and traced memory semantics; direct lake env lean compilation passed (exit 0).	520ff98e46d69bd2c3ff80ac2a64a25dfc5758a43c638c7064d71567109e804d	5a849265f4a38d6bd05aec81aa270b6c81d11b5d
Proofs/Lists/Sep.lean	proofs_mem	Full manual read of every source line; operation/spec comparison with associated Zig example and traced memory semantics; direct lake env lean compilation passed (exit 0).	cc6e5911a5a28f9f4009e312c5ae20b7f49c757cee74333d1dc45c86fad1057c	5a849265f4a38d6bd05aec81aa270b6c81d11b5d
Proofs/Options/Gen.lean	proofs_value	Full manual read of every line; generated Lean compared with corresponding Zig example; targeted caller/runtime tracing and representative theorem axiom checks.	940204ca1774971d5051abfdafd5fd2356f65b818e306ad452370dddb199c34e	5a849265f4a38d6bd05aec81aa270b6c81d11b5d
Proofs/Options/Proofs.lean	proofs_value	Full manual read of every line; generated Lean compared with corresponding Zig example; targeted caller/runtime tracing and representative theorem axiom checks.	c89695a484e97a3b5a91d7ca45752f2cce98cf979d852bb2dcca500136e8c728	5a849265f4a38d6bd05aec81aa270b6c81d11b5d
Proofs/Pointers/Gen.lean	proofs_mem	Full manual read of every source line; operation/spec comparison with associated Zig example and traced memory semantics; direct lake env lean compilation passed (exit 0).	4d2662a861cb4ca947245022387cb4e10f4982eb78150a87ebadaea8aad3afa4	5a849265f4a38d6bd05aec81aa270b6c81d11b5d
Proofs/Pointers/Proofs.lean	proofs_mem	Full manual read of every source line; operation/spec comparison with associated Zig example and traced memory semantics; direct lake env lean compilation passed (exit 0).	fa8352c4e3c2f6f50f37b2d030e1a00aefdf7b9f0ce2e7a7477b1f3e664c8240	5a849265f4a38d6bd05aec81aa270b6c81d11b5d
Proofs/Pointers/Sep.lean	proofs_mem	Full manual read of every source line; operation/spec comparison with associated Zig example and traced memory semantics; direct lake env lean compilation passed (exit 0).	ccd7983856010a36c64f41b332769c18470b0dceecf7b6e9bc1087af341d4b28	5a849265f4a38d6bd05aec81aa270b6c81d11b5d
Proofs/Recursion/Gen.lean	proofs_value	Full manual read of every line; generated Lean compared with corresponding Zig example; targeted caller/runtime tracing and representative theorem axiom checks.	d40d069ca39cee2fff2e4588ed04caa130c19e7214a7a24dc78f5317c2428584	5a849265f4a38d6bd05aec81aa270b6c81d11b5d
Proofs/Recursion/Proofs.lean	proofs_value	Full manual read of every line; generated Lean compared with corresponding Zig example; targeted caller/runtime tracing and representative theorem axiom checks.	9fb582b84b77d054fa9a231f0fcf2bf27456c4506c06625fe020df1c2f9d4961	5a849265f4a38d6bd05aec81aa270b6c81d11b5d
Proofs/Slices/Gen.lean	proofs_mem	Full manual read of every source line; operation/spec comparison with associated Zig example and traced memory semantics; direct lake env lean compilation passed (exit 0).	d8ca92d93311be85f639d3fc8c88434a3ad3537d63e189dafc3672509d843271	5a849265f4a38d6bd05aec81aa270b6c81d11b5d
Proofs/Slices/Proofs.lean	proofs_mem	Full manual read of every source line; operation/spec comparison with associated Zig example and traced memory semantics; direct lake env lean compilation passed (exit 0).	b1d730ec5cac3a215bc2d628ae9eebc66170574ba91951b1b42033667d7f947c	5a849265f4a38d6bd05aec81aa270b6c81d11b5d
Proofs/Slices/Sep.lean	proofs_mem	Full manual read of every source line; operation/spec comparison with associated Zig example and traced memory semantics; direct lake env lean compilation passed (exit 0).	4b28b544082382938d8f64e6b174e4adad7dd858922e43b9ed3cdf6a8624c8a0	5a849265f4a38d6bd05aec81aa270b6c81d11b5d
Proofs/Sync/Gen.lean	proofs_conc_b	Full manual read in bounded untruncated line chunks; full-byte declaration and unsafe-token scan; cross-trace proof invariants to generated procedures and targeted scheduler/model/source reads	b773e51f6156933686c7270bd9698bbfe973d6ecfa18d19cd45536f9608d5a94	5a849265f4a38d6bd05aec81aa270b6c81d11b5d
Proofs/Sync/Handoff.lean	proofs_conc_b	Full manual read in bounded untruncated line chunks; full-byte declaration and unsafe-token scan; cross-trace proof invariants to generated procedures and targeted scheduler/model/source reads	44c1d1f50a3603dd1ce0b8feaff1baeebcb1b2d4b85b4a43127a7261f9522a55	5a849265f4a38d6bd05aec81aa270b6c81d11b5d
Proofs/Sync/Lock.lean	proofs_conc_b	Full manual read in bounded untruncated line chunks; full-byte declaration and unsafe-token scan; cross-trace proof invariants to generated procedures and targeted scheduler/model/source reads	12cbfd329e9a8ed7c4cda2cb155ffbd060413dbbfd079d39f8888b3fe8e77209	5a849265f4a38d6bd05aec81aa270b6c81d11b5d
Proofs/Sync/Mutex.lean	proofs_conc_b	Full manual read in bounded untruncated line chunks; full-byte declaration and unsafe-token scan; cross-trace proof invariants to generated procedures and targeted scheduler/model/source reads	4916b2962f9e79ed1b6ebe72af061b88725408c2cf5cbc1f480f9bec904ca124	5a849265f4a38d6bd05aec81aa270b6c81d11b5d
Proofs/Sync/Proofs.lean	proofs_conc_b	Full manual read in bounded untruncated line chunks; full-byte declaration and unsafe-token scan; cross-trace proof invariants to generated procedures and targeted scheduler/model/source reads	64193f3f8a07ee8227cdf2a20d754d9d955cacee2d3d268c186fc34f904b6af0	5a849265f4a38d6bd05aec81aa270b6c81d11b5d
Proofs/Sync/SemCounter.lean	proofs_conc_b	Full manual read in bounded untruncated line chunks; full-byte declaration and unsafe-token scan; cross-trace proof invariants to generated procedures and targeted scheduler/model/source reads	0db57bd84c7498ed157fa214e06a186ff5bb15194775956e6ce86f80165c1fb5	5a849265f4a38d6bd05aec81aa270b6c81d11b5d
Proofs/Sync/Semaphore.lean	proofs_conc_b	Full manual read in bounded untruncated line chunks; full-byte declaration and unsafe-token scan; cross-trace proof invariants to generated procedures and targeted scheduler/model/source reads	498a93a51ee09500f6702c7dc42e6d2dd4465ad7733b6428c4fcffa7598b165a	5a849265f4a38d6bd05aec81aa270b6c81d11b5d
Proofs/Threads/Counter.lean	proofs_conc_a	Full manual source read in bounded, untruncated line ranges; proof/body, theorem and source/runtime traces; incremental Lean target build.	538a8f0fae2583aa355c193852af4756ce84e1e02dc3592cfc0102b548b2023c	5a849265f4a38d6bd05aec81aa270b6c81d11b5d
Proofs/Threads/Disjoint.lean	proofs_conc_a	Full manual source read in bounded, untruncated line ranges; proof/body, theorem and source/runtime traces; incremental Lean target build.	54cc0041affd80f2211f2f8a4f2dc2bd1853e808136e25d85ec09feb3089aabf	5a849265f4a38d6bd05aec81aa270b6c81d11b5d
Proofs/Threads/Gen.lean	proofs_conc_a	Full manual source read in bounded, untruncated line ranges; proof/body, theorem and source/runtime traces; incremental Lean target build.	30f3ee004a0ec6b63ba85c236ecd3eae2e9787e3e65143db2912c62680655071	5a849265f4a38d6bd05aec81aa270b6c81d11b5d
Proofs/Threads/Proofs.lean	proofs_conc_a	Full manual source read in bounded, untruncated line ranges; proof/body, theorem and source/runtime traces; incremental Lean target build.	d121763d40da793d1b7a86e63963106c6524e91c114ff55c104c6a825cfc2c4c	5a849265f4a38d6bd05aec81aa270b6c81d11b5d
Proofs/Threadsync/Deadline.lean	proofs_conc_b	Full manual read in bounded untruncated line chunks; full-byte declaration and unsafe-token scan; cross-trace proof invariants to generated procedures and targeted scheduler/model/source reads	67333b865ca6c1d573c02884b4311f137c959a397daa93436383ac7ffd1074b6	5a849265f4a38d6bd05aec81aa270b6c81d11b5d
Proofs/Threadsync/Gen.lean	proofs_conc_b	Full manual read in bounded untruncated line chunks; full-byte declaration and unsafe-token scan; cross-trace proof invariants to generated procedures and targeted scheduler/model/source reads	21933c1ec171c4986659abb92500a88b7c4f5fd40f1476a5e18c8f3bdcdfb9a9	5a849265f4a38d6bd05aec81aa270b6c81d11b5d
Proofs/Threadsync/Handoff.lean	proofs_conc_b	Full manual read in bounded untruncated line chunks; full-byte declaration and unsafe-token scan; cross-trace proof invariants to generated procedures and targeted scheduler/model/source reads	f3f21e63ee20d23edcf27d49317041d65dc0d68b61d89465da21ad4b8b885bba	5a849265f4a38d6bd05aec81aa270b6c81d11b5d
Proofs/Threadsync/Lock.lean	proofs_conc_b	Full manual read in bounded untruncated line chunks; full-byte declaration and unsafe-token scan; cross-trace proof invariants to generated procedures and targeted scheduler/model/source reads	198e84d1e8de8e4b9008c66fd38217891331771e85ba91b802a77aa350426166	5a849265f4a38d6bd05aec81aa270b6c81d11b5d
Proofs/Threadsync/Mutex.lean	proofs_conc_b	Full manual read in bounded untruncated line chunks; full-byte declaration and unsafe-token scan; cross-trace proof invariants to generated procedures and targeted scheduler/model/source reads	90cda376241abf057cfb310ab856a5f159949d8ee8b43379d3320b6894087118	5a849265f4a38d6bd05aec81aa270b6c81d11b5d
Proofs/Threadsync/WaitGroup.lean	proofs_conc_b	Full manual read in bounded untruncated line chunks; full-byte declaration and unsafe-token scan; cross-trace proof invariants to generated procedures and targeted scheduler/model/source reads	bf74949b5090115f5c712ce4836faae2086f1ff6a174255bc8020e82a22083f2	5a849265f4a38d6bd05aec81aa270b6c81d11b5d
Proofs/Variants/Gen.lean	proofs_value	Full manual read of every line; generated Lean compared with corresponding Zig example; targeted caller/runtime tracing and representative theorem axiom checks.	74d7b64f5d2d2a821d5cc2ae97bf1c4c353e0239fd44291c11373e280cc79d7a	5a849265f4a38d6bd05aec81aa270b6c81d11b5d
Proofs/Variants/Proofs.lean	proofs_value	Full manual read of every line; generated Lean compared with corresponding Zig example; targeted caller/runtime tracing and representative theorem axiom checks.	ac1f0460c7993ec5432fa8637e83250ad2fd0c216e1e0aca77282dd90bf08150	5a849265f4a38d6bd05aec81aa270b6c81d11b5d
Proofs/Vectors/Gen.lean	proofs_value	Full manual read of every line; generated Lean compared with corresponding Zig example; targeted caller/runtime tracing and representative theorem axiom checks.	e69585b66b800f87946b2a8457a9851a311fe1a9fd8e1190e1c5bb57aeee2be1	5a849265f4a38d6bd05aec81aa270b6c81d11b5d
Proofs/Vectors/Proofs.lean	proofs_value	Full manual read of every line; generated Lean compared with corresponding Zig example; targeted caller/runtime tracing and representative theorem axiom checks.	57d58e216b51aa293b94dad47b1098fd9007f542b5a31b644363cc5046be7656	5a849265f4a38d6bd05aec81aa270b6c81d11b5d
README.md	docs	Full content read; cross-checked referenced implementation and proof statements where applicable	20bcd9317b6651c64f7017cdb250b8e9796f89905ab1c9210ea06a53cb5e28cc	5a849265f4a38d6bd05aec81aa270b6c81d11b5d
ZigLean.lean	runtime	Read all 11 lines manually; traced imports to runtime modules.	3363f0fada489586516312f055294d5851c140a9120224285d06a92c393a1a9f	5a849265f4a38d6bd05aec81aa270b6c81d11b5d
ZigLean/Basic.lean	runtime	Read all 292 lines manually; reviewed numeric boundary cases and followed arithmetic/cast/shift callers in Emit.lean and overflow definitions in Lean core; evaluated focused temporary Lean examples and checked Zig Sema.	69ff4c6fe140fe6ca14c49aa7f05ed361953fcbc7e1e567cc6e637ff253b6bb7	5a849265f4a38d6bd05aec81aa270b6c81d11b5d
ZigLean/Conc.lean	concurrency	Full sequential source and proof-body read; cross-file caller/callee and adversarial invariant review.	b87895f15749b795bab6425ba3267b0a5b5e313507b6766e0ffdc8c358eec526	5a849265f4a38d6bd05aec81aa270b6c81d11b5d
ZigLean/Conc/Basic.lean	concurrency	Full sequential source and proof-body read; cross-file caller/callee and adversarial invariant review.	be33577cda7c234616a3e43aa802908d3367935e941942a8cd66841531ee5493	5a849265f4a38d6bd05aec81aa270b6c81d11b5d
ZigLean/Conc/Call.lean	concurrency	Full sequential source and proof-body read; cross-file caller/callee and adversarial invariant review.	fbb6867b0294c9370bf84b03f37f99d85ec73345fd6f027b6c70951d09874f8c	5a849265f4a38d6bd05aec81aa270b6c81d11b5d
ZigLean/Conc/Csl.lean	concurrency	Full sequential source and proof-body read; cross-file caller/callee and adversarial invariant review.	e96e73fed694439b4fa8dc46926668da1d9b5d3a74927e1b6d0c595d7c1df505	5a849265f4a38d6bd05aec81aa270b6c81d11b5d
ZigLean/Conc/Lemmas.lean	concurrency	Full sequential source and proof-body read; cross-file caller/callee and adversarial invariant review.	596807c2082fa4558e726a818e286f6c2ce9c2048c8ad3ef8acbc1699f4802a2	5a849265f4a38d6bd05aec81aa270b6c81d11b5d
ZigLean/Conc/Lock.lean	concurrency	Full sequential source and proof-body read; cross-file caller/callee and adversarial invariant review.	d472cac76fd785bcce6dd55accc6ed88c4df6d74a0d10546ac00774f1f479044	5a849265f4a38d6bd05aec81aa270b6c81d11b5d
ZigLean/Conc/LockRules.lean	concurrency	Full sequential source and proof-body read; cross-file caller/callee and adversarial invariant review.	6ae61c99fe171d322bed702972a12d297d0ed145c37939a7eba51e4bc681f3be	5a849265f4a38d6bd05aec81aa270b6c81d11b5d
ZigLean/Conc/Logic.lean	concurrency	Full sequential source and proof-body read; cross-file caller/callee and adversarial invariant review.	d2ba9e7bcd38c3b3bd2a6afcd9e617113fc3a57e2ead9addd08961d172698be4	5a849265f4a38d6bd05aec81aa270b6c81d11b5d
ZigLean/Conc/Own.lean	concurrency	Full sequential source and proof-body read; cross-file caller/callee and adversarial invariant review.	b0774bc5335036983f104a6b2671ab429177e944c5b5cb5d58b8e588b68c32fb	5a849265f4a38d6bd05aec81aa270b6c81d11b5d
ZigLean/Conc/Sched.lean	concurrency	Full sequential source and proof-body read; cross-file caller/callee and adversarial invariant review.	f6ae7d2aeb8cadb493961a12ea70b20a51a067149abc040e8a348d67e9bd02b2	5a849265f4a38d6bd05aec81aa270b6c81d11b5d
ZigLean/Conc/Word.lean	concurrency	Full sequential source and proof-body read; cross-file caller/callee and adversarial invariant review.	d303b6787b55540e0632384c6e3d99ff19af69f726a82ff714a0837e2d9feb10	5a849265f4a38d6bd05aec81aa270b6c81d11b5d
ZigLean/Float.lean	floats	full manual read	989952fee1cea32435cc635770218f858d54c3b20bf63fa33598bf38f3eb6625	5a849265f4a38d6bd05aec81aa270b6c81d11b5d
ZigLean/Float/CompilerRt.lean	floats	full manual read	986a0f4d55a3a1e05810d7f455844af68544129c294081ca768395aa7359968d	5a849265f4a38d6bd05aec81aa270b6c81d11b5d
ZigLean/Float/Format.lean	floats	full manual read	75d9267bca4da30241f49c938e28a52e160282a892ecdd3788bd3de4c34b34b8	5a849265f4a38d6bd05aec81aa270b6c81d11b5d
ZigLean/Float/Lemmas.lean	floats	full manual read	2fffd2ffeb1c65e1d9de51d434da836cb7c691a359aa9acee9b00eb98fcf9f7f	5a849265f4a38d6bd05aec81aa270b6c81d11b5d
ZigLean/Float/Libm.lean	floats	full manual read	ecc42f5218b1ca552f45a26d65b614f03e2b91a52cc47ed8cf01133530a2c452	5a849265f4a38d6bd05aec81aa270b6c81d11b5d
ZigLean/Float/Ops.lean	floats	full manual read	f8b7bb63b1b1478fc9979218c8d169cb35458362dfc783bf3aaf77af82d28b24	5a849265f4a38d6bd05aec81aa270b6c81d11b5d
ZigLean/Float/Round.lean	floats	full manual read	8995a2c87cc8167d696f33caa0330883494157ed0a544ba2655efb195689f894	5a849265f4a38d6bd05aec81aa270b6c81d11b5d
ZigLean/Float/RoundTrip.lean	floats	full manual read	c5f4e94dc55470329f994f57f88d228bebe5331c23739d3322c4bec76b892fd8	5a849265f4a38d6bd05aec81aa270b6c81d11b5d
ZigLean/Float/Value.lean	floats	full manual read	5fe060b996d257f191c9c323a9a97118c1696df08169a2834d082438e4e19a53	5a849265f4a38d6bd05aec81aa270b6c81d11b5d
ZigLean/Lemmas.lean	runtime	Read all 71 lines manually; inspected arithmetic hypotheses and zero-width vacuity.	1fb0ae49b9ea33ad0caadec7bb61378c06539088e95a014e117d91debd491634	5a849265f4a38d6bd05aec81aa270b6c81d11b5d
ZigLean/Loop.lean	runtime	Read all 43 lines manually; traced loop unfolding, StateT state propagation and strong-induction measure.	bc442454cec410ac40100ea957eecbb1ab0fc03b84dffb66ce2cfdc9134cabfd	5a849265f4a38d6bd05aec81aa270b6c81d11b5d
ZigLean/Mem.lean	memory_sep	full manual read plus caller/callee tracing; focused reversible repros where noted	0afcc899300059b24cb462e24d9a41199a7dcac1705282a33842fe9dfa932203	5a849265f4a38d6bd05aec81aa270b6c81d11b5d
ZigLean/Mem/Alloc.lean	memory_sep	full manual read plus caller/callee tracing; focused reversible repros where noted	c8c20537265459b5d40aa4981187df15158d8f01b8e01c3fa15cf0c0e7089918	5a849265f4a38d6bd05aec81aa270b6c81d11b5d
ZigLean/Mem/Basic.lean	memory_sep	full manual read plus caller/callee tracing; focused reversible repros where noted	2fc4cfa32f1ddea528bd2c63b8a2030afb18bd34122574fa1aaf11fb48f8ee54	5a849265f4a38d6bd05aec81aa270b6c81d11b5d
ZigLean/Mem/Enc.lean	memory_sep	full manual read plus caller/callee tracing; focused reversible repros where noted	2adc12e2d88007e9cafc6829d7f687df54177a53de5bed8bdac933360d3c7c28	5a849265f4a38d6bd05aec81aa270b6c81d11b5d
ZigLean/Mem/Lemmas.lean	memory_sep	full manual read plus caller/callee tracing; focused reversible repros where noted	ac7d79ff4ca2c576977bc21e09735dc9b564c230f3d87ae561bfcd912ac20c23	5a849265f4a38d6bd05aec81aa270b6c81d11b5d
ZigLean/Mem/Thread.lean	memory_sep	full manual read plus caller/callee tracing; focused reversible repros where noted	f5c9e6869cce1ad8db264bd4a50e9809099395445bbb3f267ae507015bfa4d5b	5a849265f4a38d6bd05aec81aa270b6c81d11b5d
ZigLean/Packed.lean	runtime	Read all 84 lines manually; followed Enc/intOfBytes, memory load/store, checker host-size guard, and generated bit-pointer callers.	1d67210ee4ead8839b972f08e3340f6e1e6e72a91d61fc98a18a071903e153d9	5a849265f4a38d6bd05aec81aa270b6c81d11b5d
ZigLean/Sep.lean	memory_sep	full manual read plus caller/callee tracing; focused reversible repros where noted	c3eb038b0b11facd1cd0925f280763e486a9ce39367dd2267015d42b201e472a	5a849265f4a38d6bd05aec81aa270b6c81d11b5d
ZigLean/Sep/Alloc.lean	memory_sep	full manual read plus caller/callee tracing; focused reversible repros where noted	0f876d689cdb290b4c522052b70635d869fb4ac5f99a7f1e6bba2c2e51b56263	5a849265f4a38d6bd05aec81aa270b6c81d11b5d
ZigLean/Sep/Assert.lean	memory_sep	full manual read plus caller/callee tracing; focused reversible repros where noted	6ec6646b84bea7e51c0c2be4bc7a77c50d9ff494c678697437eee27f4385353b	5a849265f4a38d6bd05aec81aa270b6c81d11b5d
ZigLean/Sep/Block.lean	memory_sep	full manual read plus caller/callee tracing; focused reversible repros where noted	a29b916e3566d4bd3e3e3f9b7405dae6d2fad50913f1a35003279df5d159eebf	5a849265f4a38d6bd05aec81aa270b6c81d11b5d
ZigLean/Sep/Heap.lean	memory_sep	full manual read plus caller/callee tracing; focused reversible repros where noted	e5686d1fe72e5e47df44708cff597ab21769c7ac9533c2a8ecb1a3c81c20b584	5a849265f4a38d6bd05aec81aa270b6c81d11b5d
ZigLean/Sep/Loop.lean	memory_sep	full manual read plus caller/callee tracing; focused reversible repros where noted	7603c6e0b212a0bae91f086086fd2596a63a00e4a5c7779698dcf757603cb46c	5a849265f4a38d6bd05aec81aa270b6c81d11b5d
ZigLean/Sep/Triple.lean	memory_sep	full manual read plus caller/callee tracing; focused reversible repros where noted	0da6b6b071f8cc7aa901488742de3a0667d1552ba01bf9736888fbfb27eea4df	5a849265f4a38d6bd05aec81aa270b6c81d11b5d
ZigLean/Simp.lean	runtime	Read all 8 lines manually; reviewed registered unfolding definitions.	81da902a886787276fe83806ee687f8b5511af9211a0be44297ce25e507a0fb4	5a849265f4a38d6bd05aec81aa270b6c81d11b5d
ZigLean/SimpAttr.lean	runtime	Read all 6 lines manually; traced declaration/import order.	5ea0f23219da196ee7d29ebdc07358a2ba2f4cdcf1261b40dd6a01635338f1b1	5a849265f4a38d6bd05aec81aa270b6c81d11b5d
ZigLean/Union.lean	runtime	Read all 60 lines manually; inspected byte preservation, PackedU field widths, Raw.getD and generated union getter/modifier callers.	c86c9f834b81eb16b866faa577c2a9ac29980b51f4fe67d638aebf65191f5060	5a849265f4a38d6bd05aec81aa270b6c81d11b5d
ZigLean/Vec.lean	runtime	Read all 104 lines manually; followed vector layout checker, Enc instances, lane-wise and reduce callers; evaluated temporary Lean probes and Zig 0.15.2 native and x86_64 LLVM assembly probes.	80bfbc25b66ad7ca250a31fb60cdf5a21e30372de4de8c7f7c7dab6316d73c73	5a849265f4a38d6bd05aec81aa270b6c81d11b5d
docs/air-json.md	docs	Full content read; cross-checked referenced implementation and proof statements where applicable	f37362a9439279b9fbd7f903e95b25afbe852e97424c86f0f386206efd2f3474	5a849265f4a38d6bd05aec81aa270b6c81d11b5d
docs/floats.md	docs	Full content read; cross-checked referenced implementation and proof statements where applicable	fc5eea58b691f5bf957beace70e3331c6c2de3f31ed16a3c03e9dba33eec3f40	5a849265f4a38d6bd05aec81aa270b6c81d11b5d
docs/generated-code.md	docs	Full content read; cross-checked referenced implementation and proof statements where applicable	971de39517b9626d965d1c2fd0f4bea2a3e3dac23c84dbf3b8f8fe4580abdfb0	5a849265f4a38d6bd05aec81aa270b6c81d11b5d
docs/proofs.md	docs	Full content read; cross-checked referenced implementation and proof statements where applicable	58deeee8a897c4422029808f32d3af0a8682a3e8bae25436dc0531b2c08d17a5	5a849265f4a38d6bd05aec81aa270b6c81d11b5d
docs/std-models.md	docs	Full content read; cross-checked referenced implementation and proof statements where applicable	e3c475cb419731a8fc037de6638980d1b76f01f1326d102a1b6d89272c2ab28a	5a849265f4a38d6bd05aec81aa270b6c81d11b5d
examples/asm/asm.zig	examples	Full manual source/configuration read; traced suspicious operations to relevant harness/model/std code. Native Zig0.15.2 ReleaseSafe tests run for applicable source files.	11bfcf25e54c9f37fb864821d1b606bd70c55393189d4c67a41f303ab2154f3f	5a849265f4a38d6bd05aec81aa270b6c81d11b5d
examples/atomics/atomics.zig	examples	Full manual source/configuration read; traced suspicious operations to relevant harness/model/std code. Native Zig0.15.2 ReleaseSafe tests run for applicable source files.	c63dbe92b66375b97aac757ccc85a75a3783de2ee96909f4ab051aa0a48aaf31	5a849265f4a38d6bd05aec81aa270b6c81d11b5d
examples/atomics/filter	examples	Full manual source/configuration read; traced suspicious operations to relevant harness/model/std code. Native Zig0.15.2 ReleaseSafe tests run for applicable source files.	d2b0a5289e7fe2fee8225bbb75daafb73e762fd45d32fc9a7bee3230e7029d04	5a849265f4a38d6bd05aec81aa270b6c81d11b5d
examples/basic/basic.zig	examples	Full manual source/configuration read; traced suspicious operations to relevant harness/model/std code. Native Zig0.15.2 ReleaseSafe tests run for applicable source files.	00934d994365d765aad630f769fc68553d66965737e53d9652d0ec946f6d2a8a	5a849265f4a38d6bd05aec81aa270b6c81d11b5d
examples/errors/errors.zig	examples	Full manual source/configuration read; traced suspicious operations to relevant harness/model/std code. Native Zig0.15.2 ReleaseSafe tests run for applicable source files.	81f109699ebbd4c01a85dbf9720b4252105ecf21435272faa4ddb8a84f1a94b4	5a849265f4a38d6bd05aec81aa270b6c81d11b5d
examples/floatconv/floatconv.zig	examples	Full manual source/configuration read; traced suspicious operations to relevant harness/model/std code. Native Zig0.15.2 ReleaseSafe tests run for applicable source files.	4268bd4dbfd6c9fd9719292029e42433479f63b4ddebbf4a86e98cfc10c7e73a	5a849265f4a38d6bd05aec81aa270b6c81d11b5d
examples/floatops/floatops.zig	examples	Full manual source/configuration read; traced suspicious operations to relevant harness/model/std code. Native Zig0.15.2 ReleaseSafe tests run for applicable source files.	4ba3db0290ac95ba93996619944bb4da25ea0f58694122962615f0efb369c152	5a849265f4a38d6bd05aec81aa270b6c81d11b5d
examples/floatops/translate.args	examples	Full manual source/configuration read; traced suspicious operations to relevant harness/model/std code. Native Zig0.15.2 ReleaseSafe tests run for applicable source files.	0a2fc03d761308aa22500de681effa9a2ef628d832571f8967e259a0c3894118	5a849265f4a38d6bd05aec81aa270b6c81d11b5d
examples/floats/floats.zig	examples	Full manual source/configuration read; traced suspicious operations to relevant harness/model/std code. Native Zig0.15.2 ReleaseSafe tests run for applicable source files.	0dea4aa4375fd59dc97d7a0e4cc90ebe9c5a0387e671f7080279ef3c849572ff	5a849265f4a38d6bd05aec81aa270b6c81d11b5d
examples/iogroup/filter	examples	Full manual source/configuration read; traced suspicious operations to relevant harness/model/std code. Native Zig0.15.2 ReleaseSafe tests run for applicable source files.	d50cfa4cf95ec1bbcc29624c1e2e9956d751edd5572a6cfd5f8f4c875595832b	5a849265f4a38d6bd05aec81aa270b6c81d11b5d
examples/iogroup/iogroup.zig	examples	Full manual source/configuration read; traced suspicious operations to relevant harness/model/std code. Native Zig0.15.2 ReleaseSafe tests run for applicable source files.	0851da2c573245ae610b7bd949136e4120f06f9da13521726a1eb30ac59284ef	5a849265f4a38d6bd05aec81aa270b6c81d11b5d
examples/iogroup/zig-versions	examples	Full manual source/configuration read; traced suspicious operations to relevant harness/model/std code. Native Zig0.15.2 ReleaseSafe tests run for applicable source files.	aa037454b5e8320521a32b278a3f4aff05fc79009ab5503f5d4a1b9a33b38c47	5a849265f4a38d6bd05aec81aa270b6c81d11b5d
examples/layout/layout.zig	examples	Full manual source/configuration read; traced suspicious operations to relevant harness/model/std code. Native Zig0.15.2 ReleaseSafe tests run for applicable source files.	6031be8f468b4ec1db7774f326a7d7d7800420f080a9efbe91f7eace78bb8fb3	5a849265f4a38d6bd05aec81aa270b6c81d11b5d
examples/lists/filter	examples	Full manual source/configuration read; traced suspicious operations to relevant harness/model/std code. Native Zig0.15.2 ReleaseSafe tests run for applicable source files.	c5db40789cc34d662ec53729be4964c65c741cc008215ff617ae69d49a759652	5a849265f4a38d6bd05aec81aa270b6c81d11b5d
examples/lists/lists.zig	examples	Full manual source/configuration read; traced suspicious operations to relevant harness/model/std code. Native Zig0.15.2 ReleaseSafe tests run for applicable source files.	35f96a2c6e23bfee00413e6eb6e94fb2e3f9137314c8a4bb3baadc5f25ae9eb2	5a849265f4a38d6bd05aec81aa270b6c81d11b5d
examples/options/options.zig	examples	Full manual source/configuration read; traced suspicious operations to relevant harness/model/std code. Native Zig0.15.2 ReleaseSafe tests run for applicable source files.	6915e007a79b9ce103aaa71cc6801c1f153127c9625aae195a8c3e5b2e904234	5a849265f4a38d6bd05aec81aa270b6c81d11b5d
examples/pointers/pointers.zig	examples	Full manual source/configuration read; traced suspicious operations to relevant harness/model/std code. Native Zig0.15.2 ReleaseSafe tests run for applicable source files.	ff8f657673770fd434c6225e2e4a7cbe78ccc8ad77bd4ae0941777d50af39f9a	5a849265f4a38d6bd05aec81aa270b6c81d11b5d
examples/recursion/recursion.zig	examples	Full manual source/configuration read; traced suspicious operations to relevant harness/model/std code. Native Zig0.15.2 ReleaseSafe tests run for applicable source files.	9d3de4287fa0a9fd647bc29a19ec476f80585fc7fd69515b7c0cc22361ceab8f	5a849265f4a38d6bd05aec81aa270b6c81d11b5d
examples/slices/slices.zig	examples	Full manual source/configuration read; traced suspicious operations to relevant harness/model/std code. Native Zig0.15.2 ReleaseSafe tests run for applicable source files.	7da0e7402239e39746c6f4ce0451ea562924cb9b270290d23e09063ce107d5f5	5a849265f4a38d6bd05aec81aa270b6c81d11b5d
examples/sync/filter	examples	Full manual source/configuration read; traced suspicious operations to relevant harness/model/std code. Native Zig0.15.2 ReleaseSafe tests run for applicable source files.	0343d43300271c351524fb5235ced3e0f129e422a62993989420c28c452a8e7c	5a849265f4a38d6bd05aec81aa270b6c81d11b5d
examples/sync/sync.zig	examples	Full manual source/configuration read; traced suspicious operations to relevant harness/model/std code. Native Zig0.15.2 ReleaseSafe tests run for applicable source files.	a36d1b42ec92ed06effd28ece30e0e2297ada5c53d4466878ed7b0460509f752	5a849265f4a38d6bd05aec81aa270b6c81d11b5d
examples/sync/zig-versions	examples	Full manual source/configuration read; traced suspicious operations to relevant harness/model/std code. Native Zig0.15.2 ReleaseSafe tests run for applicable source files.	aa037454b5e8320521a32b278a3f4aff05fc79009ab5503f5d4a1b9a33b38c47	5a849265f4a38d6bd05aec81aa270b6c81d11b5d
examples/threads/filter	examples	Full manual source/configuration read; traced suspicious operations to relevant harness/model/std code. Native Zig0.15.2 ReleaseSafe tests run for applicable source files.	32ce4b293bd01adca7dc8ee3d9783a442aec4947f655a85a990f7e28ee05f7af	5a849265f4a38d6bd05aec81aa270b6c81d11b5d
examples/threads/threads.zig	examples	Full manual source/configuration read; traced suspicious operations to relevant harness/model/std code. Native Zig0.15.2 ReleaseSafe tests run for applicable source files.	c50dd515ca45a959424cd4089ad0c91d1a5831372c4c641e35629c93a5945b7b	5a849265f4a38d6bd05aec81aa270b6c81d11b5d
examples/threadsync/filter	examples	Full manual source/configuration read; traced suspicious operations to relevant harness/model/std code. Native Zig0.15.2 ReleaseSafe tests run for applicable source files.	e9dd586a5a393671e6f22d46438c920a806da45928c086ef766fd692f18c2c30	5a849265f4a38d6bd05aec81aa270b6c81d11b5d
examples/threadsync/threadsync.zig	examples	Full manual source/configuration read; traced suspicious operations to relevant harness/model/std code. Native Zig0.15.2 ReleaseSafe tests run for applicable source files.	9953b6431e81ab9bb239e687545156597e2b79773ea5ac74770acda03257e271	5a849265f4a38d6bd05aec81aa270b6c81d11b5d
examples/threadsync/zig-versions	examples	Full manual source/configuration read; traced suspicious operations to relevant harness/model/std code. Native Zig0.15.2 ReleaseSafe tests run for applicable source files.	355a2e14f6a7f2cb387d9d3b75a3550980d020ee1d005b139b62290c1645068a	5a849265f4a38d6bd05aec81aa270b6c81d11b5d
examples/variants/variants.zig	examples	Full manual source/configuration read; traced suspicious operations to relevant harness/model/std code. Native Zig0.15.2 ReleaseSafe tests run for applicable source files.	32c8fd0074f821b39ce33ade7deec35b2ac29179ace6d31871d13acb8225982a	5a849265f4a38d6bd05aec81aa270b6c81d11b5d
examples/vectors/vectors.zig	examples	Full manual source/configuration read; traced suspicious operations to relevant harness/model/std code. Native Zig0.15.2 ReleaseSafe tests run for applicable source files.	35d0d5af880949aa9259e6f547458ee81381d7f34900d8dbcc005eec1573cf9c	5a849265f4a38d6bd05aec81aa270b6c81d11b5d
lake-manifest.json	infra	full manual read (all lines); cross-file tracing and focused reversible shell checks where applicable	8597d11e822141447a698f4bd14406865e69a4ed7f6500384b08ef136da13099	5a849265f4a38d6bd05aec81aa270b6c81d11b5d
lakefile.toml	infra	full manual read (all lines); cross-file tracing and focused reversible shell checks where applicable	e2bff6e45f9f3ee990567105521240eb75715fab099f6ad4d105e34c8aad9d08	5a849265f4a38d6bd05aec81aa270b6c81d11b5d
lean-toolchain	infra	full manual read (all lines); cross-file tracing and focused reversible shell checks where applicable	8733782dc070a99b312039cda424f601b80f3be6f6f512627da5ba25adc27632	5a849265f4a38d6bd05aec81aa270b6c81d11b5d
scripts/check.sh	infra	full manual read (all lines); cross-file tracing and focused reversible shell checks where applicable	6358431207bc3a56b259c58f8ef1198ab0fe29ea5bbae9204cac6e20e52d4db8	5a849265f4a38d6bd05aec81aa270b6c81d11b5d
scripts/diff.sh	infra	full manual read (all lines); cross-file tracing and focused reversible shell checks where applicable	83f63d426c8ee61afb3e01836d534e7f28e408e2fad807baf413e11ec2e49663	5a849265f4a38d6bd05aec81aa270b6c81d11b5d
scripts/floatprobe.sh	infra	full manual read (all lines); cross-file tracing and focused reversible shell checks where applicable	68592afd35f508bc2ebf36e52f455d834faedd1a1bf1c1f1a575daed5ca781ba	5a849265f4a38d6bd05aec81aa270b6c81d11b5d
scripts/mutate.sh	infra	full manual read (all lines); cross-file tracing and focused reversible shell checks where applicable	0412a6a3881925fcacab620a877ab174363272b0604cd3e5f6473cc0fe83003e	5a849265f4a38d6bd05aec81aa270b6c81d11b5d
scripts/mutation-shards.txt	infra	full manual read (all lines); cross-file tracing and focused reversible shell checks where applicable	2ea354f40e79907e9af5525e01bf8330897325bfcd7e31e8381c1dd4a7a5313c	5a849265f4a38d6bd05aec81aa270b6c81d11b5d
scripts/no-sorry.sh	infra	full manual read (all lines); cross-file tracing and focused reversible shell checks where applicable	8cf7091f8cd37776b5201f022c1241432746e4feff00b5813d3a77dd2e853357	5a849265f4a38d6bd05aec81aa270b6c81d11b5d
tests/diff/Diff.lean	harness	full source read	e177bad9c4a850ad73f8f2ff7e15820b0ce59d886a35dd2d7822684853677494	5a849265f4a38d6bd05aec81aa270b6c81d11b5d
tests/diff/asm/asm.zig	harness	full source read	fdc5a705e896f50cb8a2820dbfd8335dab6693d94def1c32690509c09aa2aa5e	5a849265f4a38d6bd05aec81aa270b6c81d11b5d
tests/diff/asm/harness.zig	harness	full source read	b5ee279223d7103115811f9519f98d0029d6a973d27c75758942ba1268e02a3f	5a849265f4a38d6bd05aec81aa270b6c81d11b5d
tests/diff/asm/inputs/bswap32.jsonl	fixtures_inputs	Full JSONL parse with duplicate-key, standard-number, root-type, nested schema and edge-distribution validation; inspected per-file semantic summary and representative records	1c05640dbf91022e14d52d7b38e524236d434585d1916c5e7a499d6a61fa8436	5a849265f4a38d6bd05aec81aa270b6c81d11b5d
tests/diff/asm/inputs/divmod.jsonl	fixtures_inputs	Full JSONL parse with duplicate-key, standard-number, root-type, nested schema and edge-distribution validation; inspected per-file semantic summary and representative records	3cb699815ddf1956fab4efa91b7492dce5fd6179ab158f00ccc4c39c9c2afee5	5a849265f4a38d6bd05aec81aa270b6c81d11b5d
tests/diff/asm/inputs/lzcnt64.jsonl	fixtures_inputs	Full JSONL parse with duplicate-key, standard-number, root-type, nested schema and edge-distribution validation; inspected per-file semantic summary and representative records	14401e4d44554fb0f7fda7fffd0395943e5793d036ed13fd3333eb94902c3b64	5a849265f4a38d6bd05aec81aa270b6c81d11b5d
tests/diff/asm/inputs/popcnt64.jsonl	fixtures_inputs	Full JSONL parse with duplicate-key, standard-number, root-type, nested schema and edge-distribution validation; inspected per-file semantic summary and representative records	f7617884ca3dc4fa8c2bf45ef5053395ec7c97f05ada4622ee97340f692ddbcb	5a849265f4a38d6bd05aec81aa270b6c81d11b5d
tests/diff/atomics/harness.zig	harness	full source read	bd98ad9a72a437b4602f89c15555e9d491b0e23c0101a316a4ec1b192b4049d2	5a849265f4a38d6bd05aec81aa270b6c81d11b5d
tests/diff/atomics/inputs/mpRelAcq.jsonl	fixtures_inputs	Full JSONL parse with duplicate-key, standard-number, root-type, nested schema and edge-distribution validation; inspected per-file semantic summary and representative records	744fae7228bc4e8d77340d8d4dad21e63b9db25e7447811e405501924e522a44	5a849265f4a38d6bd05aec81aa270b6c81d11b5d
tests/diff/atomics/inputs/mpRelaxed.jsonl	fixtures_inputs	Full JSONL parse with duplicate-key, standard-number, root-type, nested schema and edge-distribution validation; inspected per-file semantic summary and representative records	744fae7228bc4e8d77340d8d4dad21e63b9db25e7447811e405501924e522a44	5a849265f4a38d6bd05aec81aa270b6c81d11b5d
tests/diff/atomics/inputs/sbRelaxed.jsonl	fixtures_inputs	Full JSONL parse with duplicate-key, standard-number, root-type, nested schema and edge-distribution validation; inspected per-file semantic summary and representative records	744fae7228bc4e8d77340d8d4dad21e63b9db25e7447811e405501924e522a44	5a849265f4a38d6bd05aec81aa270b6c81d11b5d
tests/diff/atomics/inputs/stackPush.jsonl	fixtures_inputs	Full JSONL parse with duplicate-key, standard-number, root-type, nested schema and edge-distribution validation; inspected per-file semantic summary and representative records	744fae7228bc4e8d77340d8d4dad21e63b9db25e7447811e405501924e522a44	5a849265f4a38d6bd05aec81aa270b6c81d11b5d
tests/diff/atomics/inputs/twoPlusTwoW.jsonl	fixtures_inputs	Full JSONL parse with duplicate-key, standard-number, root-type, nested schema and edge-distribution validation; inspected per-file semantic summary and representative records	744fae7228bc4e8d77340d8d4dad21e63b9db25e7447811e405501924e522a44	5a849265f4a38d6bd05aec81aa270b6c81d11b5d
tests/diff/atomics/unspecified.txt	fixtures_inputs	Full byte read and text inspection	38344bfe7e3a10155a63393e2643a84c80208a4668ea821fb6620621dad8b30d	5a849265f4a38d6bd05aec81aa270b6c81d11b5d
tests/diff/basic/harness.zig	harness	full source read	8246b0658b52d57d30ed529dda353d043535295ac71b65622464870ef49a1e1a	5a849265f4a38d6bd05aec81aa270b6c81d11b5d
tests/diff/basic/inputs/absDiff.jsonl	fixtures_inputs	Full JSONL parse with duplicate-key, standard-number, root-type, nested schema and edge-distribution validation; inspected per-file semantic summary and representative records	f75e39cdb3e902d8ec6e947c26e480a9ee76f20f3550377d49bbe7086580d8f8	5a849265f4a38d6bd05aec81aa270b6c81d11b5d
tests/diff/basic/inputs/clampAdd.jsonl	fixtures_inputs	Full JSONL parse with duplicate-key, standard-number, root-type, nested schema and edge-distribution validation; inspected per-file semantic summary and representative records	2561661f2ccc3959cd32bb94c208d6d9730c437aff245d1ace1666d4fe845f06	5a849265f4a38d6bd05aec81aa270b6c81d11b5d
tests/diff/basic/inputs/classify.jsonl	fixtures_inputs	Full JSONL parse with duplicate-key, standard-number, root-type, nested schema and edge-distribution validation; inspected per-file semantic summary and representative records	7cbad3ead7235c9f41ca143428817c52be267ab6ceab1a09136fadfbf81076ea	5a849265f4a38d6bd05aec81aa270b6c81d11b5d
tests/diff/basic/inputs/scale.jsonl	fixtures_inputs	Full JSONL parse with duplicate-key, standard-number, root-type, nested schema and edge-distribution validation; inspected per-file semantic summary and representative records	438581e7970a0669c50b5ce49de1f66593f2d871a0bbad74922baa8f2111f996	5a849265f4a38d6bd05aec81aa270b6c81d11b5d
tests/diff/basic/inputs/sum.jsonl	fixtures_inputs	Full JSONL parse with duplicate-key, standard-number, root-type, nested schema and edge-distribution validation; inspected per-file semantic summary and representative records	b39d3a1d866591add8adf5699cea5a0e174c3313f6def79f5d5fdfc96f6712e4	5a849265f4a38d6bd05aec81aa270b6c81d11b5d
tests/diff/basic/inputs/tardiness.jsonl	fixtures_inputs	Full JSONL parse with duplicate-key, standard-number, root-type, nested schema and edge-distribution validation; inspected per-file semantic summary and representative records	9b8ea2475e27ee91ffdbd2491293c56a8eed58023edb53ece80ffcb55ada76a9	5a849265f4a38d6bd05aec81aa270b6c81d11b5d
tests/diff/basic/inputs/totalWeightedTardiness.jsonl	fixtures_inputs	Full JSONL parse with duplicate-key, standard-number, root-type, nested schema and edge-distribution validation; inspected per-file semantic summary and representative records	2ff2802f365df24b219339123d50005d68dd45d68248354a16a09b27b7d70e29	5a849265f4a38d6bd05aec81aa270b6c81d11b5d
tests/diff/basic/inputs/weightedTardiness.jsonl	fixtures_inputs	Full JSONL parse with duplicate-key, standard-number, root-type, nested schema and edge-distribution validation; inspected per-file semantic summary and representative records	562940a5845f18637ad36aaf34454d1ba62d10754b18e9dabb386b7765853f4f	5a849265f4a38d6bd05aec81aa270b6c81d11b5d
tests/diff/common.zig	harness	full source read	d1f111a9eb5bc5e383f147ca0c330e42c17e61fc7f5ac143c4ac27d459bbb90e	5a849265f4a38d6bd05aec81aa270b6c81d11b5d
tests/diff/compat.zig	harness	full source read	106a726539d8b4339e33da66747de1bda6eb054fd0254714976a8311a6efa122	5a849265f4a38d6bd05aec81aa270b6c81d11b5d
tests/diff/errors/harness.zig	harness	full source read	22e5e9e8d2489741cfa084199d0494629188595d489158bce869b9ce438a13f7	5a849265f4a38d6bd05aec81aa270b6c81d11b5d
tests/diff/errors/inputs/digitOrZero.jsonl	fixtures_inputs	Full JSONL parse with duplicate-key, standard-number, root-type, nested schema and edge-distribution validation; inspected per-file semantic summary and representative records	12131092f5f8f6b42647096c3b285db00b2980909d45954e54156f1a26b93a97	5a849265f4a38d6bd05aec81aa270b6c81d11b5d
tests/diff/errors/inputs/parseDigit.jsonl	fixtures_inputs	Full JSONL parse with duplicate-key, standard-number, root-type, nested schema and edge-distribution validation; inspected per-file semantic summary and representative records	8a22d33c0ce12ba478ce26a0b3bcc5e1b5d641ef61469a1116d1eadf9bedda9e	5a849265f4a38d6bd05aec81aa270b6c81d11b5d
tests/diff/errors/inputs/sumDigits.jsonl	fixtures_inputs	Full JSONL parse with duplicate-key, standard-number, root-type, nested schema and edge-distribution validation; inspected per-file semantic summary and representative records	c8372e36235067cadd2bbaf91f25dad70be8ad0464c4ccd2b9d57b14c02b36d6	5a849265f4a38d6bd05aec81aa270b6c81d11b5d
tests/diff/floatconv/harness.zig	harness	full source read	a534e63b216c2bec3565dab4f5e9451748eac179ead6a02f5ca512b356adeb22	5a849265f4a38d6bd05aec81aa270b6c81d11b5d
tests/diff/floatconv/host.txt	fixtures_inputs	Full byte read and text inspection	ef6598826f7cd3e0ba172c7aa971dc77b558dec55f06e1c5e8b5d98153eb3db7	5a849265f4a38d6bd05aec81aa270b6c81d11b5d
tests/diff/floatconv/inputs/bits32.jsonl	fixtures_inputs	Full JSONL parse with duplicate-key, standard-number, root-type, nested schema and edge-distribution validation; inspected per-file semantic summary and representative records	235fc31e8ead3015839eea76ada932fa29871e24ce8058d30024ce7dd59377cb	5a849265f4a38d6bd05aec81aa270b6c81d11b5d
tests/diff/floatconv/inputs/f16ToF128.jsonl	fixtures_inputs	Full JSONL parse with duplicate-key, standard-number, root-type, nested schema and edge-distribution validation; inspected per-file semantic summary and representative records	673dfc25998109416a3429dbd090c91cbed352833ffdfcf8559aaa444a8aafea	5a849265f4a38d6bd05aec81aa270b6c81d11b5d
tests/diff/floatconv/inputs/f64ToF16.jsonl	fixtures_inputs	Full JSONL parse with duplicate-key, standard-number, root-type, nested schema and edge-distribution validation; inspected per-file semantic summary and representative records	7faec1599776fcb63f9d3001f607ca4a4c608d61d0a88363b3c47155f2e836e6	5a849265f4a38d6bd05aec81aa270b6c81d11b5d
tests/diff/floatconv/inputs/f80ToF64.jsonl	fixtures_inputs	Full JSONL parse with duplicate-key, standard-number, root-type, nested schema and edge-distribution validation; inspected per-file semantic summary and representative records	f7e8d790604ba8c3d1fb6a5a3f738dc33b9bf7ef0d5b880033b77ea63b9bf6d3	5a849265f4a38d6bd05aec81aa270b6c81d11b5d
tests/diff/floatconv/inputs/fromI64.jsonl	fixtures_inputs	Full JSONL parse with duplicate-key, standard-number, root-type, nested schema and edge-distribution validation; inspected per-file semantic summary and representative records	26a3a2d4232a7e0f66a05faa5fbd6c0705ad4ddd42c1fc5164ad2574e7d40751	5a849265f4a38d6bd05aec81aa270b6c81d11b5d
tests/diff/floatconv/inputs/fromU128.jsonl	fixtures_inputs	Full JSONL parse with duplicate-key, standard-number, root-type, nested schema and edge-distribution validation; inspected per-file semantic summary and representative records	426de105a686ffc1f683df4ddb3fe4d66b3601890a33d0887227f267a76af9e3	5a849265f4a38d6bd05aec81aa270b6c81d11b5d
tests/diff/floatconv/inputs/ofBits64.jsonl	fixtures_inputs	Full JSONL parse with duplicate-key, standard-number, root-type, nested schema and edge-distribution validation; inspected per-file semantic summary and representative records	2970375ee3cd742fb82d600f434d25d9733131f6251c5cb26f647adf2fa3523f	5a849265f4a38d6bd05aec81aa270b6c81d11b5d
tests/diff/floatconv/inputs/toByte.jsonl	fixtures_inputs	Full JSONL parse with duplicate-key, standard-number, root-type, nested schema and edge-distribution validation; inspected per-file semantic summary and representative records	8c47a10e61193285fce285ec16d65658f926f3b4781b13cb6873071c3fe63a3b	5a849265f4a38d6bd05aec81aa270b6c81d11b5d
tests/diff/floatconv/inputs/toI32.jsonl	fixtures_inputs	Full JSONL parse with duplicate-key, standard-number, root-type, nested schema and edge-distribution validation; inspected per-file semantic summary and representative records	ab7bdb47e4a42294d3e73b538a9ccb57054d7dac70d7ad81b50e1c231ec59471	5a849265f4a38d6bd05aec81aa270b6c81d11b5d
tests/diff/floatconv/inputs/toU64.jsonl	fixtures_inputs	Full JSONL parse with duplicate-key, standard-number, root-type, nested schema and edge-distribution validation; inspected per-file semantic summary and representative records	d651a99980ad3cea7f754d9241a9774c1bd33686e6e701f77c5dac3d4d35030e	5a849265f4a38d6bd05aec81aa270b6c81d11b5d
tests/diff/floatconv/unspecified.txt	fixtures_inputs	Full byte read and text inspection	8a7e4180088922c0a6578fbd5849ab0c2977b6531875f7d2fee1441eea1a6781	5a849265f4a38d6bd05aec81aa270b6c81d11b5d
tests/diff/floatops/harness.zig	harness	full source read	26264f4790afb87422f0f2d9079012e7b4084a6c2fc9378acf7ac2bce8932563	5a849265f4a38d6bd05aec81aa270b6c81d11b5d
tests/diff/floatops/host.txt	fixtures_inputs	Full byte read and text inspection	b3d5e231bccda3b881dec71d752decf474b675458ee4f3131c361909cd25b828	5a849265f4a38d6bd05aec81aa270b6c81d11b5d
tests/diff/floatops/inputs/cmp64.jsonl	fixtures_inputs	Full JSONL parse with duplicate-key, standard-number, root-type, nested schema and edge-distribution validation; inspected per-file semantic summary and representative records	57aa7b146e862be37e244ba3d04298b18d631d563830d3e284745fb3f4b01afd	5a849265f4a38d6bd05aec81aa270b6c81d11b5d
tests/diff/floatops/inputs/divExact64.jsonl	fixtures_inputs	Full JSONL parse with duplicate-key, standard-number, root-type, nested schema and edge-distribution validation; inspected per-file semantic summary and representative records	fff33fb1a95745f81f3ca201d57eca13cd8a6dc95240e311487e8cb149785494	5a849265f4a38d6bd05aec81aa270b6c81d11b5d
tests/diff/floatops/inputs/op128.jsonl	fixtures_inputs	Full JSONL parse with duplicate-key, standard-number, root-type, nested schema and edge-distribution validation; inspected per-file semantic summary and representative records	8daf64e2ddedaf49cb453de45d74647ff374fc307abee67c0098e4c7f02d0bf0	5a849265f4a38d6bd05aec81aa270b6c81d11b5d
tests/diff/floatops/inputs/op16.jsonl	fixtures_inputs	Full JSONL parse with duplicate-key, standard-number, root-type, nested schema and edge-distribution validation; inspected per-file semantic summary and representative records	16d91ae251a9a5bce98d9edc7f627eb37cc187a269bba21af2e2c0c6b49cf1e6	5a849265f4a38d6bd05aec81aa270b6c81d11b5d
tests/diff/floatops/inputs/op32.jsonl	fixtures_inputs	Full JSONL parse with duplicate-key, standard-number, root-type, nested schema and edge-distribution validation; inspected per-file semantic summary and representative records	f452a14d96ef364242842485e318bc5c21276328fc4e64a239aad33647a8330a	5a849265f4a38d6bd05aec81aa270b6c81d11b5d
tests/diff/floatops/inputs/op64.jsonl	fixtures_inputs	Full JSONL parse with duplicate-key, standard-number, root-type, nested schema and edge-distribution validation; inspected per-file semantic summary and representative records	88cbee65e546a8eb6ab23bc7651b85310138eb143df353dbea22706dd497331c	5a849265f4a38d6bd05aec81aa270b6c81d11b5d
tests/diff/floatops/inputs/op80.jsonl	fixtures_inputs	Full JSONL parse with duplicate-key, standard-number, root-type, nested schema and edge-distribution validation; inspected per-file semantic summary and representative records	3e582ac6de8b71bca5fede691b0b962f3a7bb163a278e289e3bbfaa2016b863d	5a849265f4a38d6bd05aec81aa270b6c81d11b5d
tests/diff/floatops/unspecified.txt	fixtures_inputs	Full byte read and text inspection	1d1b76efb5221eb9733df32a9820c703d44bd99e782df824fbf8db2e1ad764cf	5a849265f4a38d6bd05aec81aa270b6c81d11b5d
tests/diff/floats/harness.zig	harness	full source read	ba4d8aeefa215f7f21269b520ce7e9067a0c56e222812bd242634c2d2b128d59	5a849265f4a38d6bd05aec81aa270b6c81d11b5d
tests/diff/floats/inputs/celsius.jsonl	fixtures_inputs	Full JSONL parse with duplicate-key, standard-number, root-type, nested schema and edge-distribution validation; inspected per-file semantic summary and representative records	549c2f8be5c8334c3a0936a97720cd7affdb1fee522d9725f7a707538ea2403d	5a849265f4a38d6bd05aec81aa270b6c81d11b5d
tests/diff/floats/inputs/clamp.jsonl	fixtures_inputs	Full JSONL parse with duplicate-key, standard-number, root-type, nested schema and edge-distribution validation; inspected per-file semantic summary and representative records	e35167fa23b23badea24a9a0ace08a72bf9445db041c9239d623f52ccf9d9c33	5a849265f4a38d6bd05aec81aa270b6c81d11b5d
tests/diff/floats/inputs/dot.jsonl	fixtures_inputs	Full JSONL parse with duplicate-key, standard-number, root-type, nested schema and edge-distribution validation; inspected per-file semantic summary and representative records	4dbd256c9014c7b89f810d774668a69e774f66532855e5a47fb4c8988fb25309	5a849265f4a38d6bd05aec81aa270b6c81d11b5d
tests/diff/floats/inputs/hypot2.jsonl	fixtures_inputs	Full JSONL parse with duplicate-key, standard-number, root-type, nested schema and edge-distribution validation; inspected per-file semantic summary and representative records	e934c65886f18354984725add206eeb75d239bdd39622c003dfec2a1b2315dc2	5a849265f4a38d6bd05aec81aa270b6c81d11b5d
tests/diff/floats/inputs/isNan.jsonl	fixtures_inputs	Full JSONL parse with duplicate-key, standard-number, root-type, nested schema and edge-distribution validation; inspected per-file semantic summary and representative records	5939b5858a4b96edbb970232491e23fb792fada1905d0035e40ecc2dd2e84063	5a849265f4a38d6bd05aec81aa270b6c81d11b5d
tests/diff/floats/inputs/lerp.jsonl	fixtures_inputs	Full JSONL parse with duplicate-key, standard-number, root-type, nested schema and edge-distribution validation; inspected per-file semantic summary and representative records	10564abc609aae3292974a4543d365f42b76770d07d569418501a020940c16d8	5a849265f4a38d6bd05aec81aa270b6c81d11b5d
tests/diff/gen_inputs.zig	harness	full source read	d8273e016efa96acc403f09f69b4eaf32d86b93d444c17aac046131400ad0e34	5a849265f4a38d6bd05aec81aa270b6c81d11b5d
tests/diff/iogroup/harness.zig	harness	full source read	04f7a39ba895e87ec31a961e40650d5a920770f8cfd383d2c12c02da312f5377	5a849265f4a38d6bd05aec81aa270b6c81d11b5d
tests/diff/iogroup/inputs/groupConcurrent.jsonl	fixtures_inputs	Full JSONL parse with duplicate-key, standard-number, root-type, nested schema and edge-distribution validation; inspected per-file semantic summary and representative records	744fae7228bc4e8d77340d8d4dad21e63b9db25e7447811e405501924e522a44	5a849265f4a38d6bd05aec81aa270b6c81d11b5d
tests/diff/iogroup/inputs/groupCounter.jsonl	fixtures_inputs	Full JSONL parse with duplicate-key, standard-number, root-type, nested schema and edge-distribution validation; inspected per-file semantic summary and representative records	744fae7228bc4e8d77340d8d4dad21e63b9db25e7447811e405501924e522a44	5a849265f4a38d6bd05aec81aa270b6c81d11b5d
tests/diff/lake-manifest.json	harness	full source read	011b335b7ddd5e7c3ef27fac1155c8136a2f93ea05dfd8580329516088212f40	5a849265f4a38d6bd05aec81aa270b6c81d11b5d
tests/diff/lakefile.toml	harness	full source read	f8157b8213122bc1372ed19235e620e1ea9ce932dbaf04daf8321728130a2fe4	5a849265f4a38d6bd05aec81aa270b6c81d11b5d
tests/diff/layout/harness.zig	harness	full source read	a5d4dc71d20d8f5a931b7f60a681494b0e229c7cf53c7291dac29e3112bf829a	5a849265f4a38d6bd05aec81aa270b6c81d11b5d
tests/diff/layout/inputs/addrEq.jsonl	fixtures_inputs	Full JSONL parse with duplicate-key, standard-number, root-type, nested schema and edge-distribution validation; inspected per-file semantic summary and representative records	7449c046d34cabc9dfc2dd1f0458e676840a58565820b7f263a3114e3638a36e	5a849265f4a38d6bd05aec81aa270b6c81d11b5d
tests/diff/layout/inputs/align4.jsonl	fixtures_inputs	Full JSONL parse with duplicate-key, standard-number, root-type, nested schema and edge-distribution validation; inspected per-file semantic summary and representative records	1747250462af1b101d2a9ccce991d7ca371fd134bcb2c691ae4df95faea250e2	5a849265f4a38d6bd05aec81aa270b6c81d11b5d
tests/diff/layout/inputs/applyOp.jsonl	fixtures_inputs	Full JSONL parse with duplicate-key, standard-number, root-type, nested schema and edge-distribution validation; inspected per-file semantic summary and representative records	ddfd7e65a17ea3636d555d557e93b8490266874d18dcdb95b0efedda90f3c60f	5a849265f4a38d6bd05aec81aa270b6c81d11b5d
tests/diff/layout/inputs/asConst.jsonl	fixtures_inputs	Full JSONL parse with duplicate-key, standard-number, root-type, nested schema and edge-distribution validation; inspected per-file semantic summary and representative records	1cac34c4052bda6cf4e27dce261b26453bd3d61ab7bc5f24e8784778e8881ec9	5a849265f4a38d6bd05aec81aa270b6c81d11b5d
tests/diff/layout/inputs/asVolatile.jsonl	fixtures_inputs	Full JSONL parse with duplicate-key, standard-number, root-type, nested schema and edge-distribution validation; inspected per-file semantic summary and representative records	381a0bdbff45cd3ad82e739c7d3c724eafc040873af1ef03640de0d1a924e315	5a849265f4a38d6bd05aec81aa270b6c81d11b5d
tests/diff/layout/inputs/bitsToFloat.jsonl	fixtures_inputs	Full JSONL parse with duplicate-key, standard-number, root-type, nested schema and edge-distribution validation; inspected per-file semantic summary and representative records	add7a9e36acacedadb2072677b040810a70e99de5bc381fd310d06a6e5c4b47e	5a849265f4a38d6bd05aec81aa270b6c81d11b5d
tests/diff/layout/inputs/bumpDigit.jsonl	fixtures_inputs	Full JSONL parse with duplicate-key, standard-number, root-type, nested schema and edge-distribution validation; inspected per-file semantic summary and representative records	e6068b2713168ff873b4039fa2fd5b87efb13896925cd236f1085651504b54b8	5a849265f4a38d6bd05aec81aa270b6c81d11b5d
tests/diff/layout/inputs/bumpPair.jsonl	fixtures_inputs	Full JSONL parse with duplicate-key, standard-number, root-type, nested schema and edge-distribution validation; inspected per-file semantic summary and representative records	30b73ff6681f618a3bc9abca63defdbcdfd29a4230b5345e2119de51781e1af0	5a849265f4a38d6bd05aec81aa270b6c81d11b5d
tests/diff/layout/inputs/byteToFlags.jsonl	fixtures_inputs	Full JSONL parse with duplicate-key, standard-number, root-type, nested schema and edge-distribution validation; inspected per-file semantic summary and representative records	d6f5edf2514855f8b3587ab24071af9439c0a6c7725f7cd1b7f007728f6f2529	5a849265f4a38d6bd05aec81aa270b6c81d11b5d
tests/diff/layout/inputs/ctlMode.jsonl	fixtures_inputs	Full JSONL parse with duplicate-key, standard-number, root-type, nested schema and edge-distribution validation; inspected per-file semantic summary and representative records	9941a311640cd13b94201adcbc6863947f565df64c5e926995e1ba643b9a2e71	5a849265f4a38d6bd05aec81aa270b6c81d11b5d
tests/diff/layout/inputs/ctlSum.jsonl	fixtures_inputs	Full JSONL parse with duplicate-key, standard-number, root-type, nested schema and edge-distribution validation; inspected per-file semantic summary and representative records	d6f5edf2514855f8b3587ab24071af9439c0a6c7725f7cd1b7f007728f6f2529	5a849265f4a38d6bd05aec81aa270b6c81d11b5d
tests/diff/layout/inputs/dropConst.jsonl	fixtures_inputs	Full JSONL parse with duplicate-key, standard-number, root-type, nested schema and edge-distribution validation; inspected per-file semantic summary and representative records	da2597344aa324fb7648aca17abf115678a0165d11f616b83e1eb45600b30cc0	5a849265f4a38d6bd05aec81aa270b6c81d11b5d
tests/diff/layout/inputs/flagsToByte.jsonl	fixtures_inputs	Full JSONL parse with duplicate-key, standard-number, root-type, nested schema and edge-distribution validation; inspected per-file semantic summary and representative records	d6f5edf2514855f8b3587ab24071af9439c0a6c7725f7cd1b7f007728f6f2529	5a849265f4a38d6bd05aec81aa270b6c81d11b5d
tests/diff/layout/inputs/floatBits.jsonl	fixtures_inputs	Full JSONL parse with duplicate-key, standard-number, root-type, nested schema and edge-distribution validation; inspected per-file semantic summary and representative records	dff72e0a24f1e0d3077e1af100f94c8bb6470b1d3f9e1e6564d43b83798b1bc8	5a849265f4a38d6bd05aec81aa270b6c81d11b5d
tests/diff/layout/inputs/growCircle.jsonl	fixtures_inputs	Full JSONL parse with duplicate-key, standard-number, root-type, nested schema and edge-distribution validation; inspected per-file semantic summary and representative records	a89b1f755261eafe24c34ae2b773eb15b8388ff61eff1852dbcf8d7b5ae6523b	5a849265f4a38d6bd05aec81aa270b6c81d11b5d
tests/diff/layout/inputs/headerLen.jsonl	fixtures_inputs	Full JSONL parse with duplicate-key, standard-number, root-type, nested schema and edge-distribution validation; inspected per-file semantic summary and representative records	ee31984c8e2ae16691a9a92190a6407274653098f07648bf5e345b48d27f13e5	5a849265f4a38d6bd05aec81aa270b6c81d11b5d
tests/diff/layout/inputs/incCount.jsonl	fixtures_inputs	Full JSONL parse with duplicate-key, standard-number, root-type, nested schema and edge-distribution validation; inspected per-file semantic summary and representative records	346374a9aa9ecea9913e0b5d898f1476d7435cc02c1c247bb305d1d35a8ce549	5a849265f4a38d6bd05aec81aa270b6c81d11b5d
tests/diff/layout/inputs/isOk.jsonl	fixtures_inputs	Full JSONL parse with duplicate-key, standard-number, root-type, nested schema and edge-distribution validation; inspected per-file semantic summary and representative records	55768a28f393e3cba7772ab0af8cb4c81582c500a9f6bf214d0ea9e6090005c0	5a849265f4a38d6bd05aec81aa270b6c81d11b5d
tests/diff/layout/inputs/laneSet.jsonl	fixtures_inputs	Full JSONL parse with duplicate-key, standard-number, root-type, nested schema and edge-distribution validation; inspected per-file semantic summary and representative records	ee95283d61162c8d9e94342c3d9c5a3783eba3660d16260eac20d41cf979a229	5a849265f4a38d6bd05aec81aa270b6c81d11b5d
tests/diff/layout/inputs/maskCount.jsonl	fixtures_inputs	Full JSONL parse with duplicate-key, standard-number, root-type, nested schema and edge-distribution validation; inspected per-file semantic summary and representative records	ac467a8392a3088bfa1cde167bcff5de65cdf7895ad8c0c6423093baaa3792af	5a849265f4a38d6bd05aec81aa270b6c81d11b5d
tests/diff/layout/inputs/maskStore.jsonl	fixtures_inputs	Full JSONL parse with duplicate-key, standard-number, root-type, nested schema and edge-distribution validation; inspected per-file semantic summary and representative records	c7910ac0345e7b97b1a2cf89852482d2c3ce2693e1faf7f367c9cf7fdd68ba6f	5a849265f4a38d6bd05aec81aa270b6c81d11b5d
tests/diff/layout/inputs/nibArg.jsonl	fixtures_inputs	Full JSONL parse with duplicate-key, standard-number, root-type, nested schema and edge-distribution validation; inspected per-file semantic summary and representative records	e6068b2713168ff873b4039fa2fd5b87efb13896925cd236f1085651504b54b8	5a849265f4a38d6bd05aec81aa270b6c81d11b5d
tests/diff/layout/inputs/numInt.jsonl	fixtures_inputs	Full JSONL parse with duplicate-key, standard-number, root-type, nested schema and edge-distribution validation; inspected per-file semantic summary and representative records	181816bb5b3d0dea383145dff8df93d0631bec2f7567b394f4090020a00b9e5f	5a849265f4a38d6bd05aec81aa270b6c81d11b5d
tests/diff/layout/inputs/numRoundTrip.jsonl	fixtures_inputs	Full JSONL parse with duplicate-key, standard-number, root-type, nested schema and edge-distribution validation; inspected per-file semantic summary and representative records	473e79d7de0669f5604754dcd9ea5aa3185e82b336c6fdc9413e2a9acc855597	5a849265f4a38d6bd05aec81aa270b6c81d11b5d
tests/diff/layout/inputs/parentOfX.jsonl	fixtures_inputs	Full JSONL parse with duplicate-key, standard-number, root-type, nested schema and edge-distribution validation; inspected per-file semantic summary and representative records	86c9670c55a294546b062f314a03df81770bec503e5e44807dbe45f16a1eddee	5a849265f4a38d6bd05aec81aa270b6c81d11b5d
tests/diff/layout/inputs/parentOfY.jsonl	fixtures_inputs	Full JSONL parse with duplicate-key, standard-number, root-type, nested schema and edge-distribution validation; inspected per-file semantic summary and representative records	c3c0a3fd9c1a560ad21625e16ee7ce6b0bf7446a660f9d0138762c021504b7e8	5a849265f4a38d6bd05aec81aa270b6c81d11b5d
tests/diff/layout/inputs/ptrFromAddr.jsonl	fixtures_inputs	Full JSONL parse with duplicate-key, standard-number, root-type, nested schema and edge-distribution validation; inspected per-file semantic summary and representative records	755ce05b797a7b1a8719939deb18d7c559980611ea648472511064c00afc3bf8	5a849265f4a38d6bd05aec81aa270b6c81d11b5d
tests/diff/layout/inputs/ptrRoundTrip.jsonl	fixtures_inputs	Full JSONL parse with duplicate-key, standard-number, root-type, nested schema and edge-distribution validation; inspected per-file semantic summary and representative records	3d4022a212ada8d81184fd4ea57d9d12d0ebaa732bc41298bda44e69860c9db8	5a849265f4a38d6bd05aec81aa270b6c81d11b5d
tests/diff/layout/inputs/readHeader.jsonl	fixtures_inputs	Full JSONL parse with duplicate-key, standard-number, root-type, nested schema and edge-distribution validation; inspected per-file semantic summary and representative records	828f239a2b34feeca561033892ab10a875aae5186e73c083b4f8a09abbe0df2a	5a849265f4a38d6bd05aec81aa270b6c81d11b5d
tests/diff/layout/inputs/regSigned.jsonl	fixtures_inputs	Full JSONL parse with duplicate-key, standard-number, root-type, nested schema and edge-distribution validation; inspected per-file semantic summary and representative records	d6f5edf2514855f8b3587ab24071af9439c0a6c7725f7cd1b7f007728f6f2529	5a849265f4a38d6bd05aec81aa270b6c81d11b5d
tests/diff/layout/inputs/setCircle.jsonl	fixtures_inputs	Full JSONL parse with duplicate-key, standard-number, root-type, nested schema and edge-distribution validation; inspected per-file semantic summary and representative records	790e5183874412535748375e309bc5a8a41a673d7b45f54426e8bac2835b43a5	5a849265f4a38d6bd05aec81aa270b6c81d11b5d
tests/diff/layout/inputs/setHalf.jsonl	fixtures_inputs	Full JSONL parse with duplicate-key, standard-number, root-type, nested schema and edge-distribution validation; inspected per-file semantic summary and representative records	5e29e716b3148c7ec4e89953d41d07264f5ad57792fc5af6ac9af86db28b9b88	5a849265f4a38d6bd05aec81aa270b6c81d11b5d
tests/diff/layout/inputs/setMode.jsonl	fixtures_inputs	Full JSONL parse with duplicate-key, standard-number, root-type, nested schema and edge-distribution validation; inspected per-file semantic summary and representative records	e290346598e4d89799526d1e284afee1f3d7beb4361fbedcf90163fa0e4516c0	5a849265f4a38d6bd05aec81aa270b6c81d11b5d
tests/diff/layout/inputs/setNib.jsonl	fixtures_inputs	Full JSONL parse with duplicate-key, standard-number, root-type, nested schema and edge-distribution validation; inspected per-file semantic summary and representative records	c21958a77cd740f00cb4588dad93ef83f37b0ff647103a1dcb8653eb9a5881ae	5a849265f4a38d6bd05aec81aa270b6c81d11b5d
tests/diff/layout/inputs/setNum.jsonl	fixtures_inputs	Full JSONL parse with duplicate-key, standard-number, root-type, nested schema and edge-distribution validation; inspected per-file semantic summary and representative records	1c84d3f2f48e82817abf44833e5cc9ae0339dcea65796eb546d675599582bad0	5a849265f4a38d6bd05aec81aa270b6c81d11b5d
tests/diff/layout/inputs/setRegFlags.jsonl	fixtures_inputs	Full JSONL parse with duplicate-key, standard-number, root-type, nested schema and edge-distribution validation; inspected per-file semantic summary and representative records	ac03cda4b1e4d392df02f17f187e898321926b70e85d274a272e33ba7f39d270	5a849265f4a38d6bd05aec81aa270b6c81d11b5d
tests/diff/layout/inputs/shapeArea.jsonl	fixtures_inputs	Full JSONL parse with duplicate-key, standard-number, root-type, nested schema and edge-distribution validation; inspected per-file semantic summary and representative records	707891ae8f85c51d2fc8bf7c30ef5e942634019f483c0f58816cfb33e3ca0717	5a849265f4a38d6bd05aec81aa270b6c81d11b5d
tests/diff/layout/inputs/twice.jsonl	fixtures_inputs	Full JSONL parse with duplicate-key, standard-number, root-type, nested schema and edge-distribution validation; inspected per-file semantic summary and representative records	8e699ba9e01437ba45ad407c7187cf3f1d048d535bbce05881a432829d0b9570	5a849265f4a38d6bd05aec81aa270b6c81d11b5d
tests/diff/layout/inputs/wordArg.jsonl	fixtures_inputs	Full JSONL parse with duplicate-key, standard-number, root-type, nested schema and edge-distribution validation; inspected per-file semantic summary and representative records	33f9283a5db8d5dfd91b60202f436d87219126815a114831011dbd28d75e3a8f	5a849265f4a38d6bd05aec81aa270b6c81d11b5d
tests/diff/layout/inputs/wordByte.jsonl	fixtures_inputs	Full JSONL parse with duplicate-key, standard-number, root-type, nested schema and edge-distribution validation; inspected per-file semantic summary and representative records	de641416f5dd815c978c1834e84d6bef90c2d8d63f9fbc377b21a0aa506b23f6	5a849265f4a38d6bd05aec81aa270b6c81d11b5d
tests/diff/layout/inputs/wordHalf.jsonl	fixtures_inputs	Full JSONL parse with duplicate-key, standard-number, root-type, nested schema and edge-distribution validation; inspected per-file semantic summary and representative records	86e9cad0b39b5b43e82ad770461b4f35004c674533f44b827b52fc7ae3ebf8a1	5a849265f4a38d6bd05aec81aa270b6c81d11b5d
tests/diff/layout/inputs/writeTable.jsonl	fixtures_inputs	Full JSONL parse with duplicate-key, standard-number, root-type, nested schema and edge-distribution validation; inspected per-file semantic summary and representative records	eeebe16636b54fbd000e13ea15a289d85f0b244a8550d969219cfdb0dcd063fb	5a849265f4a38d6bd05aec81aa270b6c81d11b5d
tests/diff/layout/unspecified.txt	fixtures_inputs	Full byte read and text inspection	0fbfff9f32d547e0b961f055fa9dcb399d5818b89bc0512489b7a53c1caed755	5a849265f4a38d6bd05aec81aa270b6c81d11b5d
tests/diff/lean-toolchain	harness	full source read	8733782dc070a99b312039cda424f601b80f3be6f6f512627da5ba25adc27632	5a849265f4a38d6bd05aec81aa270b6c81d11b5d
tests/diff/libm/libm.zig	harness	full source read	5e6bbe2fa6b3eeb42bf8aa9231faa25b4073c603991340f94dfb21ac4184aa50	5a849265f4a38d6bd05aec81aa270b6c81d11b5d
tests/diff/libm/selfcheck.zig	harness	full source read	be039004f4fcdedef5735eca17bda8d81ec9db936d43ff0da7b61a290714cd07	5a849265f4a38d6bd05aec81aa270b6c81d11b5d
tests/diff/lists/harness.zig	harness	full source read	2ec86dfbd3d0160cb4cf9441af683327fc401350441c80eaaa36328d90050cde	5a849265f4a38d6bd05aec81aa270b6c81d11b5d
tests/diff/lists/inputs/dupe.jsonl	fixtures_inputs	Full JSONL parse with duplicate-key, standard-number, root-type, nested schema and edge-distribution validation; inspected per-file semantic summary and representative records	09b247e41aded285d0faaec01d337ea5b8fabf93fc981cfed4ee96c631817cd4	5a849265f4a38d6bd05aec81aa270b6c81d11b5d
tests/diff/lists/inputs/dupeZLen.jsonl	fixtures_inputs	Full JSONL parse with duplicate-key, standard-number, root-type, nested schema and edge-distribution validation; inspected per-file semantic summary and representative records	4829205a621e78ea45165fcec960363da766e3561de3ae09133ce5b97da143b9	5a849265f4a38d6bd05aec81aa270b6c81d11b5d
tests/diff/lists/inputs/evens.jsonl	fixtures_inputs	Full JSONL parse with duplicate-key, standard-number, root-type, nested schema and edge-distribution validation; inspected per-file semantic summary and representative records	5722d8e8fc05b63c658dff5cc464a87584f6f6068797c4afcf7b49eed52a9461	5a849265f4a38d6bd05aec81aa270b6c81d11b5d
tests/diff/lists/inputs/listSum.jsonl	fixtures_inputs	Full JSONL parse with duplicate-key, standard-number, root-type, nested schema and edge-distribution validation; inspected per-file semantic summary and representative records	9466fb9aa1fadc56eac236552d86f730fe363c9041dc7f992589e6f07339e3af	5a849265f4a38d6bd05aec81aa270b6c81d11b5d
tests/diff/lists/inputs/sumRange.jsonl	fixtures_inputs	Full JSONL parse with duplicate-key, standard-number, root-type, nested schema and edge-distribution validation; inspected per-file semantic summary and representative records	2dad0a5fd596d436cdff0e4b8a5fd9f401757960be0ca342be5928f22d5d3c53	5a849265f4a38d6bd05aec81aa270b6c81d11b5d
tests/diff/options/harness.zig	harness	full source read	64b516abe0c822d5f313714a7c5c84e65b640351e62872e708e9b75a5c9dc742	5a849265f4a38d6bd05aec81aa270b6c81d11b5d
tests/diff/options/inputs/find.jsonl	fixtures_inputs	Full JSONL parse with duplicate-key, standard-number, root-type, nested schema and edge-distribution validation; inspected per-file semantic summary and representative records	e30b1c8ccdecd2cdfa34b807170252b3bdb5cad22f9ed4dfce1572377a332f60	5a849265f4a38d6bd05aec81aa270b6c81d11b5d
tests/diff/options/inputs/findOr.jsonl	fixtures_inputs	Full JSONL parse with duplicate-key, standard-number, root-type, nested schema and edge-distribution validation; inspected per-file semantic summary and representative records	682cd75253b2626ffad39f505ae308a9b4641b365a15ced01e183a34bad24ecb	5a849265f4a38d6bd05aec81aa270b6c81d11b5d
tests/diff/options/inputs/firstIndexPlusOne.jsonl	fixtures_inputs	Full JSONL parse with duplicate-key, standard-number, root-type, nested schema and edge-distribution validation; inspected per-file semantic summary and representative records	5d43355cf68074197018d767093b0c4be039f36c239950d4d50f0ebe2692a0e0	5a849265f4a38d6bd05aec81aa270b6c81d11b5d
tests/diff/pointers/harness.zig	harness	full source read	2b7ce6ce57177203d9bd4f48492a7f2489219285dff159e9fa893da5a41f4439	5a849265f4a38d6bd05aec81aa270b6c81d11b5d
tests/diff/pointers/inputs/addDown.jsonl	fixtures_inputs	Full JSONL parse with duplicate-key, standard-number, root-type, nested schema and edge-distribution validation; inspected per-file semantic summary and representative records	f151b380a064e6880abca6a3143d6898129898b85cc5461c36624c75c57347fd	5a849265f4a38d6bd05aec81aa270b6c81d11b5d
tests/diff/pointers/inputs/bumpOpt.jsonl	fixtures_inputs	Full JSONL parse with duplicate-key, standard-number, root-type, nested schema and edge-distribution validation; inspected per-file semantic summary and representative records	199324657405a20ef2f6a7ca9c9e87234d40374c75b06b41a4b889c5662a3407	5a849265f4a38d6bd05aec81aa270b6c81d11b5d
tests/diff/pointers/inputs/copyJob.jsonl	fixtures_inputs	Full JSONL parse with duplicate-key, standard-number, root-type, nested schema and edge-distribution validation; inspected per-file semantic summary and representative records	2ddf237069483bc3cf3c0517ab57fc7637dc9277e60a25253a627cf2f20d247b	5a849265f4a38d6bd05aec81aa270b6c81d11b5d
tests/diff/pointers/inputs/delay.jsonl	fixtures_inputs	Full JSONL parse with duplicate-key, standard-number, root-type, nested schema and edge-distribution validation; inspected per-file semantic summary and representative records	fee54ccb3e9580f4c79a42a24bf3bc7efcb78c2e1c9998946573ff3d784712c3	5a849265f4a38d6bd05aec81aa270b6c81d11b5d
tests/diff/pointers/inputs/dueOf.jsonl	fixtures_inputs	Full JSONL parse with duplicate-key, standard-number, root-type, nested schema and edge-distribution validation; inspected per-file semantic summary and representative records	6c42f1511be9cd0476ed760b03cae931bef00ac3bfbd865c68c124039c1de003	5a849265f4a38d6bd05aec81aa270b6c81d11b5d
tests/diff/pointers/inputs/maxPtr.jsonl	fixtures_inputs	Full JSONL parse with duplicate-key, standard-number, root-type, nested schema and edge-distribution validation; inspected per-file semantic summary and representative records	db80120548aa427f6d8c21d932a8dd4ab2736a9a02caeaf98ed59087f6fdc2e9	5a849265f4a38d6bd05aec81aa270b6c81d11b5d
tests/diff/pointers/inputs/same.jsonl	fixtures_inputs	Full JSONL parse with duplicate-key, standard-number, root-type, nested schema and edge-distribution validation; inspected per-file semantic summary and representative records	cb3c9e687f14ddf822a7bb05afbc4f1deba2a3ed5da932fbf8342a3508a921c1	5a849265f4a38d6bd05aec81aa270b6c81d11b5d
tests/diff/pointers/inputs/setOpt.jsonl	fixtures_inputs	Full JSONL parse with duplicate-key, standard-number, root-type, nested schema and edge-distribution validation; inspected per-file semantic summary and representative records	63de1c8a7ed04524de721c754807fac621e8eb861a6712c7b304113f93342e19	5a849265f4a38d6bd05aec81aa270b6c81d11b5d
tests/diff/pointers/inputs/setOptJob.jsonl	fixtures_inputs	Full JSONL parse with duplicate-key, standard-number, root-type, nested schema and edge-distribution validation; inspected per-file semantic summary and representative records	876e115fcda8660b2f9ca210642b9915f4b68b40b41d277bd481e9494b288869	5a849265f4a38d6bd05aec81aa270b6c81d11b5d
tests/diff/pointers/inputs/sumTo.jsonl	fixtures_inputs	Full JSONL parse with duplicate-key, standard-number, root-type, nested schema and edge-distribution validation; inspected per-file semantic summary and representative records	36c08278f9e99fa7089ad56640e638ac40d69f5035871cd552139e9f9f749f4c	5a849265f4a38d6bd05aec81aa270b6c81d11b5d
tests/diff/pointers/inputs/swap.jsonl	fixtures_inputs	Full JSONL parse with duplicate-key, standard-number, root-type, nested schema and edge-distribution validation; inspected per-file semantic summary and representative records	54ad2d8b7c2e58c6b4c4955397fc6a1fe823f87a1436fe3ea77664ce587e9e90	5a849265f4a38d6bd05aec81aa270b6c81d11b5d
tests/diff/recursion/harness.zig	harness	full source read	d6ea642e1357fa5d75e8a6ffa547022a41ca43091b4b2ad727901636039463be	5a849265f4a38d6bd05aec81aa270b6c81d11b5d
tests/diff/recursion/inputs/fact.jsonl	fixtures_inputs	Full JSONL parse with duplicate-key, standard-number, root-type, nested schema and edge-distribution validation; inspected per-file semantic summary and representative records	670c826715c8331105d7c89c060e984da51d577d411777d5bf028b6907de98e0	5a849265f4a38d6bd05aec81aa270b6c81d11b5d
tests/diff/recursion/inputs/gcd.jsonl	fixtures_inputs	Full JSONL parse with duplicate-key, standard-number, root-type, nested schema and edge-distribution validation; inspected per-file semantic summary and representative records	35a802d34c4f6b1a121bda2516318b55cc596df76ef2c11a90fb408ea8ba80ce	5a849265f4a38d6bd05aec81aa270b6c81d11b5d
tests/diff/recursion/inputs/isEven.jsonl	fixtures_inputs	Full JSONL parse with duplicate-key, standard-number, root-type, nested schema and edge-distribution validation; inspected per-file semantic summary and representative records	a61577f4e1e075991a577fe0de8fb39698134debabd8b362c069f48968a673c0	5a849265f4a38d6bd05aec81aa270b6c81d11b5d
tests/diff/recursion/inputs/isOdd.jsonl	fixtures_inputs	Full JSONL parse with duplicate-key, standard-number, root-type, nested schema and edge-distribution validation; inspected per-file semantic summary and representative records	a04519421ae63a5394efbd33c9c8b0367c43ec5a4e994585cf8322c82dfe6ca1	5a849265f4a38d6bd05aec81aa270b6c81d11b5d
tests/diff/slices/harness.zig	harness	full source read	d3ea060a3541db547197b59df38a7f29b66624b502578f645217b4e80e4b6fc6	5a849265f4a38d6bd05aec81aa270b6c81d11b5d
tests/diff/slices/inputs/at.jsonl	fixtures_inputs	Full JSONL parse with duplicate-key, standard-number, root-type, nested schema and edge-distribution validation; inspected per-file semantic summary and representative records	7452479007dff0bef0a4fffeeb9ba9f3b632a122d607974f0d5d2b6f5834fdcd	5a849265f4a38d6bd05aec81aa270b6c81d11b5d
tests/diff/slices/inputs/bump.jsonl	fixtures_inputs	Full JSONL parse with duplicate-key, standard-number, root-type, nested schema and edge-distribution validation; inspected per-file semantic summary and representative records	7ee196dae1d0baa3a5881bd1f4060cd14dbbe01da588a3bf8ca4afb8a2ef18ce	5a849265f4a38d6bd05aec81aa270b6c81d11b5d
tests/diff/slices/inputs/bumpAt.jsonl	fixtures_inputs	Full JSONL parse with duplicate-key, standard-number, root-type, nested schema and edge-distribution validation; inspected per-file semantic summary and representative records	5ae865d4b5ababa8a98028f1b8ed5f72b2400b126547e10767de6dbc246babf6	5a849265f4a38d6bd05aec81aa270b6c81d11b5d
tests/diff/slices/inputs/clear.jsonl	fixtures_inputs	Full JSONL parse with duplicate-key, standard-number, root-type, nested schema and edge-distribution validation; inspected per-file semantic summary and representative records	9a5b7bf508d288cb355b7a2f2083b7a75445f44b7cdf2eab3b16206428f14394	5a849265f4a38d6bd05aec81aa270b6c81d11b5d
tests/diff/slices/inputs/colorName.jsonl	fixtures_inputs	Full JSONL parse with duplicate-key, standard-number, root-type, nested schema and edge-distribution validation; inspected per-file semantic summary and representative records	98476ac74c37542f5f0c4ae0c43dd873100a5d614d8e5fb8feeaaf2e432d497f	5a849265f4a38d6bd05aec81aa270b6c81d11b5d
tests/diff/slices/inputs/copy.jsonl	fixtures_inputs	Full JSONL parse with duplicate-key, standard-number, root-type, nested schema and edge-distribution validation; inspected per-file semantic summary and representative records	20a7ce0511142bcb746097e40c366341a939768c062ec67f3e1798019f3edc6e	5a849265f4a38d6bd05aec81aa270b6c81d11b5d
tests/diff/slices/inputs/copyWithin.jsonl	fixtures_inputs	Full JSONL parse with duplicate-key, standard-number, root-type, nested schema and edge-distribution validation; inspected per-file semantic summary and representative records	dbdc8b10f395583a83de6256b11da44f2d9e20b872284f46661d5cf8bd5d91be	5a849265f4a38d6bd05aec81aa270b6c81d11b5d
tests/diff/slices/inputs/factorial.jsonl	fixtures_inputs	Full JSONL parse with duplicate-key, standard-number, root-type, nested schema and edge-distribution validation; inspected per-file semantic summary and representative records	a397a6b0ce0ee569dfc33800ce1d2c2da611f61a405082a6f5eb1c04619b2f62	5a849265f4a38d6bd05aec81aa270b6c81d11b5d
tests/diff/slices/inputs/failName.jsonl	fixtures_inputs	Full JSONL parse with duplicate-key, standard-number, root-type, nested schema and edge-distribution validation; inspected per-file semantic summary and representative records	dff3cfc369bbd1d0863f12dde5e375f825bab406126287b5bc2b3fb727ff0bc0	5a849265f4a38d6bd05aec81aa270b6c81d11b5d
tests/diff/slices/inputs/fill.jsonl	fixtures_inputs	Full JSONL parse with duplicate-key, standard-number, root-type, nested schema and edge-distribution validation; inspected per-file semantic summary and representative records	6319cddebf87277efe33960c95dd029b3b272ea0a7c9c22de49044ed1c18da87	5a849265f4a38d6bd05aec81aa270b6c81d11b5d
tests/diff/slices/inputs/indexOfScalar.jsonl	fixtures_inputs	Full JSONL parse with duplicate-key, standard-number, root-type, nested schema and edge-distribution validation; inspected per-file semantic summary and representative records	55036b21286d383dea0fdaf994cc476cefafec509efa4e711a4b49340472ff14	5a849265f4a38d6bd05aec81aa270b6c81d11b5d
tests/diff/slices/inputs/lenOr.jsonl	fixtures_inputs	Full JSONL parse with duplicate-key, standard-number, root-type, nested schema and edge-distribution validation; inspected per-file semantic summary and representative records	951b8be8404d33a480a8109a89c6ae1f83b130399af6ac5e547ff5fc7f3ff6d8	5a849265f4a38d6bd05aec81aa270b6c81d11b5d
tests/diff/slices/inputs/localArr.jsonl	fixtures_inputs	Full JSONL parse with duplicate-key, standard-number, root-type, nested schema and edge-distribution validation; inspected per-file semantic summary and representative records	707a4969d1ff67fb533f519e79e4bac027b4df106f3795ec80f2b2025a6ec1d5	5a849265f4a38d6bd05aec81aa270b6c81d11b5d
tests/diff/slices/inputs/prevItem.jsonl	fixtures_inputs	Full JSONL parse with duplicate-key, standard-number, root-type, nested schema and edge-distribution validation; inspected per-file semantic summary and representative records	170341efa94571d2b6c8547245cf44eb9588dd0cbb653d44117d83bf29eb23db	5a849265f4a38d6bd05aec81aa270b6c81d11b5d
tests/diff/slices/inputs/reverse.jsonl	fixtures_inputs	Full JSONL parse with duplicate-key, standard-number, root-type, nested schema and edge-distribution validation; inspected per-file semantic summary and representative records	d4ba7f7dcc3ed296ca6be180b6ac2da41d231d8fd529e8e9bce2e1708dc4cefc	5a849265f4a38d6bd05aec81aa270b6c81d11b5d
tests/diff/slices/inputs/second.jsonl	fixtures_inputs	Full JSONL parse with duplicate-key, standard-number, root-type, nested schema and edge-distribution validation; inspected per-file semantic summary and representative records	e5f59ed9267951a25ccacd1ead36145bb54a2817df7d2347ff3d1e73959ad838	5a849265f4a38d6bd05aec81aa270b6c81d11b5d
tests/diff/slices/inputs/sentinelArr.jsonl	fixtures_inputs	Full JSONL parse with duplicate-key, standard-number, root-type, nested schema and edge-distribution validation; inspected per-file semantic summary and representative records	8e3251e5a21d9fbf80c08e095c33f8127f42c4188f68b902a493301c8b3310c8	5a849265f4a38d6bd05aec81aa270b6c81d11b5d
tests/diff/slices/inputs/subZ.jsonl	fixtures_inputs	Full JSONL parse with duplicate-key, standard-number, root-type, nested schema and edge-distribution validation; inspected per-file semantic summary and representative records	344d3e301999ea38be9f2cb0d0f6039fb89f8d5732bcc8b86f35d7a1c9172037	5a849265f4a38d6bd05aec81aa270b6c81d11b5d
tests/diff/slices/inputs/sumMid.jsonl	fixtures_inputs	Full JSONL parse with duplicate-key, standard-number, root-type, nested schema and edge-distribution validation; inspected per-file semantic summary and representative records	a2434ae990a82eec67490a4784bf4f9e435f93a12ea01a40973a7f255c116d8c	5a849265f4a38d6bd05aec81aa270b6c81d11b5d
tests/diff/slices/inputs/sumZ.jsonl	fixtures_inputs	Full JSONL parse with duplicate-key, standard-number, root-type, nested schema and edge-distribution validation; inspected per-file semantic summary and representative records	b01d02e622efd80bb7434d290c96ca218b145f05d162effb09f08678dec020f4	5a849265f4a38d6bd05aec81aa270b6c81d11b5d
tests/diff/slices/inputs/total.jsonl	fixtures_inputs	Full JSONL parse with duplicate-key, standard-number, root-type, nested schema and edge-distribution validation; inspected per-file semantic summary and representative records	0fef31cc94586fdcdfbecdc093c8f68eefade26cfde80a229defc88ae605fe57	5a849265f4a38d6bd05aec81aa270b6c81d11b5d
tests/diff/sync/harness.zig	harness	full source read	d084ab85f080d4b3f8dd0d7582a71a43297cfb89c37c0a7c44855a8d89143d36	5a849265f4a38d6bd05aec81aa270b6c81d11b5d
tests/diff/sync/inputs/handoff.jsonl	fixtures_inputs	Full JSONL parse with duplicate-key, standard-number, root-type, nested schema and edge-distribution validation; inspected per-file semantic summary and representative records	744fae7228bc4e8d77340d8d4dad21e63b9db25e7447811e405501924e522a44	5a849265f4a38d6bd05aec81aa270b6c81d11b5d
tests/diff/sync/inputs/mutexCounter.jsonl	fixtures_inputs	Full JSONL parse with duplicate-key, standard-number, root-type, nested schema and edge-distribution validation; inspected per-file semantic summary and representative records	744fae7228bc4e8d77340d8d4dad21e63b9db25e7447811e405501924e522a44	5a849265f4a38d6bd05aec81aa270b6c81d11b5d
tests/diff/sync/inputs/rwLockRead.jsonl	fixtures_inputs	Full JSONL parse with duplicate-key, standard-number, root-type, nested schema and edge-distribution validation; inspected per-file semantic summary and representative records	744fae7228bc4e8d77340d8d4dad21e63b9db25e7447811e405501924e522a44	5a849265f4a38d6bd05aec81aa270b6c81d11b5d
tests/diff/sync/inputs/semaphoreCounter.jsonl	fixtures_inputs	Full JSONL parse with duplicate-key, standard-number, root-type, nested schema and edge-distribution validation; inspected per-file semantic summary and representative records	744fae7228bc4e8d77340d8d4dad21e63b9db25e7447811e405501924e522a44	5a849265f4a38d6bd05aec81aa270b6c81d11b5d
tests/diff/threads/harness.zig	harness	full source read	474971aeba58b5a8516859862e0973a31229322955fa31ea643a46d0e1931280	5a849265f4a38d6bd05aec81aa270b6c81d11b5d
tests/diff/threads/inputs/claimOnce.jsonl	fixtures_inputs	Full JSONL parse with duplicate-key, standard-number, root-type, nested schema and edge-distribution validation; inspected per-file semantic summary and representative records	744fae7228bc4e8d77340d8d4dad21e63b9db25e7447811e405501924e522a44	5a849265f4a38d6bd05aec81aa270b6c81d11b5d
tests/diff/threads/inputs/disjoint.jsonl	fixtures_inputs	Full JSONL parse with duplicate-key, standard-number, root-type, nested schema and edge-distribution validation; inspected per-file semantic summary and representative records	8ad5d78af72f21c535b3f70b52de3f1d983569535c802f203069bd22239a0ab2	5a849265f4a38d6bd05aec81aa270b6c81d11b5d
tests/diff/threads/inputs/parallelCounter.jsonl	fixtures_inputs	Full JSONL parse with duplicate-key, standard-number, root-type, nested schema and edge-distribution validation; inspected per-file semantic summary and representative records	d9dd9148057c84cf64f4b79cf9c83e06945ce5f7c6a035830c0fb6e316de188b	5a849265f4a38d6bd05aec81aa270b6c81d11b5d
tests/diff/threads/inputs/race.jsonl	fixtures_inputs	Full JSONL parse with duplicate-key, standard-number, root-type, nested schema and edge-distribution validation; inspected per-file semantic summary and representative records	8ad5d78af72f21c535b3f70b52de3f1d983569535c802f203069bd22239a0ab2	5a849265f4a38d6bd05aec81aa270b6c81d11b5d
tests/diff/threads/inputs/xchgRace.jsonl	fixtures_inputs	Full JSONL parse with duplicate-key, standard-number, root-type, nested schema and edge-distribution validation; inspected per-file semantic summary and representative records	eea5e3d482e5427c628357c8e34c1ccfa9dbd0c7ef1a446318f43b4f2752dfe9	5a849265f4a38d6bd05aec81aa270b6c81d11b5d
tests/diff/threads/unspecified.txt	fixtures_inputs	Full byte read and text inspection	ec9163010bc102d42a5394de7626b2770a0b3680c703e809eb42f4d034c217e6	5a849265f4a38d6bd05aec81aa270b6c81d11b5d
tests/diff/threadsync/harness.zig	harness	full source read	4168ec09587891ec115e48d4a34b41c0dfdc9300bd4d3fc98180dd4ee4d3fc3c	5a849265f4a38d6bd05aec81aa270b6c81d11b5d
tests/diff/threadsync/inputs/handoff.jsonl	fixtures_inputs	Full JSONL parse with duplicate-key, standard-number, root-type, nested schema and edge-distribution validation; inspected per-file semantic summary and representative records	744fae7228bc4e8d77340d8d4dad21e63b9db25e7447811e405501924e522a44	5a849265f4a38d6bd05aec81aa270b6c81d11b5d
tests/diff/threadsync/inputs/mutexCounter.jsonl	fixtures_inputs	Full JSONL parse with duplicate-key, standard-number, root-type, nested schema and edge-distribution validation; inspected per-file semantic summary and representative records	744fae7228bc4e8d77340d8d4dad21e63b9db25e7447811e405501924e522a44	5a849265f4a38d6bd05aec81aa270b6c81d11b5d
tests/diff/threadsync/inputs/waitGroup.jsonl	fixtures_inputs	Full JSONL parse with duplicate-key, standard-number, root-type, nested schema and edge-distribution validation; inspected per-file semantic summary and representative records	744fae7228bc4e8d77340d8d4dad21e63b9db25e7447811e405501924e522a44	5a849265f4a38d6bd05aec81aa270b6c81d11b5d
tests/diff/variants/harness.zig	harness	full source read	e18057d272042ddc0b6496c6bf657acb7d27a4f472af44f0962a23a80eea3842	5a849265f4a38d6bd05aec81aa270b6c81d11b5d
tests/diff/variants/inputs/advance.jsonl	fixtures_inputs	Full JSONL parse with duplicate-key, standard-number, root-type, nested schema and edge-distribution validation; inspected per-file semantic summary and representative records	80785e2c22995aacb822bb0db0ccc61b2c10efdb424e2301613ccec5f487402d	5a849265f4a38d6bd05aec81aa270b6c81d11b5d
tests/diff/variants/inputs/area.jsonl	fixtures_inputs	Full JSONL parse with duplicate-key, standard-number, root-type, nested schema and edge-distribution validation; inspected per-file semantic summary and representative records	30cb93d2739257395999d932836c904f5d740de7f82f49bf62d69e7c8440361d	5a849265f4a38d6bd05aec81aa270b6c81d11b5d
tests/diff/variants/inputs/codeOf.jsonl	fixtures_inputs	Full JSONL parse with duplicate-key, standard-number, root-type, nested schema and edge-distribution validation; inspected per-file semantic summary and representative records	032dfb378f5520b25f2644ad6794b00f668a277ca05edfa353e98c5342d8bb8c	5a849265f4a38d6bd05aec81aa270b6c81d11b5d
tests/diff/variants/inputs/isRound.jsonl	fixtures_inputs	Full JSONL parse with duplicate-key, standard-number, root-type, nested schema and edge-distribution validation; inspected per-file semantic summary and representative records	ebf636ae88cfdc3fe137f48ec50f0df24a62702b98c1d6da32fc7026c35268d8	5a849265f4a38d6bd05aec81aa270b6c81d11b5d
tests/diff/variants/inputs/isUrgent.jsonl	fixtures_inputs	Full JSONL parse with duplicate-key, standard-number, root-type, nested schema and edge-distribution validation; inspected per-file semantic summary and representative records	804312cc4c93d214aa234448667c267d96ab1ba9de46616a872c4cff0974e1ef	5a849265f4a38d6bd05aec81aa270b6c81d11b5d
tests/diff/variants/inputs/lightOf.jsonl	fixtures_inputs	Full JSONL parse with duplicate-key, standard-number, root-type, nested schema and edge-distribution validation; inspected per-file semantic summary and representative records	032dfb378f5520b25f2644ad6794b00f668a277ca05edfa353e98c5342d8bb8c	5a849265f4a38d6bd05aec81aa270b6c81d11b5d
tests/diff/variants/inputs/next.jsonl	fixtures_inputs	Full JSONL parse with duplicate-key, standard-number, root-type, nested schema and edge-distribution validation; inspected per-file semantic summary and representative records	885797436235437cc05c90aa9084bba4620c4b8979f6e91c76df715ba24fb7c7	5a849265f4a38d6bd05aec81aa270b6c81d11b5d
tests/diff/variants/inputs/prioValue.jsonl	fixtures_inputs	Full JSONL parse with duplicate-key, standard-number, root-type, nested schema and edge-distribution validation; inspected per-file semantic summary and representative records	804312cc4c93d214aa234448667c267d96ab1ba9de46616a872c4cff0974e1ef	5a849265f4a38d6bd05aec81aa270b6c81d11b5d
tests/diff/variants/inputs/radius.jsonl	fixtures_inputs	Full JSONL parse with duplicate-key, standard-number, root-type, nested schema and edge-distribution validation; inspected per-file semantic summary and representative records	6f6d68dd72361ac278a475fe662fc1664efbb5de9da0f657ec87f3af4f9fd24f	5a849265f4a38d6bd05aec81aa270b6c81d11b5d
tests/diff/variants/inputs/scale.jsonl	fixtures_inputs	Full JSONL parse with duplicate-key, standard-number, root-type, nested schema and edge-distribution validation; inspected per-file semantic summary and representative records	34508c04afbc49b48641780f764d5f132aa31e401f02f54b8dcc0e0c83349a67	5a849265f4a38d6bd05aec81aa270b6c81d11b5d
tests/diff/variants/inputs/severity.jsonl	fixtures_inputs	Full JSONL parse with duplicate-key, standard-number, root-type, nested schema and edge-distribution validation; inspected per-file semantic summary and representative records	032dfb378f5520b25f2644ad6794b00f668a277ca05edfa353e98c5342d8bb8c	5a849265f4a38d6bd05aec81aa270b6c81d11b5d
tests/diff/variants/inputs/totalArea.jsonl	fixtures_inputs	Full JSONL parse with duplicate-key, standard-number, root-type, nested schema and edge-distribution validation; inspected per-file semantic summary and representative records	f3070eb831f5491973eac36299898c17aecef6fb499a1f162ab78c5d4590c1bf	5a849265f4a38d6bd05aec81aa270b6c81d11b5d
tests/diff/vectors/harness.zig	harness	full source read	62dad25b38d1b12d31054afe45a30c3ad4cc1a625f20503844aca3b483ded35e	5a849265f4a38d6bd05aec81aa270b6c81d11b5d
tests/diff/vectors/host.txt	fixtures_inputs	Full byte read and text inspection	b86983cd417cf4964adc1a3a8e1e499c5b2bc149ec42ba5649409982bc831422	5a849265f4a38d6bd05aec81aa270b6c81d11b5d
tests/diff/vectors/inputs/andLanes.jsonl	fixtures_inputs	Full JSONL parse with duplicate-key, standard-number, root-type, nested schema and edge-distribution validation; inspected per-file semantic summary and representative records	616c82611163b5002a2d03f369f9df7e35ed78e570665d7ccd04847974254e93	5a849265f4a38d6bd05aec81aa270b6c81d11b5d
tests/diff/vectors/inputs/checkedAdd.jsonl	fixtures_inputs	Full JSONL parse with duplicate-key, standard-number, root-type, nested schema and edge-distribution validation; inspected per-file semantic summary and representative records	3baba73290fef4d4ce3157350b4dad264b9ed81c498bf32f7bb8b9bc5261b01d	5a849265f4a38d6bd05aec81aa270b6c81d11b5d
tests/diff/vectors/inputs/fDot.jsonl	fixtures_inputs	Full JSONL parse with duplicate-key, standard-number, root-type, nested schema and edge-distribution validation; inspected per-file semantic summary and representative records	0e02225e4e497d5a31273ebf3255614311998efffe67e3d9344e81a8673d9f7e	5a849265f4a38d6bd05aec81aa270b6c81d11b5d
tests/diff/vectors/inputs/fMax.jsonl	fixtures_inputs	Full JSONL parse with duplicate-key, standard-number, root-type, nested schema and edge-distribution validation; inspected per-file semantic summary and representative records	08f730e358b15f849cf2f2b3ed1c89dfbd731d12fe94a6e3ece618746d5d14bd	5a849265f4a38d6bd05aec81aa270b6c81d11b5d
tests/diff/vectors/inputs/fMin.jsonl	fixtures_inputs	Full JSONL parse with duplicate-key, standard-number, root-type, nested schema and edge-distribution validation; inspected per-file semantic summary and representative records	7aa4c93c7edec84a5925278d8d33da69611d6abba9582d0b4277d50418ec5cb9	5a849265f4a38d6bd05aec81aa270b6c81d11b5d
tests/diff/vectors/inputs/interleave.jsonl	fixtures_inputs	Full JSONL parse with duplicate-key, standard-number, root-type, nested schema and edge-distribution validation; inspected per-file semantic summary and representative records	0ec367e37032353ab907bc0e2c2d42a3a9519153dcd16dbb18a1240674c0ce85	5a849265f4a38d6bd05aec81aa270b6c81d11b5d
tests/diff/vectors/inputs/maxLane.jsonl	fixtures_inputs	Full JSONL parse with duplicate-key, standard-number, root-type, nested schema and edge-distribution validation; inspected per-file semantic summary and representative records	11d8f5e897141157b3f2947bb474aadb4e916f6fcdc16fca6f52cd7dde99b072	5a849265f4a38d6bd05aec81aa270b6c81d11b5d
tests/diff/vectors/inputs/minLane.jsonl	fixtures_inputs	Full JSONL parse with duplicate-key, standard-number, root-type, nested schema and edge-distribution validation; inspected per-file semantic summary and representative records	d5e19aa606a174422361b58c25be4dc497a607860664259a671f882315dccd77	5a849265f4a38d6bd05aec81aa270b6c81d11b5d
tests/diff/vectors/inputs/orLanes.jsonl	fixtures_inputs	Full JSONL parse with duplicate-key, standard-number, root-type, nested schema and edge-distribution validation; inspected per-file semantic summary and representative records	534456dd06f06be4b7444601e6c46ab1097a400276478a3b6c4a5c3ecaf6840e	5a849265f4a38d6bd05aec81aa270b6c81d11b5d
tests/diff/vectors/inputs/pick.jsonl	fixtures_inputs	Full JSONL parse with duplicate-key, standard-number, root-type, nested schema and edge-distribution validation; inspected per-file semantic summary and representative records	405ef19ae99647af529785f43ece6183ce8269b504c306da79057c2e32402131	5a849265f4a38d6bd05aec81aa270b6c81d11b5d
tests/diff/vectors/inputs/reverse.jsonl	fixtures_inputs	Full JSONL parse with duplicate-key, standard-number, root-type, nested schema and edge-distribution validation; inspected per-file semantic summary and representative records	ef1f7f6c2a98246c8ddcef402dec20015b87b6452ae1fa29511dcbebed79d687	5a849265f4a38d6bd05aec81aa270b6c81d11b5d
tests/diff/vectors/inputs/sMod.jsonl	fixtures_inputs	Full JSONL parse with duplicate-key, standard-number, root-type, nested schema and edge-distribution validation; inspected per-file semantic summary and representative records	4b024ef453af9f41520f406f299b9f96214c1af42e29ff99e1faa04136b5aa0a	5a849265f4a38d6bd05aec81aa270b6c81d11b5d
tests/diff/vectors/inputs/sRem.jsonl	fixtures_inputs	Full JSONL parse with duplicate-key, standard-number, root-type, nested schema and edge-distribution validation; inspected per-file semantic summary and representative records	1a1c8d9f4e1697a9aa7f6e1518cd5843418d1416741a79edcbfec988665587c9	5a849265f4a38d6bd05aec81aa270b6c81d11b5d
tests/diff/vectors/inputs/satAdd.jsonl	fixtures_inputs	Full JSONL parse with duplicate-key, standard-number, root-type, nested schema and edge-distribution validation; inspected per-file semantic summary and representative records	b097e66bbcf1715b987d3b0d2208377cc5ea95d4c48936f742faa86c4c98c646	5a849265f4a38d6bd05aec81aa270b6c81d11b5d
tests/diff/vectors/inputs/splatAdd.jsonl	fixtures_inputs	Full JSONL parse with duplicate-key, standard-number, root-type, nested schema and edge-distribution validation; inspected per-file semantic summary and representative records	d07826629c811b392c2ba3a4147a8a6d33d98fe716977c3f33e2a1427bcf9508	5a849265f4a38d6bd05aec81aa270b6c81d11b5d
tests/diff/vectors/inputs/twiceInMem.jsonl	fixtures_inputs	Full JSONL parse with duplicate-key, standard-number, root-type, nested schema and edge-distribution validation; inspected per-file semantic summary and representative records	d3521e61fadf230ad82a375d90fb10da6894be547127e68b794782430adc8f9a	5a849265f4a38d6bd05aec81aa270b6c81d11b5d
tests/diff/vectors/inputs/uDotWrap.jsonl	fixtures_inputs	Full JSONL parse with duplicate-key, standard-number, root-type, nested schema and edge-distribution validation; inspected per-file semantic summary and representative records	cfe0a5c32298e07580c97dce1daf48d8b7c53d59a70fba5eba548a30c536d4d2	5a849265f4a38d6bd05aec81aa270b6c81d11b5d
tests/diff/vectors/inputs/uMinLane.jsonl	fixtures_inputs	Full JSONL parse with duplicate-key, standard-number, root-type, nested schema and edge-distribution validation; inspected per-file semantic summary and representative records	6627a23a33b4aa8f5f749ca46926021487cec23daad96f43479ae3ea0ed67edb	5a849265f4a38d6bd05aec81aa270b6c81d11b5d
tests/diff/vectors/inputs/vAbs.jsonl	fixtures_inputs	Full JSONL parse with duplicate-key, standard-number, root-type, nested schema and edge-distribution validation; inspected per-file semantic summary and representative records	379fe207d06f367975dc3d59c8e95c8820ca5bfa21166a89da8ae873757c277e	5a849265f4a38d6bd05aec81aa270b6c81d11b5d
tests/diff/vectors/inputs/vBits.jsonl	fixtures_inputs	Full JSONL parse with duplicate-key, standard-number, root-type, nested schema and edge-distribution validation; inspected per-file semantic summary and representative records	fcc4d16662b1d3de64b0544f0e43b9d59554f653fed4d83ee011818be40518df	5a849265f4a38d6bd05aec81aa270b6c81d11b5d
tests/diff/vectors/inputs/vDiv.jsonl	fixtures_inputs	Full JSONL parse with duplicate-key, standard-number, root-type, nested schema and edge-distribution validation; inspected per-file semantic summary and representative records	a6224c4403dda2911fb9ebe3d5d1f44a83c1458e184922c1f075016da21a5ca2	5a849265f4a38d6bd05aec81aa270b6c81d11b5d
tests/diff/vectors/inputs/vLess.jsonl	fixtures_inputs	Full JSONL parse with duplicate-key, standard-number, root-type, nested schema and edge-distribution validation; inspected per-file semantic summary and representative records	e7deda79f59b0403dbd2c9b81c919d31733e22da0708e62c27bbbd74acb84ed1	5a849265f4a38d6bd05aec81aa270b6c81d11b5d
tests/diff/vectors/inputs/vMinMax.jsonl	fixtures_inputs	Full JSONL parse with duplicate-key, standard-number, root-type, nested schema and edge-distribution validation; inspected per-file semantic summary and representative records	005bcc51f47aa5054dae821748b5721b4a7ecd07efc5b9494a4f839aec6cfcd4	5a849265f4a38d6bd05aec81aa270b6c81d11b5d
tests/diff/vectors/inputs/vMod.jsonl	fixtures_inputs	Full JSONL parse with duplicate-key, standard-number, root-type, nested schema and edge-distribution validation; inspected per-file semantic summary and representative records	edc16d64b6c8c0e13220f12cea26ce90985b69b7215dbf79e7334b37bccc5000	5a849265f4a38d6bd05aec81aa270b6c81d11b5d
tests/diff/vectors/inputs/vNarrow.jsonl	fixtures_inputs	Full JSONL parse with duplicate-key, standard-number, root-type, nested schema and edge-distribution validation; inspected per-file semantic summary and representative records	6e1b711aae2697568ccb64a17bc1c0d96f3b51578a3ae5965b0978d81cba8b75	5a849265f4a38d6bd05aec81aa270b6c81d11b5d
tests/diff/vectors/inputs/vNeg.jsonl	fixtures_inputs	Full JSONL parse with duplicate-key, standard-number, root-type, nested schema and edge-distribution validation; inspected per-file semantic summary and representative records	a0c3a8433b1147fa2f7a571d4d619f1c1fc0ccb2397fc67026fb6b8c5ce04540	5a849265f4a38d6bd05aec81aa270b6c81d11b5d
tests/diff/vectors/inputs/vOverflow.jsonl	fixtures_inputs	Full JSONL parse with duplicate-key, standard-number, root-type, nested schema and edge-distribution validation; inspected per-file semantic summary and representative records	8d309f8e0f867da2c91c3ab29dc7780f9a23db828ab3efe2cfcddd7197937c06	5a849265f4a38d6bd05aec81aa270b6c81d11b5d
tests/diff/vectors/inputs/vShift.jsonl	fixtures_inputs	Full JSONL parse with duplicate-key, standard-number, root-type, nested schema and edge-distribution validation; inspected per-file semantic summary and representative records	40d1a898bdc724c1dcb7d63be5fc2d5daacff9962805878ee12338d1ce80fe70	5a849265f4a38d6bd05aec81aa270b6c81d11b5d
tests/diff/vectors/inputs/vToFloat.jsonl	fixtures_inputs	Full JSONL parse with duplicate-key, standard-number, root-type, nested schema and edge-distribution validation; inspected per-file semantic summary and representative records	87f4218b5e6749e6ab6164c20b93084b9062ac440d2ce43788cee55ecdb4c8a6	5a849265f4a38d6bd05aec81aa270b6c81d11b5d
tests/diff/vectors/inputs/xorLanes.jsonl	fixtures_inputs	Full JSONL parse with duplicate-key, standard-number, root-type, nested schema and edge-distribution validation; inspected per-file semantic summary and representative records	ad9f928c109a0831aab1fd48307750bb855c93aebbaa11699d14bd6dcfa42464	5a849265f4a38d6bd05aec81aa270b6c81d11b5d
tests/diff/vectors/unspecified.txt	fixtures_inputs	Full byte read and text inspection	fd09225174cab29726e4c796bb742624984cbb6c58ccf17c0604990881f75c03	5a849265f4a38d6bd05aec81aa270b6c81d11b5d
tests/floatmodel/FloatModel.lean	harness	full source read	0067407081efa66895def05f3fdb9580ccc814a21a3663b400e0fa2eff00b896	5a849265f4a38d6bd05aec81aa270b6c81d11b5d
tests/floatmodel/lake-manifest.json	harness	full source read	1f2764933ff89249f8e6d223104a2379a6ddb2ae7cefceea8de02ebeae331eab	5a849265f4a38d6bd05aec81aa270b6c81d11b5d
tests/floatmodel/lakefile.toml	harness	full source read	fa950e696ca9418769965e9723f2b1f60112a964444d6fbe92d98edda1f8c326	5a849265f4a38d6bd05aec81aa270b6c81d11b5d
tests/floatmodel/lean-toolchain	harness	full source read	8733782dc070a99b312039cda424f601b80f3be6f6f512627da5ba25adc27632	5a849265f4a38d6bd05aec81aa270b6c81d11b5d
tests/floatprobe/expected.0.16.0.txt	fixtures_inputs	Full byte read and text inspection	973f1476332804e5621cb350e468c0ad98ed995dc0208dd264c0b5f877cdfa0f	5a849265f4a38d6bd05aec81aa270b6c81d11b5d
tests/floatprobe/expected.txt	fixtures_inputs	Full byte read and text inspection	fc1c4a4ad688ff166a415363081e47a30450390e409d4298be5d47f759d41cf1	5a849265f4a38d6bd05aec81aa270b6c81d11b5d
tests/floatprobe/probe.zig	harness	full source read	cb3e672393e326f274d00bc8b5b37b88775ed61be5774334726c8dbc7c7f1b5f	5a849265f4a38d6bd05aec81aa270b6c81d11b5d
tests/golden/0.14.1/floatops/Gen.lean	fixtures_versions	Read full generated Lean source, with duplicate sources compared in full and differences read; compile and exact regenerated-output comparison	0c2fc2873fcea8a25274bac004edd7e24587e7f6a4c902fe077545434cb597f9	5a849265f4a38d6bd05aec81aa270b6c81d11b5d
tests/golden/0.14.1/layout/Gen.lean	fixtures_versions	Read full generated Lean source, with duplicate sources compared in full and differences read; compile and exact regenerated-output comparison	ed8a90f6232ab74da9cbd0ff09c4b084b7252c07ce977cdcad288fd1f485667c	5a849265f4a38d6bd05aec81aa270b6c81d11b5d
tests/golden/0.14.1/layout/air/layout.bumpPair.json	fixtures_versions	Full JSON parse and recursive structural/semantic census; inspected per-file summary and representative/suspicious records; replayed version/shared/OS overlay through translator/checker	4a11a05c1a5802c3797224e38abff24d3c7051c1dc1edd8ba6595be225dc468e	5a849265f4a38d6bd05aec81aa270b6c81d11b5d
tests/golden/0.14.1/layout/air/layout.ctlMode.json	fixtures_versions	Full JSON parse and recursive structural/semantic census; inspected per-file summary and representative/suspicious records; replayed version/shared/OS overlay through translator/checker	699032634ffc5c77436d1d9589c3a6141b5f39ac1f1f65ae952c4455c5b802ce	5a849265f4a38d6bd05aec81aa270b6c81d11b5d
tests/golden/0.14.1/layout/air/layout.ctlSum.json	fixtures_versions	Full JSON parse and recursive structural/semantic census; inspected per-file summary and representative/suspicious records; replayed version/shared/OS overlay through translator/checker	18b0a4abb01db248018f2e5e5547bd4ad111967b9bafed5c7f1b45ad8fa0e4e0	5a849265f4a38d6bd05aec81aa270b6c81d11b5d
tests/golden/0.14.1/layout/air/layout.growCircle.json	fixtures_versions	Full JSON parse and recursive structural/semantic census; inspected per-file summary and representative/suspicious records; replayed version/shared/OS overlay through translator/checker	5c60bb5d07e65f2cd8beed842d90e7daef89b6a39308e08dc2fe7ea13a627dd9	5a849265f4a38d6bd05aec81aa270b6c81d11b5d
tests/golden/0.14.1/layout/air/layout.headerLen.json	fixtures_versions	Full JSON parse and recursive structural/semantic census; inspected per-file summary and representative/suspicious records; replayed version/shared/OS overlay through translator/checker	830e7f583df49458e6c37b6213e9ed59ad3907f80b94034c981876fa7e9a71f6	5a849265f4a38d6bd05aec81aa270b6c81d11b5d
tests/golden/0.14.1/layout/air/layout.isOk.json	fixtures_versions	Full JSON parse and recursive structural/semantic census; inspected per-file summary and representative/suspicious records; replayed version/shared/OS overlay through translator/checker	c1284c1973d60d45ef487969dd1d5eb917dd14fd7fb6410576e66d0ae255e304	5a849265f4a38d6bd05aec81aa270b6c81d11b5d
tests/golden/0.14.1/layout/air/layout.laneSet.json	fixtures_versions	Full JSON parse and recursive structural/semantic census; inspected per-file summary and representative/suspicious records; replayed version/shared/OS overlay through translator/checker	42eb58b189892f8283db86f748893b5382bac5a74caa80a2b6f592d657700712	5a849265f4a38d6bd05aec81aa270b6c81d11b5d
tests/golden/0.14.1/layout/air/layout.lowByte.json	fixtures_versions	Full JSON parse and recursive structural/semantic census; inspected per-file summary and representative/suspicious records; replayed version/shared/OS overlay through translator/checker	d10e7d8d8d16fa40b62c72b54ca0a6138a84fa09c1d04acec51fd5401dcf57f7	5a849265f4a38d6bd05aec81aa270b6c81d11b5d
tests/golden/0.14.1/layout/air/layout.nibArg.json	fixtures_versions	Full JSON parse and recursive structural/semantic census; inspected per-file summary and representative/suspicious records; replayed version/shared/OS overlay through translator/checker	571e9e2689937cec9b0f128c341c65559bb2e1ad9c0a32b30e48d212b81e321f	5a849265f4a38d6bd05aec81aa270b6c81d11b5d
tests/golden/0.14.1/layout/air/layout.nibSigned.json	fixtures_versions	Full JSON parse and recursive structural/semantic census; inspected per-file summary and representative/suspicious records; replayed version/shared/OS overlay through translator/checker	9cb4127edd6e1787f3f8d4e23f33f6b1cca0725e43f015cda89193e4edd37a2b	5a849265f4a38d6bd05aec81aa270b6c81d11b5d
tests/golden/0.14.1/layout/air/layout.numInt.json	fixtures_versions	Full JSON parse and recursive structural/semantic census; inspected per-file summary and representative/suspicious records; replayed version/shared/OS overlay through translator/checker	deec574cb3b0a265b88c26051c780f42358602e38ff58ac87f41ac542ca0564a	5a849265f4a38d6bd05aec81aa270b6c81d11b5d
tests/golden/0.14.1/layout/air/layout.parentOfX.json	fixtures_versions	Full JSON parse and recursive structural/semantic census; inspected per-file summary and representative/suspicious records; replayed version/shared/OS overlay through translator/checker	fd690db8200bf0c2df86024816ff34ba00313f6ce0b95b1b8c0357bddcaef6f8	5a849265f4a38d6bd05aec81aa270b6c81d11b5d
tests/golden/0.14.1/layout/air/layout.parentOfY.json	fixtures_versions	Full JSON parse and recursive structural/semantic census; inspected per-file summary and representative/suspicious records; replayed version/shared/OS overlay through translator/checker	76d6e362606db540cd0b869bea19728584b0eff86705670173c396d9fe9c1b74	5a849265f4a38d6bd05aec81aa270b6c81d11b5d
tests/golden/0.14.1/layout/air/layout.readHeader.json	fixtures_versions	Full JSON parse and recursive structural/semantic census; inspected per-file summary and representative/suspicious records; replayed version/shared/OS overlay through translator/checker	ee2eac0a430d968973e094d029a2fa4b02f941e67bc38356bb7e9c12d376351a	5a849265f4a38d6bd05aec81aa270b6c81d11b5d
tests/golden/0.14.1/layout/air/layout.regSigned.json	fixtures_versions	Full JSON parse and recursive structural/semantic census; inspected per-file summary and representative/suspicious records; replayed version/shared/OS overlay through translator/checker	66e3b0ed2053519bc82bf3312dba7762c6a0f60f9b314d881fb2fd4983955397	5a849265f4a38d6bd05aec81aa270b6c81d11b5d
tests/golden/0.14.1/layout/air/layout.setCircle.json	fixtures_versions	Full JSON parse and recursive structural/semantic census; inspected per-file summary and representative/suspicious records; replayed version/shared/OS overlay through translator/checker	7b8c8dd16b0e3041ccf77e90a4644e1730cf629f6db914c630e31a82e42b32d7	5a849265f4a38d6bd05aec81aa270b6c81d11b5d
tests/golden/0.14.1/layout/air/layout.setHalf.json	fixtures_versions	Full JSON parse and recursive structural/semantic census; inspected per-file summary and representative/suspicious records; replayed version/shared/OS overlay through translator/checker	f7f002adb29a14139add6a76b61d9e504a64c09801fec20b4e5a16a517daba6b	5a849265f4a38d6bd05aec81aa270b6c81d11b5d
tests/golden/0.14.1/layout/air/layout.setNib.json	fixtures_versions	Full JSON parse and recursive structural/semantic census; inspected per-file summary and representative/suspicious records; replayed version/shared/OS overlay through translator/checker	78b56c44de2db4ad8123d64e351baa05b35004469693590e8a44ca1f4827a668	5a849265f4a38d6bd05aec81aa270b6c81d11b5d
tests/golden/0.14.1/layout/air/layout.setNum.json	fixtures_versions	Full JSON parse and recursive structural/semantic census; inspected per-file summary and representative/suspicious records; replayed version/shared/OS overlay through translator/checker	85c61d82ef8f58ae9a72b73cef1c7857ea0e66e8cdcb1d9079a06dc2244e9b6a	5a849265f4a38d6bd05aec81aa270b6c81d11b5d
tests/golden/0.14.1/layout/air/layout.setRegFlags.json	fixtures_versions	Full JSON parse and recursive structural/semantic census; inspected per-file summary and representative/suspicious records; replayed version/shared/OS overlay through translator/checker	33771204884aefc9056b1c9114ee8239f21300d2b4dea963ab5b0654a2c1a11d	5a849265f4a38d6bd05aec81aa270b6c81d11b5d
tests/golden/0.14.1/layout/air/layout.shapeArea.json	fixtures_versions	Full JSON parse and recursive structural/semantic census; inspected per-file summary and representative/suspicious records; replayed version/shared/OS overlay through translator/checker	59c0f00a88fd2e7fef906dd991a91f8242f748997d4e6fb8e1af661d2d438d7c	5a849265f4a38d6bd05aec81aa270b6c81d11b5d
tests/golden/0.14.1/layout/air/layout.wordByte.json	fixtures_versions	Full JSON parse and recursive structural/semantic census; inspected per-file summary and representative/suspicious records; replayed version/shared/OS overlay through translator/checker	4fb34b8ee858f988940daac88f8f41821ff7e89f2e49adcb6cac736c7094c1c1	5a849265f4a38d6bd05aec81aa270b6c81d11b5d
tests/golden/0.14.1/layout/air/layout.wordHalf.json	fixtures_versions	Full JSON parse and recursive structural/semantic census; inspected per-file summary and representative/suspicious records; replayed version/shared/OS overlay through translator/checker	7e3b1aace542ba4cdc41185bbf44c123e286a7aea1f5b8f97e51d9cf35b5a0ee	5a849265f4a38d6bd05aec81aa270b6c81d11b5d
tests/golden/0.14.1/layout/air/layout.wordOf.json	fixtures_versions	Full JSON parse and recursive structural/semantic census; inspected per-file summary and representative/suspicious records; replayed version/shared/OS overlay through translator/checker	3d0f5d9c2be9ebdb381d07ac08bb1080eb84601bffd04bb3e812d5212b65f860	5a849265f4a38d6bd05aec81aa270b6c81d11b5d
tests/golden/0.14.1/variants/Gen.lean	fixtures_versions	Read full generated Lean source, with duplicate sources compared in full and differences read; compile and exact regenerated-output comparison	4f91d838fe441e4acaaec58e8f368f9e6ef079c5d01085f82d5048b0c73f61ab	5a849265f4a38d6bd05aec81aa270b6c81d11b5d
tests/golden/0.14.1/variants/air/variants.radius.json	fixtures_versions	Full JSON parse and recursive structural/semantic census; inspected per-file summary and representative/suspicious records; replayed version/shared/OS overlay through translator/checker	746c9997c19521c4e1759418727584c3a8f24f4611494f339c430130f7fca698	5a849265f4a38d6bd05aec81aa270b6c81d11b5d
tests/golden/0.14.1/variants/air/variants.scale.json	fixtures_versions	Full JSON parse and recursive structural/semantic census; inspected per-file summary and representative/suspicious records; replayed version/shared/OS overlay through translator/checker	522da2ef956589587dcc594da4646d6613bb073c1653d4eb49df601e71f4bfa8	5a849265f4a38d6bd05aec81aa270b6c81d11b5d
tests/golden/0.15.2/atomics/Gen.lean	fixtures_versions	Read full generated Lean source, with duplicate sources compared in full and differences read; compile and exact regenerated-output comparison	dcac78a7140909588947c4877600096b50e964f3b3b8c378ffc4d613976592bd	5a849265f4a38d6bd05aec81aa270b6c81d11b5d
tests/golden/0.15.2/atomics/air-linux/atomics.mpRelAcq.json	fixtures_versions	Full JSON parse and recursive structural/semantic census; inspected per-file summary and representative/suspicious records; replayed version/shared/OS overlay through translator/checker	e3f140287d8d3b4810bba7b7c867e48a9e67e9b08cbad426602f86f352baf822	5a849265f4a38d6bd05aec81aa270b6c81d11b5d
tests/golden/0.15.2/atomics/air-linux/atomics.mpRelaxed.json	fixtures_versions	Full JSON parse and recursive structural/semantic census; inspected per-file summary and representative/suspicious records; replayed version/shared/OS overlay through translator/checker	6c7da1e4236b4875979e7183f75ca782889040f5414be7e28eb38097ab7e344a	5a849265f4a38d6bd05aec81aa270b6c81d11b5d
tests/golden/0.15.2/atomics/air-linux/atomics.sbRelaxed.json	fixtures_versions	Full JSON parse and recursive structural/semantic census; inspected per-file summary and representative/suspicious records; replayed version/shared/OS overlay through translator/checker	17d979d16e69bc2b9f38b3f8aaeef82a971585417190aceee53f57d38223a6ab	5a849265f4a38d6bd05aec81aa270b6c81d11b5d
tests/golden/0.15.2/atomics/air-linux/atomics.stackPush.json	fixtures_versions	Full JSON parse and recursive structural/semantic census; inspected per-file summary and representative/suspicious records; replayed version/shared/OS overlay through translator/checker	08881c4778dbf9050e0438ce2ab5b11802901520d95f6eb6058b415669d4452e	5a849265f4a38d6bd05aec81aa270b6c81d11b5d
tests/golden/0.15.2/atomics/air-linux/atomics.twoPlusTwoW.json	fixtures_versions	Full JSON parse and recursive structural/semantic census; inspected per-file summary and representative/suspicious records; replayed version/shared/OS overlay through translator/checker	d18e720b841a657782a8e978f1acad7f46f3b985056beb823372e7581582af59	5a849265f4a38d6bd05aec81aa270b6c81d11b5d
tests/golden/0.15.2/atomics/air/atomics.mpRelAcq.json	fixtures_versions	Full JSON parse and recursive structural/semantic census; inspected per-file summary and representative/suspicious records; replayed version/shared/OS overlay through translator/checker	b2a4068aaed4c0f8dcc0664dbc6dd628e19a6eb891e5c461009daf8e2bef1702	5a849265f4a38d6bd05aec81aa270b6c81d11b5d
tests/golden/0.15.2/atomics/air/atomics.mpRelaxed.json	fixtures_versions	Full JSON parse and recursive structural/semantic census; inspected per-file summary and representative/suspicious records; replayed version/shared/OS overlay through translator/checker	bcab2c0f28946e573fe0a0b2c133a057309cd4ed7d519e725318cfc1f1910bbc	5a849265f4a38d6bd05aec81aa270b6c81d11b5d
tests/golden/0.15.2/atomics/air/atomics.mpWriter.json	fixtures_versions	Full JSON parse and recursive structural/semantic census; inspected per-file summary and representative/suspicious records; replayed version/shared/OS overlay through translator/checker	bb09b9d0b2fd43176bef113cae8a0032367655e8c286b9521f64e015de9895bc	5a849265f4a38d6bd05aec81aa270b6c81d11b5d
tests/golden/0.15.2/atomics/air/atomics.mpWriterRelaxed.json	fixtures_versions	Full JSON parse and recursive structural/semantic census; inspected per-file summary and representative/suspicious records; replayed version/shared/OS overlay through translator/checker	7508081915757493e42bd8f2575d146c7c7e2beb9fbd176707cd263fe9a8a7f6	5a849265f4a38d6bd05aec81aa270b6c81d11b5d
tests/golden/0.15.2/atomics/air/atomics.push.json	fixtures_versions	Full JSON parse and recursive structural/semantic census; inspected per-file summary and representative/suspicious records; replayed version/shared/OS overlay through translator/checker	d8feed6f8da129d26031b77cba0d8e19270870200d4765fe747b2bd63e57acb1	5a849265f4a38d6bd05aec81aa270b6c81d11b5d
tests/golden/0.15.2/atomics/air/atomics.sb.json	fixtures_versions	Full JSON parse and recursive structural/semantic census; inspected per-file summary and representative/suspicious records; replayed version/shared/OS overlay through translator/checker	d100aaa3c3a4816961ae717b0a35755075633d519c69f30bb26d54af7e3f3a14	5a849265f4a38d6bd05aec81aa270b6c81d11b5d
tests/golden/0.15.2/atomics/air/atomics.sbRelaxed.json	fixtures_versions	Full JSON parse and recursive structural/semantic census; inspected per-file summary and representative/suspicious records; replayed version/shared/OS overlay through translator/checker	7b8c5078837d7a6b042f5eb01775221c98e16a07dd9b0fdcaf33afa3e981bdd9	5a849265f4a38d6bd05aec81aa270b6c81d11b5d
tests/golden/0.15.2/atomics/air/atomics.stackPush.json	fixtures_versions	Full JSON parse and recursive structural/semantic census; inspected per-file summary and representative/suspicious records; replayed version/shared/OS overlay through translator/checker	632b909e146e92fcb41c3992cda70689284e6474c0eb49338655c9f92c3ecb39	5a849265f4a38d6bd05aec81aa270b6c81d11b5d
tests/golden/0.15.2/atomics/air/atomics.twoPlusTwoW.json	fixtures_versions	Full JSON parse and recursive structural/semantic census; inspected per-file summary and representative/suspicious records; replayed version/shared/OS overlay through translator/checker	4dd902bd4479d93db993bd3b6033518d6a4d7539953c3b6bfccd42b551d63438	5a849265f4a38d6bd05aec81aa270b6c81d11b5d
tests/golden/0.15.2/floatops/Gen.lean	fixtures_versions	Read full generated Lean source, with duplicate sources compared in full and differences read; compile and exact regenerated-output comparison	0d5b506b4f4b6e1b829242f86a986e1068b45457977a61b228e3a8d8734c6d45	5a849265f4a38d6bd05aec81aa270b6c81d11b5d
tests/golden/0.15.2/layout/Gen.lean	fixtures_versions	Read full generated Lean source, with duplicate sources compared in full and differences read; compile and exact regenerated-output comparison	eb622472defdde7e4d244992bd80d5553b00bcaeb14db82496261bac8775f585	5a849265f4a38d6bd05aec81aa270b6c81d11b5d
tests/golden/0.15.2/layout/air/layout.bumpPair.json	fixtures_versions	Full JSON parse and recursive structural/semantic census; inspected per-file summary and representative/suspicious records; replayed version/shared/OS overlay through translator/checker	7e6fd6e45c2bb9f612f424b0c3b46a9f9b41f858cf86104328bda3aad1ddce8b	5a849265f4a38d6bd05aec81aa270b6c81d11b5d
tests/golden/0.15.2/layout/air/layout.ctlMode.json	fixtures_versions	Full JSON parse and recursive structural/semantic census; inspected per-file summary and representative/suspicious records; replayed version/shared/OS overlay through translator/checker	31a0b3cfa5bc44f58579356676a1e2223ad0969824b55c6bec528e3de9c554f8	5a849265f4a38d6bd05aec81aa270b6c81d11b5d
tests/golden/0.15.2/layout/air/layout.ctlSum.json	fixtures_versions	Full JSON parse and recursive structural/semantic census; inspected per-file summary and representative/suspicious records; replayed version/shared/OS overlay through translator/checker	8a0dfc3c1f4c10dab58cefaeab7a5ccded7bf5d1aa8f7a0e54939fb579175a9d	5a849265f4a38d6bd05aec81aa270b6c81d11b5d
tests/golden/0.15.2/layout/air/layout.growCircle.json	fixtures_versions	Full JSON parse and recursive structural/semantic census; inspected per-file summary and representative/suspicious records; replayed version/shared/OS overlay through translator/checker	d96abffa199798101787f91455bd1be48b4d759d734c802e878d4068036bc412	5a849265f4a38d6bd05aec81aa270b6c81d11b5d
tests/golden/0.15.2/layout/air/layout.headerLen.json	fixtures_versions	Full JSON parse and recursive structural/semantic census; inspected per-file summary and representative/suspicious records; replayed version/shared/OS overlay through translator/checker	086f38daec103881f2757bb5c563981483a2701897d42fd780717920bd2e548f	5a849265f4a38d6bd05aec81aa270b6c81d11b5d
tests/golden/0.15.2/layout/air/layout.isOk.json	fixtures_versions	Full JSON parse and recursive structural/semantic census; inspected per-file summary and representative/suspicious records; replayed version/shared/OS overlay through translator/checker	e307fb73a9408e15bb4fcf865ce133a463ecfaf82d2ddff76656431bb58b89b0	5a849265f4a38d6bd05aec81aa270b6c81d11b5d
tests/golden/0.15.2/layout/air/layout.laneSet.json	fixtures_versions	Full JSON parse and recursive structural/semantic census; inspected per-file summary and representative/suspicious records; replayed version/shared/OS overlay through translator/checker	c49052abffde254eb0f829605d19691d0bf20857031cd181826fc32f63d7f111	5a849265f4a38d6bd05aec81aa270b6c81d11b5d
tests/golden/0.15.2/layout/air/layout.lowByte.json	fixtures_versions	Full JSON parse and recursive structural/semantic census; inspected per-file summary and representative/suspicious records; replayed version/shared/OS overlay through translator/checker	514d108a6b8f88587696ee2aba7e7cf52ebbef89eb9c28ee9ac539d80e1f07a0	5a849265f4a38d6bd05aec81aa270b6c81d11b5d
tests/golden/0.15.2/layout/air/layout.nibArg.json	fixtures_versions	Full JSON parse and recursive structural/semantic census; inspected per-file summary and representative/suspicious records; replayed version/shared/OS overlay through translator/checker	fdeb788845c7d383020e87381083a015fa23a8ac18bbdbf5272c963a74b1ef5d	5a849265f4a38d6bd05aec81aa270b6c81d11b5d
tests/golden/0.15.2/layout/air/layout.nibSigned.json	fixtures_versions	Full JSON parse and recursive structural/semantic census; inspected per-file summary and representative/suspicious records; replayed version/shared/OS overlay through translator/checker	6e0271a9afdfdd7a14b827726f19aa2377a03effc0286823fcdbef6228ba70f3	5a849265f4a38d6bd05aec81aa270b6c81d11b5d
tests/golden/0.15.2/layout/air/layout.numInt.json	fixtures_versions	Full JSON parse and recursive structural/semantic census; inspected per-file summary and representative/suspicious records; replayed version/shared/OS overlay through translator/checker	334d6298f6ce3caabd31d6375c6bf6f8427158e3151837797bc8a0696ca2b5e0	5a849265f4a38d6bd05aec81aa270b6c81d11b5d
tests/golden/0.15.2/layout/air/layout.parentOfX.json	fixtures_versions	Full JSON parse and recursive structural/semantic census; inspected per-file summary and representative/suspicious records; replayed version/shared/OS overlay through translator/checker	5cef4a4e092deba850f09a74d977bc27b25418ca7c72de39f34cd3d3c4135aa2	5a849265f4a38d6bd05aec81aa270b6c81d11b5d
tests/golden/0.15.2/layout/air/layout.parentOfY.json	fixtures_versions	Full JSON parse and recursive structural/semantic census; inspected per-file summary and representative/suspicious records; replayed version/shared/OS overlay through translator/checker	516a911ea7cb24ad9eeedc68dcf45e4e69d36c2f72ddebbf418594894dfa302f	5a849265f4a38d6bd05aec81aa270b6c81d11b5d
tests/golden/0.15.2/layout/air/layout.readHeader.json	fixtures_versions	Full JSON parse and recursive structural/semantic census; inspected per-file summary and representative/suspicious records; replayed version/shared/OS overlay through translator/checker	8d866271debf49e5b32ff77977e77393437832a76a7fe94cc91c85971fe146dd	5a849265f4a38d6bd05aec81aa270b6c81d11b5d
tests/golden/0.15.2/layout/air/layout.regSigned.json	fixtures_versions	Full JSON parse and recursive structural/semantic census; inspected per-file summary and representative/suspicious records; replayed version/shared/OS overlay through translator/checker	0d8822a6d427970fdbb14bdd4bcc1fe8ee9445885ed884df974ab3b994d0f0b9	5a849265f4a38d6bd05aec81aa270b6c81d11b5d
tests/golden/0.15.2/layout/air/layout.setHalf.json	fixtures_versions	Full JSON parse and recursive structural/semantic census; inspected per-file summary and representative/suspicious records; replayed version/shared/OS overlay through translator/checker	01dc82887312d78d9ff674b9c1c3c98da7808befe90735734286e3d6fc30bad8	5a849265f4a38d6bd05aec81aa270b6c81d11b5d
tests/golden/0.15.2/layout/air/layout.setNib.json	fixtures_versions	Full JSON parse and recursive structural/semantic census; inspected per-file summary and representative/suspicious records; replayed version/shared/OS overlay through translator/checker	5102a19d840c7011bac9b6db78e5b623497dffa162c68e640b6b1c1d978fed8a	5a849265f4a38d6bd05aec81aa270b6c81d11b5d
tests/golden/0.15.2/layout/air/layout.setRegFlags.json	fixtures_versions	Full JSON parse and recursive structural/semantic census; inspected per-file summary and representative/suspicious records; replayed version/shared/OS overlay through translator/checker	29f6b337d9501ce87e37123f3455076af14b7218ac8f24c7a717a21fabc9cba0	5a849265f4a38d6bd05aec81aa270b6c81d11b5d
tests/golden/0.15.2/layout/air/layout.shapeArea.json	fixtures_versions	Full JSON parse and recursive structural/semantic census; inspected per-file summary and representative/suspicious records; replayed version/shared/OS overlay through translator/checker	71ea2203ceaab1e14ed961c45899039f9fe6b59bc429956f82e6a3b9d9073700	5a849265f4a38d6bd05aec81aa270b6c81d11b5d
tests/golden/0.15.2/layout/air/layout.wordByte.json	fixtures_versions	Full JSON parse and recursive structural/semantic census; inspected per-file summary and representative/suspicious records; replayed version/shared/OS overlay through translator/checker	88bc798e50a3bb3a93933dfeb20326ca43cc452da4ccdc5b5bcc20ee2437a318	5a849265f4a38d6bd05aec81aa270b6c81d11b5d
tests/golden/0.15.2/layout/air/layout.wordHalf.json	fixtures_versions	Full JSON parse and recursive structural/semantic census; inspected per-file summary and representative/suspicious records; replayed version/shared/OS overlay through translator/checker	af0e269e94e28586d1397347b931ee1db99936eb82f7ebf4662935ad3b1d8771	5a849265f4a38d6bd05aec81aa270b6c81d11b5d
tests/golden/0.15.2/lists/Gen.lean	fixtures_versions	Read full generated Lean source, with duplicate sources compared in full and differences read; compile and exact regenerated-output comparison	30f55d0d7f0be88be77a286521fe2cc132cb8fba7c5922cb6045f8d9f2213e7e	5a849265f4a38d6bd05aec81aa270b6c81d11b5d
tests/golden/0.15.2/lists/air/array_list.Aligned(u32,null).addOne.json	fixtures_versions	Full JSON parse and recursive structural/semantic census; inspected per-file summary and representative/suspicious records; replayed version/shared/OS overlay through translator/checker	7ac6f509c70e0cd6f2b6444d3df0cc30d6141a5ba813449eacd20618b6b2e2fe	5a849265f4a38d6bd05aec81aa270b6c81d11b5d
tests/golden/0.15.2/lists/air/array_list.Aligned(u32,null).addOneAssumeCapacity.json	fixtures_versions	Full JSON parse and recursive structural/semantic census; inspected per-file summary and representative/suspicious records; replayed version/shared/OS overlay through translator/checker	0a8e2b115d20d2e130cda2bbe19b0d07bfb2fddab58302a5255ea0a6b60efcce	5a849265f4a38d6bd05aec81aa270b6c81d11b5d
tests/golden/0.15.2/lists/air/array_list.Aligned(u32,null).allocatedSlice.json	fixtures_versions	Full JSON parse and recursive structural/semantic census; inspected per-file summary and representative/suspicious records; replayed version/shared/OS overlay through translator/checker	a96d1dd49126c578a9cf93e5447fbe358662e68af6f82c5def6ed4cb36842613	5a849265f4a38d6bd05aec81aa270b6c81d11b5d
tests/golden/0.15.2/lists/air/array_list.Aligned(u32,null).ensureTotalCapacity.json	fixtures_versions	Full JSON parse and recursive structural/semantic census; inspected per-file summary and representative/suspicious records; replayed version/shared/OS overlay through translator/checker	a97b1033fb159ecbf22ba273799295c51ac8a5f245888300a4c3d792f4bf9c84	5a849265f4a38d6bd05aec81aa270b6c81d11b5d
tests/golden/0.15.2/lists/air/array_list.Aligned(u32,null).ensureTotalCapacityPrecise.json	fixtures_versions	Full JSON parse and recursive structural/semantic census; inspected per-file summary and representative/suspicious records; replayed version/shared/OS overlay through translator/checker	1b88508dff142b09780d25651ed071dd248b96f794420e7b052f43ddc769f86f	5a849265f4a38d6bd05aec81aa270b6c81d11b5d
tests/golden/0.15.2/lists/air/array_list.Aligned(u32,null).growCapacity.json	fixtures_versions	Full JSON parse and recursive structural/semantic census; inspected per-file summary and representative/suspicious records; replayed version/shared/OS overlay through translator/checker	3d43ae1033eec0e8ac83061a51f69898c5ab32eeb763a97fb5a3403c26b74b8b	5a849265f4a38d6bd05aec81aa270b6c81d11b5d
tests/golden/0.15.2/lists/air/array_list.Aligned(u32,null).toOwnedSlice.json	fixtures_versions	Full JSON parse and recursive structural/semantic census; inspected per-file summary and representative/suspicious records; replayed version/shared/OS overlay through translator/checker	b5eba7bca13d48ab9d40b380352da679b4d3dc1eb276dfcecdbd2eb6edb903d3	5a849265f4a38d6bd05aec81aa270b6c81d11b5d
tests/golden/0.15.2/lists/air/debug.assert.json	fixtures_versions	Full JSON parse and recursive structural/semantic census; inspected per-file summary and representative/suspicious records; replayed version/shared/OS overlay through translator/checker	d8e5e75b2c55f29e1e8eedf018fcbe3fb9bb0bcd0c6a5a18f920591f3f7aa5a5	5a849265f4a38d6bd05aec81aa270b6c81d11b5d
tests/golden/0.15.2/lists/air/lists.dupeZLen.json	fixtures_versions	Full JSON parse and recursive structural/semantic census; inspected per-file summary and representative/suspicious records; replayed version/shared/OS overlay through translator/checker	39de72a397212a638acb76b35902770255a3ef198baeba7ce7d39286dfc0def5	5a849265f4a38d6bd05aec81aa270b6c81d11b5d
tests/golden/0.15.2/lists/air/lists.evens.json	fixtures_versions	Full JSON parse and recursive structural/semantic census; inspected per-file summary and representative/suspicious records; replayed version/shared/OS overlay through translator/checker	bc6368f5a277310cacc8ea3683ea81346dfa4766669505563b4a6da62608914d	5a849265f4a38d6bd05aec81aa270b6c81d11b5d
tests/golden/0.15.2/lists/air/lists.freeAll.json	fixtures_versions	Full JSON parse and recursive structural/semantic census; inspected per-file summary and representative/suspicious records; replayed version/shared/OS overlay through translator/checker	84276d5c5c5948fd495403ec0735e69154e9b13ea48920f0c4bb843f410fd807	5a849265f4a38d6bd05aec81aa270b6c81d11b5d
tests/golden/0.15.2/lists/air/lists.listSum.json	fixtures_versions	Full JSON parse and recursive structural/semantic census; inspected per-file summary and representative/suspicious records; replayed version/shared/OS overlay through translator/checker	cffad046191324e4fd159ac51c9c4e3c75d1acf4897d8e08e789c0fd3ed445ac	5a849265f4a38d6bd05aec81aa270b6c81d11b5d
tests/golden/0.15.2/lists/air/lists.push.json	fixtures_versions	Full JSON parse and recursive structural/semantic census; inspected per-file summary and representative/suspicious records; replayed version/shared/OS overlay through translator/checker	1e4c2f25c560b8ca4849cbcba8d3562690f5fdc731ea15390454f79a5a5540b9	5a849265f4a38d6bd05aec81aa270b6c81d11b5d
tests/golden/0.15.2/lists/air/lists.reverse.json	fixtures_versions	Full JSON parse and recursive structural/semantic census; inspected per-file summary and representative/suspicious records; replayed version/shared/OS overlay through translator/checker	bc67884ce287cd1b4f5b8dee4fa5878cb4204907f9d7b30ed6cfb9c46e7f4116	5a849265f4a38d6bd05aec81aa270b6c81d11b5d
tests/golden/0.15.2/lists/air/lists.sum.json	fixtures_versions	Full JSON parse and recursive structural/semantic census; inspected per-file summary and representative/suspicious records; replayed version/shared/OS overlay through translator/checker	05bfc10f081e1a75c298f91929002b376e95ee67473d4ad484d897b5b47ac2a7	5a849265f4a38d6bd05aec81aa270b6c81d11b5d
tests/golden/0.15.2/lists/air/mem.Allocator.dupeZ__anon_N.json	fixtures_versions	Full JSON parse and recursive structural/semantic census; inspected per-file summary and representative/suspicious records; replayed version/shared/OS overlay through translator/checker	5dbff672fab96f138cb626ba13b36fd2626e218191a4240c1abe6fc2aa4c381f	5a849265f4a38d6bd05aec81aa270b6c81d11b5d
tests/golden/0.15.2/slices/Gen.lean	fixtures_versions	Read full generated Lean source, with duplicate sources compared in full and differences read; compile and exact regenerated-output comparison	71a1ce6fe3468faf207c604e9e0f5ea8491de1fde1a5fe09da20d098d1485969	5a849265f4a38d6bd05aec81aa270b6c81d11b5d
tests/golden/0.15.2/slices/air/slices.sentinelArr.json	fixtures_versions	Full JSON parse and recursive structural/semantic census; inspected per-file summary and representative/suspicious records; replayed version/shared/OS overlay through translator/checker	c2a6998b376a4058b6c18a943b47b354200ad64fc384233b376af381da3f657e	5a849265f4a38d6bd05aec81aa270b6c81d11b5d
tests/golden/0.15.2/threads/Gen.lean	fixtures_versions	Read full generated Lean source, with duplicate sources compared in full and differences read; compile and exact regenerated-output comparison	30f3ee004a0ec6b63ba85c236ecd3eae2e9787e3e65143db2912c62680655071	5a849265f4a38d6bd05aec81aa270b6c81d11b5d
tests/golden/0.15.2/threads/air-linux/threads.claimOnce.json	fixtures_versions	Full JSON parse and recursive structural/semantic census; inspected per-file summary and representative/suspicious records; replayed version/shared/OS overlay through translator/checker	40820093e0b3554e06dc8c5bba3c51d8838eb2f0db192d568e7c5587153e365b	5a849265f4a38d6bd05aec81aa270b6c81d11b5d
tests/golden/0.15.2/threads/air-linux/threads.disjoint.json	fixtures_versions	Full JSON parse and recursive structural/semantic census; inspected per-file summary and representative/suspicious records; replayed version/shared/OS overlay through translator/checker	adbc7283ab92dbc23cb55f2da0058d1eed8d0902829f2073830f64b1dc35a632	5a849265f4a38d6bd05aec81aa270b6c81d11b5d
tests/golden/0.15.2/threads/air-linux/threads.parallelCounter.json	fixtures_versions	Full JSON parse and recursive structural/semantic census; inspected per-file summary and representative/suspicious records; replayed version/shared/OS overlay through translator/checker	6b9d88835c3cb9fdc48b0b95fd11042e7ed8f19f3d9fae9c06c415e38bd55e9f	5a849265f4a38d6bd05aec81aa270b6c81d11b5d
tests/golden/0.15.2/threads/air-linux/threads.race.json	fixtures_versions	Full JSON parse and recursive structural/semantic census; inspected per-file summary and representative/suspicious records; replayed version/shared/OS overlay through translator/checker	3ea9554d265679293bfd55432aa015aef0191cf6166b52aea2631519dea6a7fa	5a849265f4a38d6bd05aec81aa270b6c81d11b5d
tests/golden/0.15.2/threads/air-linux/threads.xchgRace.json	fixtures_versions	Full JSON parse and recursive structural/semantic census; inspected per-file summary and representative/suspicious records; replayed version/shared/OS overlay through translator/checker	74682da498198fef97ef6bef8d2a36e8dfe7974a9f87360b790c9c41acf8e9d5	5a849265f4a38d6bd05aec81aa270b6c81d11b5d
tests/golden/0.15.2/threads/air/threads.bump.json	fixtures_versions	Full JSON parse and recursive structural/semantic census; inspected per-file summary and representative/suspicious records; replayed version/shared/OS overlay through translator/checker	51419cc67aa39b4c8ab50c5439f3939872600962d854bef4aee6316eb6fce491	5a849265f4a38d6bd05aec81aa270b6c81d11b5d
tests/golden/0.15.2/threads/air/threads.claimOnce.json	fixtures_versions	Full JSON parse and recursive structural/semantic census; inspected per-file summary and representative/suspicious records; replayed version/shared/OS overlay through translator/checker	4aec5c6c0c5f2b0a779db44aaff13d9bbdcb21d72b06cd443e6a55830b255689	5a849265f4a38d6bd05aec81aa270b6c81d11b5d
tests/golden/0.15.2/threads/air/threads.disjoint.json	fixtures_versions	Full JSON parse and recursive structural/semantic census; inspected per-file summary and representative/suspicious records; replayed version/shared/OS overlay through translator/checker	c7b444b172f6888df3eff12f22b54b12d1a92345f269d5a7394d65c56746cc36	5a849265f4a38d6bd05aec81aa270b6c81d11b5d
tests/golden/0.15.2/threads/air/threads.parallelCounter.json	fixtures_versions	Full JSON parse and recursive structural/semantic census; inspected per-file summary and representative/suspicious records; replayed version/shared/OS overlay through translator/checker	4d7f1502a5326680d85f1986dda4fa63a5d3b381893226c4c636a4b4600cd7db	5a849265f4a38d6bd05aec81aa270b6c81d11b5d
tests/golden/0.15.2/threads/air/threads.race.json	fixtures_versions	Full JSON parse and recursive structural/semantic census; inspected per-file summary and representative/suspicious records; replayed version/shared/OS overlay through translator/checker	a07137192f790da4ddc70a540a484fa714b60c35fcf066cf80c3b0e77048329c	5a849265f4a38d6bd05aec81aa270b6c81d11b5d
tests/golden/0.15.2/threads/air/threads.swapFlag.json	fixtures_versions	Full JSON parse and recursive structural/semantic census; inspected per-file summary and representative/suspicious records; replayed version/shared/OS overlay through translator/checker	39af402a511e581f6b4a2c492ab87ceb625fd69498e0994796436aca0971be31	5a849265f4a38d6bd05aec81aa270b6c81d11b5d
tests/golden/0.15.2/threads/air/threads.writeFlag.json	fixtures_versions	Full JSON parse and recursive structural/semantic census; inspected per-file summary and representative/suspicious records; replayed version/shared/OS overlay through translator/checker	5926f656b3fdd2c9da199fc588999d2c710a166f488a6d150b519e5259bbf6ab	5a849265f4a38d6bd05aec81aa270b6c81d11b5d
tests/golden/0.15.2/threads/air/threads.xchgRace.json	fixtures_versions	Full JSON parse and recursive structural/semantic census; inspected per-file summary and representative/suspicious records; replayed version/shared/OS overlay through translator/checker	3fb8336963487694d5b86d4de6b74bd3e69d12382594f2cca17e008cb3d86e02	5a849265f4a38d6bd05aec81aa270b6c81d11b5d
tests/golden/0.15.2/threadsync/Gen-darwin.lean	fixtures_versions	Read full generated Lean source, with duplicate sources compared in full and differences read; compile and exact regenerated-output comparison	be8f2266e3ce45cd585745bd8e3b9bd0aa90a53ce8bb45bcd1d97773ed321d81	5a849265f4a38d6bd05aec81aa270b6c81d11b5d
tests/golden/0.15.2/threadsync/air-linux/Thread.Condition.FutexImpl.wait.json	fixtures_versions	Full JSON parse and recursive structural/semantic census; inspected per-file summary and representative/suspicious records; replayed version/shared/OS overlay through translator/checker	aa4db9b0f3f3b442d29c8dde669c5415adf5cd83d4e4599807fef6c1353b8058	5a849265f4a38d6bd05aec81aa270b6c81d11b5d
tests/golden/0.15.2/threadsync/air-linux/Thread.Condition.FutexImpl.wake__anon_11680.json	fixtures_versions	Full JSON parse and recursive structural/semantic census; inspected per-file summary and representative/suspicious records; replayed version/shared/OS overlay through translator/checker	02303794e6fb21cfb3bf14db4992b21083b2a3e006caea74f371a7d33db5fdff	5a849265f4a38d6bd05aec81aa270b6c81d11b5d
tests/golden/0.15.2/threadsync/air-linux/Thread.Condition.wait.json	fixtures_versions	Full JSON parse and recursive structural/semantic census; inspected per-file summary and representative/suspicious records; replayed version/shared/OS overlay through translator/checker	2c86a73961a6aa70f8a1f4ceffff2dd04326105a32fda020312deab4f26e3ec3	5a849265f4a38d6bd05aec81aa270b6c81d11b5d
tests/golden/0.15.2/threadsync/air-linux/Thread.Futex.Deadline.init.json	fixtures_versions	Full JSON parse and recursive structural/semantic census; inspected per-file summary and representative/suspicious records; replayed version/shared/OS overlay through translator/checker	f16bedba25cd20cc8929e455aa6587139f9c16b52eef0ef743917f3e91864c5a	5a849265f4a38d6bd05aec81aa270b6c81d11b5d
tests/golden/0.15.2/threadsync/air-linux/Thread.Futex.Deadline.wait.json	fixtures_versions	Full JSON parse and recursive structural/semantic census; inspected per-file summary and representative/suspicious records; replayed version/shared/OS overlay through translator/checker	9df6e157855bbed8907d89317d9fd770b822c890743d72b8ac38ee80f7c1d9ab	5a849265f4a38d6bd05aec81aa270b6c81d11b5d
tests/golden/0.15.2/threadsync/air-linux/Thread.Mutex.FutexImpl.lock.json	fixtures_versions	Full JSON parse and recursive structural/semantic census; inspected per-file summary and representative/suspicious records; replayed version/shared/OS overlay through translator/checker	c96330f6049bc8cd975f629625cff3fb2521e808febe7c7a3e6f3289835185bd	5a849265f4a38d6bd05aec81aa270b6c81d11b5d
tests/golden/0.15.2/threadsync/air-linux/Thread.Mutex.FutexImpl.lockSlow.json	fixtures_versions	Full JSON parse and recursive structural/semantic census; inspected per-file summary and representative/suspicious records; replayed version/shared/OS overlay through translator/checker	b1b600931a1739db1edc28d8f4567d822e5a180050648f222466430ebc934ba4	5a849265f4a38d6bd05aec81aa270b6c81d11b5d
tests/golden/0.15.2/threadsync/air-linux/Thread.Mutex.FutexImpl.tryLock.json	fixtures_versions	Full JSON parse and recursive structural/semantic census; inspected per-file summary and representative/suspicious records; replayed version/shared/OS overlay through translator/checker	408859403d13548592ea53e19f663d3d9081eac07b83abb0fa44355858788d45	5a849265f4a38d6bd05aec81aa270b6c81d11b5d
tests/golden/0.15.2/threadsync/air-linux/Thread.Mutex.FutexImpl.unlock.json	fixtures_versions	Full JSON parse and recursive structural/semantic census; inspected per-file summary and representative/suspicious records; replayed version/shared/OS overlay through translator/checker	4ca3b399b4e330895f6dabc078414b4313322391b06e7929bf7f9c658cfd5a72	5a849265f4a38d6bd05aec81aa270b6c81d11b5d
tests/golden/0.15.2/threadsync/air-linux/Thread.Mutex.lock.json	fixtures_versions	Full JSON parse and recursive structural/semantic census; inspected per-file summary and representative/suspicious records; replayed version/shared/OS overlay through translator/checker	376158c88ed4c1d6c729e7ef71e50e585cdc0c60a7df95ae5b24e657cd7d7728	5a849265f4a38d6bd05aec81aa270b6c81d11b5d
tests/golden/0.15.2/threadsync/air-linux/Thread.Mutex.unlock.json	fixtures_versions	Full JSON parse and recursive structural/semantic census; inspected per-file summary and representative/suspicious records; replayed version/shared/OS overlay through translator/checker	1720bff3e2b0b21c49049a28ce33bb9a785d0eb214ee166da1df859d319c2249	5a849265f4a38d6bd05aec81aa270b6c81d11b5d
tests/golden/0.15.2/threadsync/air-linux/Thread.ResetEvent.FutexImpl.waitUntilSet.json	fixtures_versions	Full JSON parse and recursive structural/semantic census; inspected per-file summary and representative/suspicious records; replayed version/shared/OS overlay through translator/checker	935249d4216e5ec349722951e9221e38a6224966e0f6cb063b1249e4b2320480	5a849265f4a38d6bd05aec81aa270b6c81d11b5d
tests/golden/0.15.2/threadsync/air-linux/math.sub__anon_16053.json	fixtures_versions	Full JSON parse and recursive structural/semantic census; inspected per-file summary and representative/suspicious records; replayed version/shared/OS overlay through translator/checker	6f1a0d049c1a65baeb6d34b1f1e376b5e9ae9367d0887a1e3298d0ffb77c5504	5a849265f4a38d6bd05aec81aa270b6c81d11b5d
tests/golden/0.15.2/threadsync/air-linux/math.sub__anon_4535.json	fixtures_versions	Full JSON parse and recursive structural/semantic census; inspected per-file summary and representative/suspicious records; replayed version/shared/OS overlay through translator/checker	f328be5890bfe4ac712069ae86f4ae184d1c1a36bd7a5d5693965eb53ef97f4f	5a849265f4a38d6bd05aec81aa270b6c81d11b5d
tests/golden/0.15.2/threadsync/air-linux/math.sub__anon_4576.json	fixtures_versions	Full JSON parse and recursive structural/semantic census; inspected per-file summary and representative/suspicious records; replayed version/shared/OS overlay through translator/checker	cab918ffecc6cab3c60fb3dbe8ff0d3d0e33c615b185f20320b3ea4dd86abbb5	5a849265f4a38d6bd05aec81aa270b6c81d11b5d
tests/golden/0.15.2/threadsync/air-linux/threadsync.handoff.json	fixtures_versions	Full JSON parse and recursive structural/semantic census; inspected per-file summary and representative/suspicious records; replayed version/shared/OS overlay through translator/checker	02f8e92d2e58da7f0f05f1423976cff269c2c19a1a673f3339c47c7ed9d889d0	5a849265f4a38d6bd05aec81aa270b6c81d11b5d
tests/golden/0.15.2/threadsync/air-linux/threadsync.mutexCounter.json	fixtures_versions	Full JSON parse and recursive structural/semantic census; inspected per-file summary and representative/suspicious records; replayed version/shared/OS overlay through translator/checker	b51533c5eda56d72731380ca290d54136884fbeb762a7dd2d1d76ec88229d9af	5a849265f4a38d6bd05aec81aa270b6c81d11b5d
tests/golden/0.15.2/threadsync/air-linux/threadsync.producer.json	fixtures_versions	Full JSON parse and recursive structural/semantic census; inspected per-file summary and representative/suspicious records; replayed version/shared/OS overlay through translator/checker	5bb23016284b4ab249936d33c5b09db15536df28d1705de3d0b3e9a197ffd5c1	5a849265f4a38d6bd05aec81aa270b6c81d11b5d
tests/golden/0.15.2/threadsync/air-linux/threadsync.task.json	fixtures_versions	Full JSON parse and recursive structural/semantic census; inspected per-file summary and representative/suspicious records; replayed version/shared/OS overlay through translator/checker	35fbe1c1bf4f7985c3f01e8a8be7bec57a9e121cf53566751ff6f5bb2b351716	5a849265f4a38d6bd05aec81aa270b6c81d11b5d
tests/golden/0.15.2/threadsync/air-linux/threadsync.waitGroup.json	fixtures_versions	Full JSON parse and recursive structural/semantic census; inspected per-file summary and representative/suspicious records; replayed version/shared/OS overlay through translator/checker	296cf805b50bc1550a9978b2726f13a86b1e5ea877a413db64dffd33b5de948b	5a849265f4a38d6bd05aec81aa270b6c81d11b5d
tests/golden/0.15.2/threadsync/air-linux/threadsync.work.json	fixtures_versions	Full JSON parse and recursive structural/semantic census; inspected per-file summary and representative/suspicious records; replayed version/shared/OS overlay through translator/checker	ec4dc041e667d9c5e97dcc89548d6da29c9c719eb274c04c4f7429cf75a92e5b	5a849265f4a38d6bd05aec81aa270b6c81d11b5d
tests/golden/0.15.2/vectors/air/vectors.vOverflow.json	fixtures_versions	Full JSON parse and recursive structural/semantic census; inspected per-file summary and representative/suspicious records; replayed version/shared/OS overlay through translator/checker	3123406fa9b5a834434fa0685a5e50ef035ae017db89058cdffda204d26bd3b8	5a849265f4a38d6bd05aec81aa270b6c81d11b5d
tests/golden/0.16.0/atomics/air-linux/atomics.mpRelAcq.json	fixtures_versions	Full JSON parse and recursive structural/semantic census; inspected per-file summary and representative/suspicious records; replayed version/shared/OS overlay through translator/checker	21eca98b44b73ea78f6127e79b215cc68e8f66af8943aeffe5fab7b9768c1207	5a849265f4a38d6bd05aec81aa270b6c81d11b5d
tests/golden/0.16.0/atomics/air-linux/atomics.mpRelaxed.json	fixtures_versions	Full JSON parse and recursive structural/semantic census; inspected per-file summary and representative/suspicious records; replayed version/shared/OS overlay through translator/checker	a6ea09143cd58f434ab9eaef20525284f9200077f29b2948efe1c15dbdf54424	5a849265f4a38d6bd05aec81aa270b6c81d11b5d
tests/golden/0.16.0/atomics/air-linux/atomics.sbRelaxed.json	fixtures_versions	Full JSON parse and recursive structural/semantic census; inspected per-file summary and representative/suspicious records; replayed version/shared/OS overlay through translator/checker	779eab833930f76d67b987407a37aefec0f5b4531c974017f4744d537a236ed2	5a849265f4a38d6bd05aec81aa270b6c81d11b5d
tests/golden/0.16.0/atomics/air-linux/atomics.stackPush.json	fixtures_versions	Full JSON parse and recursive structural/semantic census; inspected per-file summary and representative/suspicious records; replayed version/shared/OS overlay through translator/checker	20b96bc50410a5d2fcb445248023a7c2eb0243a225e119f6974bf2dc8479b662	5a849265f4a38d6bd05aec81aa270b6c81d11b5d
tests/golden/0.16.0/atomics/air-linux/atomics.twoPlusTwoW.json	fixtures_versions	Full JSON parse and recursive structural/semantic census; inspected per-file summary and representative/suspicious records; replayed version/shared/OS overlay through translator/checker	2db38f9302f5322e40a22191adf2de0077e41a47070956e997d78d0fa9c4527e	5a849265f4a38d6bd05aec81aa270b6c81d11b5d
tests/golden/0.16.0/basic/air/basic.totalWeightedTardiness.json	fixtures_versions	Full JSON parse and recursive structural/semantic census; inspected per-file summary and representative/suspicious records; replayed version/shared/OS overlay through translator/checker	38aa6570d09c10f2925d1c0db5d1792db0fcef4978b86ff62adc060eee9d62c2	5a849265f4a38d6bd05aec81aa270b6c81d11b5d
tests/golden/0.16.0/basic/air/basic.weightedTardiness.json	fixtures_versions	Full JSON parse and recursive structural/semantic census; inspected per-file summary and representative/suspicious records; replayed version/shared/OS overlay through translator/checker	260071815623699c5bb533dd5542098e29998fdd65726aad35ab891f71ed0e38	5a849265f4a38d6bd05aec81aa270b6c81d11b5d
tests/golden/0.16.0/floatops/air/floatops.op128.json	fixtures_versions	Full JSON parse and recursive structural/semantic census; inspected per-file summary and representative/suspicious records; replayed version/shared/OS overlay through translator/checker	68a7d8b8c4ee0720a94549a8e30b3fa554ab57fc52ea4d3e7485fa6140d81b7c	5a849265f4a38d6bd05aec81aa270b6c81d11b5d
tests/golden/0.16.0/floatops/air/floatops.op16.json	fixtures_versions	Full JSON parse and recursive structural/semantic census; inspected per-file summary and representative/suspicious records; replayed version/shared/OS overlay through translator/checker	38b81a7186302c97f87b5c05526b3c6da19d859004dd8fd3b24bbd75c1c252ca	5a849265f4a38d6bd05aec81aa270b6c81d11b5d
tests/golden/0.16.0/floatops/air/floatops.op32.json	fixtures_versions	Full JSON parse and recursive structural/semantic census; inspected per-file summary and representative/suspicious records; replayed version/shared/OS overlay through translator/checker	b78be835b47ee4a40fcb39abf6689c8d4756af2d90cc36529eeeddb206e5ae72	5a849265f4a38d6bd05aec81aa270b6c81d11b5d
tests/golden/0.16.0/floatops/air/floatops.op64.json	fixtures_versions	Full JSON parse and recursive structural/semantic census; inspected per-file summary and representative/suspicious records; replayed version/shared/OS overlay through translator/checker	af4890de135d375a097e9436628b6f1ea5a48c667e6e4190971d63d986248b1c	5a849265f4a38d6bd05aec81aa270b6c81d11b5d
tests/golden/0.16.0/floatops/air/floatops.op80.json	fixtures_versions	Full JSON parse and recursive structural/semantic census; inspected per-file summary and representative/suspicious records; replayed version/shared/OS overlay through translator/checker	7613c8be3155a9d2cd3a1655ae5138bb3bf49f075f9bfac2cd3309c187ac8652	5a849265f4a38d6bd05aec81aa270b6c81d11b5d
tests/golden/0.16.0/lists/air/mem.Allocator.dupeSentinel__anon_N.json	fixtures_versions	Full JSON parse and recursive structural/semantic census; inspected per-file summary and representative/suspicious records; replayed version/shared/OS overlay through translator/checker	498a9edaa18b4c67ca56d820f833812ce78f0eecf3f4ae7e401a862fb36882ad	5a849265f4a38d6bd05aec81aa270b6c81d11b5d
tests/golden/0.16.0/options/air/options.findOr.json	fixtures_versions	Full JSON parse and recursive structural/semantic census; inspected per-file summary and representative/suspicious records; replayed version/shared/OS overlay through translator/checker	dac53e1464f1d869f210a9b17b88a07bc7aae86af171ba9ef251ed8c13bf6079	5a849265f4a38d6bd05aec81aa270b6c81d11b5d
tests/golden/0.16.0/slices/air/slices.at.json	fixtures_versions	Full JSON parse and recursive structural/semantic census; inspected per-file summary and representative/suspicious records; replayed version/shared/OS overlay through translator/checker	d3e9a85bb79b4e9aab9c1c6a2ee4b8dc0e4825c5375ea9e62a4cdc4ab401c30a	5a849265f4a38d6bd05aec81aa270b6c81d11b5d
tests/golden/0.16.0/slices/air/slices.bumpAt.json	fixtures_versions	Full JSON parse and recursive structural/semantic census; inspected per-file summary and representative/suspicious records; replayed version/shared/OS overlay through translator/checker	a4bae8154174ef2c572db616a2e6355d10007c5b917f384525208dc64bd0dc47	5a849265f4a38d6bd05aec81aa270b6c81d11b5d
tests/golden/0.16.0/slices/air/slices.copyWithin.json	fixtures_versions	Full JSON parse and recursive structural/semantic census; inspected per-file summary and representative/suspicious records; replayed version/shared/OS overlay through translator/checker	57b8db96d9fa30a3759b31e61d16b5275539bc4a40f602cdbdd0076509c8ce05	5a849265f4a38d6bd05aec81aa270b6c81d11b5d
tests/golden/0.16.0/slices/air/slices.lenOr.json	fixtures_versions	Full JSON parse and recursive structural/semantic census; inspected per-file summary and representative/suspicious records; replayed version/shared/OS overlay through translator/checker	d1679d84b736031c28bdb4a8883206288182deb9e0d7988618c1c0b5abde3506	5a849265f4a38d6bd05aec81aa270b6c81d11b5d
tests/golden/0.16.0/slices/air/slices.localArr.json	fixtures_versions	Full JSON parse and recursive structural/semantic census; inspected per-file summary and representative/suspicious records; replayed version/shared/OS overlay through translator/checker	9680ec5c519e660ad9adaed4f6182112d2277ddcc683c408aa415766e8a5be33	5a849265f4a38d6bd05aec81aa270b6c81d11b5d
tests/golden/0.16.0/slices/air/slices.prevItem.json	fixtures_versions	Full JSON parse and recursive structural/semantic census; inspected per-file summary and representative/suspicious records; replayed version/shared/OS overlay through translator/checker	96d517ba2ae38abafb083487ca115147b9034600ea432ebb4a0961cb4d68d923	5a849265f4a38d6bd05aec81aa270b6c81d11b5d
tests/golden/0.16.0/slices/air/slices.reverse.json	fixtures_versions	Full JSON parse and recursive structural/semantic census; inspected per-file summary and representative/suspicious records; replayed version/shared/OS overlay through translator/checker	54374157d4983dcf7f6e937c26c5d0a12502ae284ed5ce0a0b38b3e5720b46bc	5a849265f4a38d6bd05aec81aa270b6c81d11b5d
tests/golden/0.16.0/slices/air/slices.second.json	fixtures_versions	Full JSON parse and recursive structural/semantic census; inspected per-file summary and representative/suspicious records; replayed version/shared/OS overlay through translator/checker	befd24756815d7bab4a377ef1c9df3a74a417985f93699dfaaa8d42b91b9bba4	5a849265f4a38d6bd05aec81aa270b6c81d11b5d
tests/golden/0.16.0/slices/air/slices.subZ.json	fixtures_versions	Full JSON parse and recursive structural/semantic census; inspected per-file summary and representative/suspicious records; replayed version/shared/OS overlay through translator/checker	b308cb2bac250b8066a9e72df9107c0d2241a03c0c6a190bddb4e925ddd8a719	5a849265f4a38d6bd05aec81aa270b6c81d11b5d
tests/golden/0.16.0/slices/air/slices.sumMid.json	fixtures_versions	Full JSON parse and recursive structural/semantic census; inspected per-file summary and representative/suspicious records; replayed version/shared/OS overlay through translator/checker	c6fb0dfd4c18484f2fb29358ccff1540ec10e67647404359eaafe2c66a358135	5a849265f4a38d6bd05aec81aa270b6c81d11b5d
tests/golden/0.16.0/slices/air/slices.sumZ.json	fixtures_versions	Full JSON parse and recursive structural/semantic census; inspected per-file summary and representative/suspicious records; replayed version/shared/OS overlay through translator/checker	278561d021cb6355f4d9cc8bffee568859447d13e667764a049993c159d80b67	5a849265f4a38d6bd05aec81aa270b6c81d11b5d
tests/golden/0.16.0/sync/air-linux/sync.handoff.json	fixtures_versions	Full JSON parse and recursive structural/semantic census; inspected per-file summary and representative/suspicious records; replayed version/shared/OS overlay through translator/checker	04166619eeb506482a68835fab27b9beb12bd263e18aaeb4254b778cc4e1ff45	5a849265f4a38d6bd05aec81aa270b6c81d11b5d
tests/golden/0.16.0/sync/air-linux/sync.mutexCounter.json	fixtures_versions	Full JSON parse and recursive structural/semantic census; inspected per-file summary and representative/suspicious records; replayed version/shared/OS overlay through translator/checker	fa31145994cbefeb749133e1d13ca94d298a00d145674a096a8087b78f58e4f8	5a849265f4a38d6bd05aec81aa270b6c81d11b5d
tests/golden/0.16.0/sync/air-linux/sync.rwLockRead.json	fixtures_versions	Full JSON parse and recursive structural/semantic census; inspected per-file summary and representative/suspicious records; replayed version/shared/OS overlay through translator/checker	77ba363bbd407864d731a81d15296b786d739f7787f5196112498329e58355c2	5a849265f4a38d6bd05aec81aa270b6c81d11b5d
tests/golden/0.16.0/sync/air-linux/sync.semaphoreCounter.json	fixtures_versions	Full JSON parse and recursive structural/semantic census; inspected per-file summary and representative/suspicious records; replayed version/shared/OS overlay through translator/checker	026c8fdb4c6a12737731cca812f6b0444b09fd7cdaceb3ee9586eac3e6ba2df6	5a849265f4a38d6bd05aec81aa270b6c81d11b5d
tests/golden/0.16.0/threads/air-linux/threads.claimOnce.json	fixtures_versions	Full JSON parse and recursive structural/semantic census; inspected per-file summary and representative/suspicious records; replayed version/shared/OS overlay through translator/checker	6e7f252aede23e19b2ef0b328b30f5ba0c6d05f6694ce1810d0040e5c04e5c1b	5a849265f4a38d6bd05aec81aa270b6c81d11b5d
tests/golden/0.16.0/threads/air-linux/threads.disjoint.json	fixtures_versions	Full JSON parse and recursive structural/semantic census; inspected per-file summary and representative/suspicious records; replayed version/shared/OS overlay through translator/checker	520e46e337429d8b7898a36ff54d8006abdc35e69fb84f85ae72874ff195845c	5a849265f4a38d6bd05aec81aa270b6c81d11b5d
tests/golden/0.16.0/threads/air-linux/threads.parallelCounter.json	fixtures_versions	Full JSON parse and recursive structural/semantic census; inspected per-file summary and representative/suspicious records; replayed version/shared/OS overlay through translator/checker	35d294d0920b52d3feb2770e5a120e1f45def7f879cc45bd1661b2f4c59037a6	5a849265f4a38d6bd05aec81aa270b6c81d11b5d
tests/golden/0.16.0/threads/air-linux/threads.race.json	fixtures_versions	Full JSON parse and recursive structural/semantic census; inspected per-file summary and representative/suspicious records; replayed version/shared/OS overlay through translator/checker	fc24e068549d9560d1dd8914dc49f6ddb4be6b8b404960d1a4063d6130d3addd	5a849265f4a38d6bd05aec81aa270b6c81d11b5d
tests/golden/0.16.0/threads/air-linux/threads.xchgRace.json	fixtures_versions	Full JSON parse and recursive structural/semantic census; inspected per-file summary and representative/suspicious records; replayed version/shared/OS overlay through translator/checker	687226e870a9afe88316efd928a5d34edf101bfbf5d66af55eae417ca3d1e160	5a849265f4a38d6bd05aec81aa270b6c81d11b5d
tests/golden/0.16.0/variants/air/variants.area.json	fixtures_versions	Full JSON parse and recursive structural/semantic census; inspected per-file summary and representative/suspicious records; replayed version/shared/OS overlay through translator/checker	a3c79737263ee097de027352b7e341b3cc38002cc9d20dd969df033cc305610b	5a849265f4a38d6bd05aec81aa270b6c81d11b5d
tests/golden/0.16.0/variants/air/variants.radius.json	fixtures_versions	Full JSON parse and recursive structural/semantic census; inspected per-file summary and representative/suspicious records; replayed version/shared/OS overlay through translator/checker	336bbbbef06e28c61dffdd8b781723ce2c1dfdf217bb4284870e4aa7615cbcf7	5a849265f4a38d6bd05aec81aa270b6c81d11b5d
tests/golden/0.16.0/variants/air/variants.scale.json	fixtures_versions	Full JSON parse and recursive structural/semantic census; inspected per-file summary and representative/suspicious records; replayed version/shared/OS overlay through translator/checker	fdfb678487c05fbac446681da52ce735f31979a035e907226493ff9baa73a58b	5a849265f4a38d6bd05aec81aa270b6c81d11b5d
tests/golden/asm/air/asm.bswap32.json	fixtures_values	Full JSON parse and recursive node traversal; automated schema/reference/constant/nesting/signature invariants; per-file semantic-summary and representative/boundary-record inspection; actual parse-normalize-check-emit plus Lean compilation. Not manual line-by-line review.	05473c75f00088417595af569b49f004ac13f441174950db2924edc57e095ba3	5a849265f4a38d6bd05aec81aa270b6c81d11b5d
tests/golden/asm/air/asm.divmod.json	fixtures_values	Full JSON parse and recursive node traversal; automated schema/reference/constant/nesting/signature invariants; per-file semantic-summary and representative/boundary-record inspection; actual parse-normalize-check-emit plus Lean compilation. Not manual line-by-line review.	4b75900482c2d02080d013fe935552d36bf431ededdcb5a974e09edaa853cb85	5a849265f4a38d6bd05aec81aa270b6c81d11b5d
tests/golden/asm/air/asm.lzcnt64.json	fixtures_values	Full JSON parse and recursive node traversal; automated schema/reference/constant/nesting/signature invariants; per-file semantic-summary and representative/boundary-record inspection; actual parse-normalize-check-emit plus Lean compilation. Not manual line-by-line review.	a2cef50ef1257a921bedd9037a77c2b648e1a1ff5066d908788e3bd8dd9bf2b3	5a849265f4a38d6bd05aec81aa270b6c81d11b5d
tests/golden/asm/air/asm.popcnt64.json	fixtures_values	Full JSON parse and recursive node traversal; automated schema/reference/constant/nesting/signature invariants; per-file semantic-summary and representative/boundary-record inspection; actual parse-normalize-check-emit plus Lean compilation. Not manual line-by-line review.	6c306726f216d0b03b78fbaf1d4f8ac79b95a569792f822395788ca463125688	5a849265f4a38d6bd05aec81aa270b6c81d11b5d
tests/golden/atomics/air/atomic.Value(u32).init.json	fixtures_conc	Full JSON parse and recursive structured validation; individual semantic summary inspection; representative source/exporter/normalizer/checker/emitter tracing; full group translation and generated Lean compile	852983fbe510395e8d3e0e2f2a3486906827ecacc25a9ee676beb48038e4ea85	5a849265f4a38d6bd05aec81aa270b6c81d11b5d
tests/golden/atomics/air/atomics.mpRelAcq.json	fixtures_conc	Full JSON parse and recursive structured validation; individual semantic summary inspection; representative source/exporter/normalizer/checker/emitter tracing; full group translation and generated Lean compile	fc71595d664dbd29b5648891fb9056c339027ee9d877d8ccd53b5b6bc2bf90db	5a849265f4a38d6bd05aec81aa270b6c81d11b5d
tests/golden/atomics/air/atomics.mpRelaxed.json	fixtures_conc	Full JSON parse and recursive structured validation; individual semantic summary inspection; representative source/exporter/normalizer/checker/emitter tracing; full group translation and generated Lean compile	3d2139fb101f2c501247da7f6917caabeff2b6e27bffbf4ba47d83194ff9be75	5a849265f4a38d6bd05aec81aa270b6c81d11b5d
tests/golden/atomics/air/atomics.mpWriter.json	fixtures_conc	Full JSON parse and recursive structured validation; individual semantic summary inspection; representative source/exporter/normalizer/checker/emitter tracing; full group translation and generated Lean compile	1b54563d7145f75dd32589506a54a1d6e3fc8b1130eaf0857e9d0666d1f2c013	5a849265f4a38d6bd05aec81aa270b6c81d11b5d
tests/golden/atomics/air/atomics.mpWriterRelaxed.json	fixtures_conc	Full JSON parse and recursive structured validation; individual semantic summary inspection; representative source/exporter/normalizer/checker/emitter tracing; full group translation and generated Lean compile	364c362e2a49194acef00173fa66ea47bda0e335bede98a7829d146ea6369119	5a849265f4a38d6bd05aec81aa270b6c81d11b5d
tests/golden/atomics/air/atomics.push.json	fixtures_conc	Full JSON parse and recursive structured validation; individual semantic summary inspection; representative source/exporter/normalizer/checker/emitter tracing; full group translation and generated Lean compile	8b458bc19f9cd225a431a75d9831643fa78076721968f9c427fb955725a3340a	5a849265f4a38d6bd05aec81aa270b6c81d11b5d
tests/golden/atomics/air/atomics.sb.json	fixtures_conc	Full JSON parse and recursive structured validation; individual semantic summary inspection; representative source/exporter/normalizer/checker/emitter tracing; full group translation and generated Lean compile	0b218d10db3f3a76b42b6c86e432dd882ce4562344b0b8936899622ccde1606e	5a849265f4a38d6bd05aec81aa270b6c81d11b5d
tests/golden/atomics/air/atomics.sbRelaxed.json	fixtures_conc	Full JSON parse and recursive structured validation; individual semantic summary inspection; representative source/exporter/normalizer/checker/emitter tracing; full group translation and generated Lean compile	b7fd5ecfdc333b4c0bd2c779325775e02ecd99dd22c9dbd6c871e43ca23a8482	5a849265f4a38d6bd05aec81aa270b6c81d11b5d
tests/golden/atomics/air/atomics.stackPush.json	fixtures_conc	Full JSON parse and recursive structured validation; individual semantic summary inspection; representative source/exporter/normalizer/checker/emitter tracing; full group translation and generated Lean compile	ab277515f1e978e5938b8f79c2ea06ab5bd143a363e25516d06101f3c82968ed	5a849265f4a38d6bd05aec81aa270b6c81d11b5d
tests/golden/atomics/air/atomics.twoPlusTwoW.json	fixtures_conc	Full JSON parse and recursive structured validation; individual semantic summary inspection; representative source/exporter/normalizer/checker/emitter tracing; full group translation and generated Lean compile	d39de1924d5d4c302a13df638bfac57e6bd96ea0f7167e107517555dc719a3f5	5a849265f4a38d6bd05aec81aa270b6c81d11b5d
tests/golden/atomics/air/atomics.ww.json	fixtures_conc	Full JSON parse and recursive structured validation; individual semantic summary inspection; representative source/exporter/normalizer/checker/emitter tracing; full group translation and generated Lean compile	e51a6a608659675c203e860b5de49fe82e0d51c098a4bba29c71629af6e4ad64	5a849265f4a38d6bd05aec81aa270b6c81d11b5d
tests/golden/basic/air/basic.absDiff.json	fixtures_values	Full JSON parse and recursive node traversal; automated schema/reference/constant/nesting/signature invariants; per-file semantic-summary and representative/boundary-record inspection; actual parse-normalize-check-emit plus Lean compilation. Not manual line-by-line review.	31cd135324ef7e2bf93bdc413eac794e6c58dcce4214d2da3d61444c804bac58	5a849265f4a38d6bd05aec81aa270b6c81d11b5d
tests/golden/basic/air/basic.clampAdd.json	fixtures_values	Full JSON parse and recursive node traversal; automated schema/reference/constant/nesting/signature invariants; per-file semantic-summary and representative/boundary-record inspection; actual parse-normalize-check-emit plus Lean compilation. Not manual line-by-line review.	838632190fa18c21fec1985d9cc806756d0991ad5d5d36a64304421cd03446f0	5a849265f4a38d6bd05aec81aa270b6c81d11b5d
tests/golden/basic/air/basic.classify.json	fixtures_values	Full JSON parse and recursive node traversal; automated schema/reference/constant/nesting/signature invariants; per-file semantic-summary and representative/boundary-record inspection; actual parse-normalize-check-emit plus Lean compilation. Not manual line-by-line review.	6293551ceb67355f2b0044d64b78d629c19822dc7b8c0522b72f9b27b8794cc4	5a849265f4a38d6bd05aec81aa270b6c81d11b5d
tests/golden/basic/air/basic.scale.json	fixtures_values	Full JSON parse and recursive node traversal; automated schema/reference/constant/nesting/signature invariants; per-file semantic-summary and representative/boundary-record inspection; actual parse-normalize-check-emit plus Lean compilation. Not manual line-by-line review.	dd997b8a8e8fca56a3681e179776781f3dba10da2dd6d91a5d86a1e5adb150ba	5a849265f4a38d6bd05aec81aa270b6c81d11b5d
tests/golden/basic/air/basic.sum.json	fixtures_values	Full JSON parse and recursive node traversal; automated schema/reference/constant/nesting/signature invariants; per-file semantic-summary and representative/boundary-record inspection; actual parse-normalize-check-emit plus Lean compilation. Not manual line-by-line review.	89241caee0689b1d1677ea01114671aeff2a5b3e512e876f543c33ee7939b7c1	5a849265f4a38d6bd05aec81aa270b6c81d11b5d
tests/golden/basic/air/basic.tardiness.json	fixtures_values	Full JSON parse and recursive node traversal; automated schema/reference/constant/nesting/signature invariants; per-file semantic-summary and representative/boundary-record inspection; actual parse-normalize-check-emit plus Lean compilation. Not manual line-by-line review.	ae15b05a56fbb450a62f4d8b248e41479990b00a91ea4defa7f2e9880439a334	5a849265f4a38d6bd05aec81aa270b6c81d11b5d
tests/golden/basic/air/basic.totalWeightedTardiness.json	fixtures_values	Full JSON parse and recursive node traversal; automated schema/reference/constant/nesting/signature invariants; per-file semantic-summary and representative/boundary-record inspection; actual parse-normalize-check-emit plus Lean compilation. Not manual line-by-line review.	0823acb45b4da8517eb08e2b9eea03d9fa24c122801f935a785e8f192d68af0f	5a849265f4a38d6bd05aec81aa270b6c81d11b5d
tests/golden/basic/air/basic.weightedTardiness.json	fixtures_values	Full JSON parse and recursive node traversal; automated schema/reference/constant/nesting/signature invariants; per-file semantic-summary and representative/boundary-record inspection; actual parse-normalize-check-emit plus Lean compilation. Not manual line-by-line review.	bd499b1c5705fc799adf50d193f2eaf9cdcd48e9020a600f2f372751ecf88e94	5a849265f4a38d6bd05aec81aa270b6c81d11b5d
tests/golden/errors/air/errors.digitOrZero.json	fixtures_values	Full JSON parse and recursive node traversal; automated schema/reference/constant/nesting/signature invariants; per-file semantic-summary and representative/boundary-record inspection; actual parse-normalize-check-emit plus Lean compilation. Not manual line-by-line review.	193ec98b1774312c0525c7ae514255b83464ad5cbc2e2f876415540d1292aef8	5a849265f4a38d6bd05aec81aa270b6c81d11b5d
tests/golden/errors/air/errors.parseDigit.json	fixtures_values	Full JSON parse and recursive node traversal; automated schema/reference/constant/nesting/signature invariants; per-file semantic-summary and representative/boundary-record inspection; actual parse-normalize-check-emit plus Lean compilation. Not manual line-by-line review.	87a2feb6f2aec6ca29ec024dd9cdf2d3ff45a0763331e422a547f2b8f00f22a5	5a849265f4a38d6bd05aec81aa270b6c81d11b5d
tests/golden/errors/air/errors.sumDigits.json	fixtures_values	Full JSON parse and recursive node traversal; automated schema/reference/constant/nesting/signature invariants; per-file semantic-summary and representative/boundary-record inspection; actual parse-normalize-check-emit plus Lean compilation. Not manual line-by-line review.	2f6a4d726da12d7299a38e80ed020f0317cb093b74aaa99206f4446e8b500b35	5a849265f4a38d6bd05aec81aa270b6c81d11b5d
tests/golden/floatconv/air/floatconv.bits32.json	fixtures_values	Full JSON parse and recursive node traversal; automated schema/reference/constant/nesting/signature invariants; per-file semantic-summary and representative/boundary-record inspection; actual parse-normalize-check-emit plus Lean compilation. Not manual line-by-line review.	8d78e3a8bf82cebd2aa57d0f71578160f90aa9c9b2fdaa745e5c7b82093b3715	5a849265f4a38d6bd05aec81aa270b6c81d11b5d
tests/golden/floatconv/air/floatconv.f16ToF128.json	fixtures_values	Full JSON parse and recursive node traversal; automated schema/reference/constant/nesting/signature invariants; per-file semantic-summary and representative/boundary-record inspection; actual parse-normalize-check-emit plus Lean compilation. Not manual line-by-line review.	a0f215bd35adbfaf4f620675d531ec9cb13bf4e2cc0d12f15aaf2d322a622ccf	5a849265f4a38d6bd05aec81aa270b6c81d11b5d
tests/golden/floatconv/air/floatconv.f64ToF16.json	fixtures_values	Full JSON parse and recursive node traversal; automated schema/reference/constant/nesting/signature invariants; per-file semantic-summary and representative/boundary-record inspection; actual parse-normalize-check-emit plus Lean compilation. Not manual line-by-line review.	64a7660fae469dab73d07d90d937505f61a70b616f7555422afe6f908f940923	5a849265f4a38d6bd05aec81aa270b6c81d11b5d
tests/golden/floatconv/air/floatconv.f80ToF64.json	fixtures_values	Full JSON parse and recursive node traversal; automated schema/reference/constant/nesting/signature invariants; per-file semantic-summary and representative/boundary-record inspection; actual parse-normalize-check-emit plus Lean compilation. Not manual line-by-line review.	529ba855f48cac0c2962ad20ab463f006655e9b638bbf2088155a94eb82a4f89	5a849265f4a38d6bd05aec81aa270b6c81d11b5d
tests/golden/floatconv/air/floatconv.fromI64.json	fixtures_values	Full JSON parse and recursive node traversal; automated schema/reference/constant/nesting/signature invariants; per-file semantic-summary and representative/boundary-record inspection; actual parse-normalize-check-emit plus Lean compilation. Not manual line-by-line review.	78aedda5239c037a8d45a46aff46cbb025fe2f4b767597846aaa0983c9c09dd9	5a849265f4a38d6bd05aec81aa270b6c81d11b5d
tests/golden/floatconv/air/floatconv.fromU128.json	fixtures_values	Full JSON parse and recursive node traversal; automated schema/reference/constant/nesting/signature invariants; per-file semantic-summary and representative/boundary-record inspection; actual parse-normalize-check-emit plus Lean compilation. Not manual line-by-line review.	a083d5e22247c4fe3b44ce3c77f05cb8fe2208ddee0b0aecc6dcc11b85252649	5a849265f4a38d6bd05aec81aa270b6c81d11b5d
tests/golden/floatconv/air/floatconv.ofBits64.json	fixtures_values	Full JSON parse and recursive node traversal; automated schema/reference/constant/nesting/signature invariants; per-file semantic-summary and representative/boundary-record inspection; actual parse-normalize-check-emit plus Lean compilation. Not manual line-by-line review.	77bdd8686600a486b33dda424e824b4b867a76a257557b0387e1142bbea7adc1	5a849265f4a38d6bd05aec81aa270b6c81d11b5d
tests/golden/floatconv/air/floatconv.toByte.json	fixtures_values	Full JSON parse and recursive node traversal; automated schema/reference/constant/nesting/signature invariants; per-file semantic-summary and representative/boundary-record inspection; actual parse-normalize-check-emit plus Lean compilation. Not manual line-by-line review.	11e0bff413f922aed4522a813b9eda30a5de722ade10e12fe2b9ced0bbb370c1	5a849265f4a38d6bd05aec81aa270b6c81d11b5d
tests/golden/floatconv/air/floatconv.toI32.json	fixtures_values	Full JSON parse and recursive node traversal; automated schema/reference/constant/nesting/signature invariants; per-file semantic-summary and representative/boundary-record inspection; actual parse-normalize-check-emit plus Lean compilation. Not manual line-by-line review.	f1debc5a0b763208741a1ab6aadf8c645b7fa08df1118d84ef863242ff2cba03	5a849265f4a38d6bd05aec81aa270b6c81d11b5d
tests/golden/floatconv/air/floatconv.toU64.json	fixtures_values	Full JSON parse and recursive node traversal; automated schema/reference/constant/nesting/signature invariants; per-file semantic-summary and representative/boundary-record inspection; actual parse-normalize-check-emit plus Lean compilation. Not manual line-by-line review.	5f955e3ad02319a4a4e76208111d84608f93c1d8fa4386490e705f535b1a1214	5a849265f4a38d6bd05aec81aa270b6c81d11b5d
tests/golden/floatops/air/floatops.cmp64.json	fixtures_values	Full JSON parse and recursive node traversal; automated schema/reference/constant/nesting/signature invariants; per-file semantic-summary and representative/boundary-record inspection; actual parse-normalize-check-emit plus Lean compilation. Not manual line-by-line review.	af7cda4b7abd605013bb06e53abdaad011e368b6f0ffac1d9569756a933f8fbe	5a849265f4a38d6bd05aec81aa270b6c81d11b5d
tests/golden/floatops/air/floatops.divExact64.json	fixtures_values	Full JSON parse and recursive node traversal; automated schema/reference/constant/nesting/signature invariants; per-file semantic-summary and representative/boundary-record inspection; actual parse-normalize-check-emit plus Lean compilation. Not manual line-by-line review.	e5ef7e2035095e9c1f75e512b2299d540b7f68ca050be253febd8c7028067f34	5a849265f4a38d6bd05aec81aa270b6c81d11b5d
tests/golden/floatops/air/floatops.op128.json	fixtures_values	Full JSON parse and recursive node traversal; automated schema/reference/constant/nesting/signature invariants; per-file semantic-summary and representative/boundary-record inspection; actual parse-normalize-check-emit plus Lean compilation. Not manual line-by-line review.	ae0c62b25f3d6dcdadcaa86d0a1e1d167a44b558de71ee4922135a1da24077ab	5a849265f4a38d6bd05aec81aa270b6c81d11b5d
tests/golden/floatops/air/floatops.op16.json	fixtures_values	Full JSON parse and recursive node traversal; automated schema/reference/constant/nesting/signature invariants; per-file semantic-summary and representative/boundary-record inspection; actual parse-normalize-check-emit plus Lean compilation. Not manual line-by-line review.	ee5b1d61f256d4260f83c27965ef53098bf6892c97ec8953929331f327bf6a43	5a849265f4a38d6bd05aec81aa270b6c81d11b5d
tests/golden/floatops/air/floatops.op32.json	fixtures_values	Full JSON parse and recursive node traversal; automated schema/reference/constant/nesting/signature invariants; per-file semantic-summary and representative/boundary-record inspection; actual parse-normalize-check-emit plus Lean compilation. Not manual line-by-line review.	c8077df8f286580bd31e74a3bf4b9d3ba5b84a082584473c2ec48b122b663a2d	5a849265f4a38d6bd05aec81aa270b6c81d11b5d
tests/golden/floatops/air/floatops.op64.json	fixtures_values	Full JSON parse and recursive node traversal; automated schema/reference/constant/nesting/signature invariants; per-file semantic-summary and representative/boundary-record inspection; actual parse-normalize-check-emit plus Lean compilation. Not manual line-by-line review.	b6eca65cf7f1b3a897e34a375ceeca36134866262f67c98eb3b8f982a5f94d4e	5a849265f4a38d6bd05aec81aa270b6c81d11b5d
tests/golden/floatops/air/floatops.op80.json	fixtures_values	Full JSON parse and recursive node traversal; automated schema/reference/constant/nesting/signature invariants; per-file semantic-summary and representative/boundary-record inspection; actual parse-normalize-check-emit plus Lean compilation. Not manual line-by-line review.	7167ad578486f759fda72fb45f0f2f05e881f5ea86dd46d06d546aed13c0efe5	5a849265f4a38d6bd05aec81aa270b6c81d11b5d
tests/golden/floats/air/floats.celsius.json	fixtures_values	Full JSON parse and recursive node traversal; automated schema/reference/constant/nesting/signature invariants; per-file semantic-summary and representative/boundary-record inspection; actual parse-normalize-check-emit plus Lean compilation. Not manual line-by-line review.	cd8dd30f9759234817751d10d11d124d0e4caab49a6b650e3fb0e63b16591502	5a849265f4a38d6bd05aec81aa270b6c81d11b5d
tests/golden/floats/air/floats.clamp.json	fixtures_values	Full JSON parse and recursive node traversal; automated schema/reference/constant/nesting/signature invariants; per-file semantic-summary and representative/boundary-record inspection; actual parse-normalize-check-emit plus Lean compilation. Not manual line-by-line review.	91f9e2ecca5a23d48d3ec3298a78267d1abaf1d8366093c2a58a62b2765e44c2	5a849265f4a38d6bd05aec81aa270b6c81d11b5d
tests/golden/floats/air/floats.dot.json	fixtures_values	Full JSON parse and recursive node traversal; automated schema/reference/constant/nesting/signature invariants; per-file semantic-summary and representative/boundary-record inspection; actual parse-normalize-check-emit plus Lean compilation. Not manual line-by-line review.	966b90f4e0cd5c13748f553d5b52c87e2d3a29ffcc87e09c7349d17c88237416	5a849265f4a38d6bd05aec81aa270b6c81d11b5d
tests/golden/floats/air/floats.hypot2.json	fixtures_values	Full JSON parse and recursive node traversal; automated schema/reference/constant/nesting/signature invariants; per-file semantic-summary and representative/boundary-record inspection; actual parse-normalize-check-emit plus Lean compilation. Not manual line-by-line review.	ae3c562a428479127116c6b444677484f22098408b71fd0aa4662a1e320231e7	5a849265f4a38d6bd05aec81aa270b6c81d11b5d
tests/golden/floats/air/floats.isNan.json	fixtures_values	Full JSON parse and recursive node traversal; automated schema/reference/constant/nesting/signature invariants; per-file semantic-summary and representative/boundary-record inspection; actual parse-normalize-check-emit plus Lean compilation. Not manual line-by-line review.	f6888ee5caf4e2d679436c3e4b31df6178e8e9d66a983abd2008ab98b0250c08	5a849265f4a38d6bd05aec81aa270b6c81d11b5d
tests/golden/floats/air/floats.lerp.json	fixtures_values	Full JSON parse and recursive node traversal; automated schema/reference/constant/nesting/signature invariants; per-file semantic-summary and representative/boundary-record inspection; actual parse-normalize-check-emit plus Lean compilation. Not manual line-by-line review.	03894e26bc7af04d113efdbb87e43dae71567c4fc545e3d402a2cdabea671206	5a849265f4a38d6bd05aec81aa270b6c81d11b5d
tests/golden/iogroup/air/Io.Mutex.lock.json	fixtures_conc	Full JSON parse and recursive structured validation; individual semantic summary inspection; representative source/exporter/normalizer/checker/emitter tracing; full group translation and generated Lean compile	b39166dbfe89565b767fdb51a43cdc08f980d5b4e25110a488a19cb15c8ed89d	5a849265f4a38d6bd05aec81aa270b6c81d11b5d
tests/golden/iogroup/air/Io.Mutex.lockUncancelable.json	fixtures_conc	Full JSON parse and recursive structured validation; individual semantic summary inspection; representative source/exporter/normalizer/checker/emitter tracing; full group translation and generated Lean compile	9a03496450ef5de71a002a1a14d6fd85c75965e506a6ee89c69019c5f87bf246	5a849265f4a38d6bd05aec81aa270b6c81d11b5d
tests/golden/iogroup/air/Io.Mutex.tryLock.json	fixtures_conc	Full JSON parse and recursive structured validation; individual semantic summary inspection; representative source/exporter/normalizer/checker/emitter tracing; full group translation and generated Lean compile	f4eae588a6be8d7d32c17f526e5c55b92d1595a6ef4562af4beec2d46d561ebf	5a849265f4a38d6bd05aec81aa270b6c81d11b5d
tests/golden/iogroup/air/Io.Mutex.unlock.json	fixtures_conc	Full JSON parse and recursive structured validation; individual semantic summary inspection; representative source/exporter/normalizer/checker/emitter tracing; full group translation and generated Lean compile	f3cf90d26b446d9458f9e89a9a35d506b54519026d832cf5fc49a170913922e9	5a849265f4a38d6bd05aec81aa270b6c81d11b5d
tests/golden/iogroup/air/debug.assert.json	fixtures_conc	Full JSON parse and recursive structured validation; individual semantic summary inspection; representative source/exporter/normalizer/checker/emitter tracing; full group translation and generated Lean compile	494f49a343905d9a4e0c51838673b7cc6c15c2c5cad2fcc23b10ab449e86012d	5a849265f4a38d6bd05aec81aa270b6c81d11b5d
tests/golden/iogroup/air/iogroup.add.json	fixtures_conc	Full JSON parse and recursive structured validation; individual semantic summary inspection; representative source/exporter/normalizer/checker/emitter tracing; full group translation and generated Lean compile	0a67fccb3b29a1a2913a782a3c52ab42855b92fa8c3ec09add1be0ce7b6b032c	5a849265f4a38d6bd05aec81aa270b6c81d11b5d
tests/golden/iogroup/air/iogroup.groupConcurrent.json	fixtures_conc	Full JSON parse and recursive structured validation; individual semantic summary inspection; representative source/exporter/normalizer/checker/emitter tracing; full group translation and generated Lean compile	45b1ad1aac7f27a023df916d83c20f03f48b83b13faaf043a8f2d4bb7276bbc6	5a849265f4a38d6bd05aec81aa270b6c81d11b5d
tests/golden/iogroup/air/iogroup.groupCounter.json	fixtures_conc	Full JSON parse and recursive structured validation; individual semantic summary inspection; representative source/exporter/normalizer/checker/emitter tracing; full group translation and generated Lean compile	ae0a8018f7e0b8d5dd164d5df656cbb4388cda6971b73c6b3d8781b2a5edb5f2	5a849265f4a38d6bd05aec81aa270b6c81d11b5d
tests/golden/layout/air/layout.addrEq.json	fixtures_values	Full JSON parse and recursive node traversal; automated schema/reference/constant/nesting/signature invariants; per-file semantic-summary and representative/boundary-record inspection; actual parse-normalize-check-emit plus Lean compilation. Not manual line-by-line review.	8a94507b8bbd83e6c1ca20af5a8f4bbddaed839065c048f36ea0f818d844c74a	5a849265f4a38d6bd05aec81aa270b6c81d11b5d
tests/golden/layout/air/layout.align4.json	fixtures_values	Full JSON parse and recursive node traversal; automated schema/reference/constant/nesting/signature invariants; per-file semantic-summary and representative/boundary-record inspection; actual parse-normalize-check-emit plus Lean compilation. Not manual line-by-line review.	6144d7366246846b8b3ede183edda3912a7c126a155fb9583045ca87cf2c5532	5a849265f4a38d6bd05aec81aa270b6c81d11b5d
tests/golden/layout/air/layout.applyOp.json	fixtures_values	Full JSON parse and recursive node traversal; automated schema/reference/constant/nesting/signature invariants; per-file semantic-summary and representative/boundary-record inspection; actual parse-normalize-check-emit plus Lean compilation. Not manual line-by-line review.	d7e210037c02c013ca696888fba7aed76b657f067a9aa8d3b037ebdcffeca028	5a849265f4a38d6bd05aec81aa270b6c81d11b5d
tests/golden/layout/air/layout.applyTwice.json	fixtures_values	Full JSON parse and recursive node traversal; automated schema/reference/constant/nesting/signature invariants; per-file semantic-summary and representative/boundary-record inspection; actual parse-normalize-check-emit plus Lean compilation. Not manual line-by-line review.	36b5d9f16b038386bab1342a67b31d749d512d094d68b56195a90cb70a1f9635	5a849265f4a38d6bd05aec81aa270b6c81d11b5d
tests/golden/layout/air/layout.asConst.json	fixtures_values	Full JSON parse and recursive node traversal; automated schema/reference/constant/nesting/signature invariants; per-file semantic-summary and representative/boundary-record inspection; actual parse-normalize-check-emit plus Lean compilation. Not manual line-by-line review.	b1fe1755f49f4c2aa91a4cca0cb2ee9446f91df5163350ab6c044d8a9583cf1d	5a849265f4a38d6bd05aec81aa270b6c81d11b5d
tests/golden/layout/air/layout.asVolatile.json	fixtures_values	Full JSON parse and recursive node traversal; automated schema/reference/constant/nesting/signature invariants; per-file semantic-summary and representative/boundary-record inspection; actual parse-normalize-check-emit plus Lean compilation. Not manual line-by-line review.	ba3cc5ae46be083b9aaad487058ce8ca67d879f73de5cd0128f21ea80cdfc2f1	5a849265f4a38d6bd05aec81aa270b6c81d11b5d
tests/golden/layout/air/layout.bitsToFloat.json	fixtures_values	Full JSON parse and recursive node traversal; automated schema/reference/constant/nesting/signature invariants; per-file semantic-summary and representative/boundary-record inspection; actual parse-normalize-check-emit plus Lean compilation. Not manual line-by-line review.	f72cc935fdee2eeee212f86ad96b0c49f956a37395132eef4b8076a41159609a	5a849265f4a38d6bd05aec81aa270b6c81d11b5d
tests/golden/layout/air/layout.bump.json	fixtures_values	Full JSON parse and recursive node traversal; automated schema/reference/constant/nesting/signature invariants; per-file semantic-summary and representative/boundary-record inspection; actual parse-normalize-check-emit plus Lean compilation. Not manual line-by-line review.	e76d875b29720243368d26da6133913c479daf1a1b8ecd572cd9ed11c7d36b75	5a849265f4a38d6bd05aec81aa270b6c81d11b5d
tests/golden/layout/air/layout.bumpDigit.json	fixtures_values	Full JSON parse and recursive node traversal; automated schema/reference/constant/nesting/signature invariants; per-file semantic-summary and representative/boundary-record inspection; actual parse-normalize-check-emit plus Lean compilation. Not manual line-by-line review.	68248f4841316190412ac71b93bd61309737b9ded234b376987b6d20577faf19	5a849265f4a38d6bd05aec81aa270b6c81d11b5d
tests/golden/layout/air/layout.bumpPair.json	fixtures_values	Full JSON parse and recursive node traversal; automated schema/reference/constant/nesting/signature invariants; per-file semantic-summary and representative/boundary-record inspection; actual parse-normalize-check-emit plus Lean compilation. Not manual line-by-line review.	09f8cba7ed863ecef06cf6d7edeb2eb96f6ad0c2f00c253f272d212c19969afb	5a849265f4a38d6bd05aec81aa270b6c81d11b5d
tests/golden/layout/air/layout.byteToFlags.json	fixtures_values	Full JSON parse and recursive node traversal; automated schema/reference/constant/nesting/signature invariants; per-file semantic-summary and representative/boundary-record inspection; actual parse-normalize-check-emit plus Lean compilation. Not manual line-by-line review.	17857f8a8a2422a2a3cff368aec4caee157fb703798b24f7e7687fa20f272e71	5a849265f4a38d6bd05aec81aa270b6c81d11b5d
tests/golden/layout/air/layout.ctlMode.json	fixtures_values	Full JSON parse and recursive node traversal; automated schema/reference/constant/nesting/signature invariants; per-file semantic-summary and representative/boundary-record inspection; actual parse-normalize-check-emit plus Lean compilation. Not manual line-by-line review.	a90c04b9fb1b38cb620c344b6c8e0d80fb3d2ef0851446029e2b1f536152f49d	5a849265f4a38d6bd05aec81aa270b6c81d11b5d
tests/golden/layout/air/layout.ctlSum.json	fixtures_values	Full JSON parse and recursive node traversal; automated schema/reference/constant/nesting/signature invariants; per-file semantic-summary and representative/boundary-record inspection; actual parse-normalize-check-emit plus Lean compilation. Not manual line-by-line review.	7d490dfdc42427c85cb5aee64f0d8a931fa1697992d2c5c8bdb3af9fdb3ffb36	5a849265f4a38d6bd05aec81aa270b6c81d11b5d
tests/golden/layout/air/layout.digit.json	fixtures_values	Full JSON parse and recursive node traversal; automated schema/reference/constant/nesting/signature invariants; per-file semantic-summary and representative/boundary-record inspection; actual parse-normalize-check-emit plus Lean compilation. Not manual line-by-line review.	95148e63557d236a9f62463188c6b2f36ef3fe9a2e1d4b06a855ff8816d9524f	5a849265f4a38d6bd05aec81aa270b6c81d11b5d
tests/golden/layout/air/layout.double.json	fixtures_values	Full JSON parse and recursive node traversal; automated schema/reference/constant/nesting/signature invariants; per-file semantic-summary and representative/boundary-record inspection; actual parse-normalize-check-emit plus Lean compilation. Not manual line-by-line review.	c8504964240afd7391fec91e006acb080d85533d189a7a6ddebc9701763d367e	5a849265f4a38d6bd05aec81aa270b6c81d11b5d
tests/golden/layout/air/layout.dropConst.json	fixtures_values	Full JSON parse and recursive node traversal; automated schema/reference/constant/nesting/signature invariants; per-file semantic-summary and representative/boundary-record inspection; actual parse-normalize-check-emit plus Lean compilation. Not manual line-by-line review.	d1e16bed55f566c226ff9037d9f039c4d55e4a41a2776f7630ee9fabc5408aff	5a849265f4a38d6bd05aec81aa270b6c81d11b5d
tests/golden/layout/air/layout.flagsToByte.json	fixtures_values	Full JSON parse and recursive node traversal; automated schema/reference/constant/nesting/signature invariants; per-file semantic-summary and representative/boundary-record inspection; actual parse-normalize-check-emit plus Lean compilation. Not manual line-by-line review.	587b505888a8da2e4fad9751f32439bab0d2b40c66d52893cdadd2a28db2dbf9	5a849265f4a38d6bd05aec81aa270b6c81d11b5d
tests/golden/layout/air/layout.floatBits.json	fixtures_values	Full JSON parse and recursive node traversal; automated schema/reference/constant/nesting/signature invariants; per-file semantic-summary and representative/boundary-record inspection; actual parse-normalize-check-emit plus Lean compilation. Not manual line-by-line review.	65293f62f52f9060b2d031722488c371942f5b19b4292c9b000abfa0c8fbcf51	5a849265f4a38d6bd05aec81aa270b6c81d11b5d
tests/golden/layout/air/layout.growCircle.json	fixtures_values	Full JSON parse and recursive node traversal; automated schema/reference/constant/nesting/signature invariants; per-file semantic-summary and representative/boundary-record inspection; actual parse-normalize-check-emit plus Lean compilation. Not manual line-by-line review.	4950f16f3575add7eec50e9c39bf8da80564f545f064de188a21f31adcdc6662	5a849265f4a38d6bd05aec81aa270b6c81d11b5d
tests/golden/layout/air/layout.headerLen.json	fixtures_values	Full JSON parse and recursive node traversal; automated schema/reference/constant/nesting/signature invariants; per-file semantic-summary and representative/boundary-record inspection; actual parse-normalize-check-emit plus Lean compilation. Not manual line-by-line review.	0d3ed0af6265bdff272d3946c89c548c6ed0f76b497f8dac787927363aaf0bf3	5a849265f4a38d6bd05aec81aa270b6c81d11b5d
tests/golden/layout/air/layout.incCount.json	fixtures_values	Full JSON parse and recursive node traversal; automated schema/reference/constant/nesting/signature invariants; per-file semantic-summary and representative/boundary-record inspection; actual parse-normalize-check-emit plus Lean compilation. Not manual line-by-line review.	6d8e815d2b4e9ef48225cbbbfcac8a55bade00fc9b0e3def925d59824fb0207c	5a849265f4a38d6bd05aec81aa270b6c81d11b5d
tests/golden/layout/air/layout.isOk.json	fixtures_values	Full JSON parse and recursive node traversal; automated schema/reference/constant/nesting/signature invariants; per-file semantic-summary and representative/boundary-record inspection; actual parse-normalize-check-emit plus Lean compilation. Not manual line-by-line review.	80039fcfdae15f710673341ccd915fae308cb5a591f0093b990e21b753f88d15	5a849265f4a38d6bd05aec81aa270b6c81d11b5d
tests/golden/layout/air/layout.laneSet.json	fixtures_values	Full JSON parse and recursive node traversal; automated schema/reference/constant/nesting/signature invariants; per-file semantic-summary and representative/boundary-record inspection; actual parse-normalize-check-emit plus Lean compilation. Not manual line-by-line review.	58c87a9f11e62735da9ab92e0b582802d3307450e03691e971293755ca25a084	5a849265f4a38d6bd05aec81aa270b6c81d11b5d
tests/golden/layout/air/layout.lowByte.json	fixtures_values	Full JSON parse and recursive node traversal; automated schema/reference/constant/nesting/signature invariants; per-file semantic-summary and representative/boundary-record inspection; actual parse-normalize-check-emit plus Lean compilation. Not manual line-by-line review.	66cb3d314cfa8471b71ebcdf340e2b07f60e218174ae66f82801ec0e45436caf	5a849265f4a38d6bd05aec81aa270b6c81d11b5d
tests/golden/layout/air/layout.maskCount.json	fixtures_values	Full JSON parse and recursive node traversal; automated schema/reference/constant/nesting/signature invariants; per-file semantic-summary and representative/boundary-record inspection; actual parse-normalize-check-emit plus Lean compilation. Not manual line-by-line review.	7f0fa92ce447f6d507596a4b164e3218e7118850e06a1b10ab57d1c2a59e513e	5a849265f4a38d6bd05aec81aa270b6c81d11b5d
tests/golden/layout/air/layout.maskStore.json	fixtures_values	Full JSON parse and recursive node traversal; automated schema/reference/constant/nesting/signature invariants; per-file semantic-summary and representative/boundary-record inspection; actual parse-normalize-check-emit plus Lean compilation. Not manual line-by-line review.	d50fbb7d410bb5260f62cd3185deb80601b0fb0dd32281389c561339efec3ca2	5a849265f4a38d6bd05aec81aa270b6c81d11b5d
tests/golden/layout/air/layout.nibArg.json	fixtures_values	Full JSON parse and recursive node traversal; automated schema/reference/constant/nesting/signature invariants; per-file semantic-summary and representative/boundary-record inspection; actual parse-normalize-check-emit plus Lean compilation. Not manual line-by-line review.	8b41c19452d4c05184165e94c9d6ac1ea00f7cc4f158e200443e3b86ff107158	5a849265f4a38d6bd05aec81aa270b6c81d11b5d
tests/golden/layout/air/layout.nibSigned.json	fixtures_values	Full JSON parse and recursive node traversal; automated schema/reference/constant/nesting/signature invariants; per-file semantic-summary and representative/boundary-record inspection; actual parse-normalize-check-emit plus Lean compilation. Not manual line-by-line review.	6e14c4b6d613bc0d8f8c4aa38278e5460d725018c74713b18c804b71f80277bd	5a849265f4a38d6bd05aec81aa270b6c81d11b5d
tests/golden/layout/air/layout.numInt.json	fixtures_values	Full JSON parse and recursive node traversal; automated schema/reference/constant/nesting/signature invariants; per-file semantic-summary and representative/boundary-record inspection; actual parse-normalize-check-emit plus Lean compilation. Not manual line-by-line review.	9631a003e71668589696d67dc2dc366dced78820201cb4b428f17723158c6152	5a849265f4a38d6bd05aec81aa270b6c81d11b5d
tests/golden/layout/air/layout.numRoundTrip.json	fixtures_values	Full JSON parse and recursive node traversal; automated schema/reference/constant/nesting/signature invariants; per-file semantic-summary and representative/boundary-record inspection; actual parse-normalize-check-emit plus Lean compilation. Not manual line-by-line review.	e7cba1b63ca532adc282b933c669a2ae390af1a8fe2b1c6eaf92bab8aba56c7b	5a849265f4a38d6bd05aec81aa270b6c81d11b5d
tests/golden/layout/air/layout.parentOfX.json	fixtures_values	Full JSON parse and recursive node traversal; automated schema/reference/constant/nesting/signature invariants; per-file semantic-summary and representative/boundary-record inspection; actual parse-normalize-check-emit plus Lean compilation. Not manual line-by-line review.	e21d6c4eeb307798c387772bc49e021db0d728eddc5e72de6f9de67c508245f4	5a849265f4a38d6bd05aec81aa270b6c81d11b5d
tests/golden/layout/air/layout.parentOfY.json	fixtures_values	Full JSON parse and recursive node traversal; automated schema/reference/constant/nesting/signature invariants; per-file semantic-summary and representative/boundary-record inspection; actual parse-normalize-check-emit plus Lean compilation. Not manual line-by-line review.	af1d83135a965870c9a4215e4f7aee55831460eb1e4951fba82df17f73d81a41	5a849265f4a38d6bd05aec81aa270b6c81d11b5d
tests/golden/layout/air/layout.ptrFromAddr.json	fixtures_values	Full JSON parse and recursive node traversal; automated schema/reference/constant/nesting/signature invariants; per-file semantic-summary and representative/boundary-record inspection; actual parse-normalize-check-emit plus Lean compilation. Not manual line-by-line review.	6ea002abd5304f87a9178bc2e73e2822adc8ad2f5eb4f94362e458db6f5f49d9	5a849265f4a38d6bd05aec81aa270b6c81d11b5d
tests/golden/layout/air/layout.ptrRoundTrip.json	fixtures_values	Full JSON parse and recursive node traversal; automated schema/reference/constant/nesting/signature invariants; per-file semantic-summary and representative/boundary-record inspection; actual parse-normalize-check-emit plus Lean compilation. Not manual line-by-line review.	ebcbf8ef4f23104d512e3cdf7b6b8b5f4eb620df547c93da3a4af9ca9ecad4fc	5a849265f4a38d6bd05aec81aa270b6c81d11b5d
tests/golden/layout/air/layout.readHeader.json	fixtures_values	Full JSON parse and recursive node traversal; automated schema/reference/constant/nesting/signature invariants; per-file semantic-summary and representative/boundary-record inspection; actual parse-normalize-check-emit plus Lean compilation. Not manual line-by-line review.	483a03ff7f32a768c9cf7aa708fc907a3a5768317b5e1297c38360ff9eb5d21f	5a849265f4a38d6bd05aec81aa270b6c81d11b5d
tests/golden/layout/air/layout.regSigned.json	fixtures_values	Full JSON parse and recursive node traversal; automated schema/reference/constant/nesting/signature invariants; per-file semantic-summary and representative/boundary-record inspection; actual parse-normalize-check-emit plus Lean compilation. Not manual line-by-line review.	c5f5509711cdce6dd1ebaec0e5a16fbdff8142c854d8399fb84c2f6d7f745710	5a849265f4a38d6bd05aec81aa270b6c81d11b5d
tests/golden/layout/air/layout.setCircle.json	fixtures_values	Full JSON parse and recursive node traversal; automated schema/reference/constant/nesting/signature invariants; per-file semantic-summary and representative/boundary-record inspection; actual parse-normalize-check-emit plus Lean compilation. Not manual line-by-line review.	9f86d894d45cf153536c958f0b0397aeb2892cea30219868db647fb8ea495c2a	5a849265f4a38d6bd05aec81aa270b6c81d11b5d
tests/golden/layout/air/layout.setHalf.json	fixtures_values	Full JSON parse and recursive node traversal; automated schema/reference/constant/nesting/signature invariants; per-file semantic-summary and representative/boundary-record inspection; actual parse-normalize-check-emit plus Lean compilation. Not manual line-by-line review.	5cca8bbb3bf5d05bdb3d2e270ed9ee3881a51b0d4e3bbd667bb8ff2ab8ab1f9b	5a849265f4a38d6bd05aec81aa270b6c81d11b5d
tests/golden/layout/air/layout.setMode.json	fixtures_values	Full JSON parse and recursive node traversal; automated schema/reference/constant/nesting/signature invariants; per-file semantic-summary and representative/boundary-record inspection; actual parse-normalize-check-emit plus Lean compilation. Not manual line-by-line review.	12e359c99d7974a99c4b12f091260de2af127d297e649cc9b976449b0eefe67b	5a849265f4a38d6bd05aec81aa270b6c81d11b5d
tests/golden/layout/air/layout.setNib.json	fixtures_values	Full JSON parse and recursive node traversal; automated schema/reference/constant/nesting/signature invariants; per-file semantic-summary and representative/boundary-record inspection; actual parse-normalize-check-emit plus Lean compilation. Not manual line-by-line review.	92f11b420126a4a088404a3a90dfd7b5122f06bc3f1866267577a0b26af54507	5a849265f4a38d6bd05aec81aa270b6c81d11b5d
tests/golden/layout/air/layout.setNum.json	fixtures_values	Full JSON parse and recursive node traversal; automated schema/reference/constant/nesting/signature invariants; per-file semantic-summary and representative/boundary-record inspection; actual parse-normalize-check-emit plus Lean compilation. Not manual line-by-line review.	f79d2e3f69dc91544534c0848159d9e782cd9e67116b3187b9e8af499e2c148e	5a849265f4a38d6bd05aec81aa270b6c81d11b5d
tests/golden/layout/air/layout.setRegFlags.json	fixtures_values	Full JSON parse and recursive node traversal; automated schema/reference/constant/nesting/signature invariants; per-file semantic-summary and representative/boundary-record inspection; actual parse-normalize-check-emit plus Lean compilation. Not manual line-by-line review.	06a15de748bc38ca9bf77c53f72cd67dfce27548ef1941562864a836ade99705	5a849265f4a38d6bd05aec81aa270b6c81d11b5d
tests/golden/layout/air/layout.shapeArea.json	fixtures_values	Full JSON parse and recursive node traversal; automated schema/reference/constant/nesting/signature invariants; per-file semantic-summary and representative/boundary-record inspection; actual parse-normalize-check-emit plus Lean compilation. Not manual line-by-line review.	1a61551f09bccd19663b46ce0b75f1f349b38d1e58a06e097476a486a99e7b16	5a849265f4a38d6bd05aec81aa270b6c81d11b5d
tests/golden/layout/air/layout.square.json	fixtures_values	Full JSON parse and recursive node traversal; automated schema/reference/constant/nesting/signature invariants; per-file semantic-summary and representative/boundary-record inspection; actual parse-normalize-check-emit plus Lean compilation. Not manual line-by-line review.	aa5872850cc22c178f14fc5654a4967d61f623285425bb6ee40a624b4eb3d4c6	5a849265f4a38d6bd05aec81aa270b6c81d11b5d
tests/golden/layout/air/layout.succ.json	fixtures_values	Full JSON parse and recursive node traversal; automated schema/reference/constant/nesting/signature invariants; per-file semantic-summary and representative/boundary-record inspection; actual parse-normalize-check-emit plus Lean compilation. Not manual line-by-line review.	b77a3a31e1bcf74cd578e0dfdb30a5287b6fea82be21c55d2ae95a9093a6eacd	5a849265f4a38d6bd05aec81aa270b6c81d11b5d
tests/golden/layout/air/layout.twice.json	fixtures_values	Full JSON parse and recursive node traversal; automated schema/reference/constant/nesting/signature invariants; per-file semantic-summary and representative/boundary-record inspection; actual parse-normalize-check-emit plus Lean compilation. Not manual line-by-line review.	e489e1f0c5c4606299d758d144b17ec88cbe12aee921a2cff025b1dd0c363816	5a849265f4a38d6bd05aec81aa270b6c81d11b5d
tests/golden/layout/air/layout.wordArg.json	fixtures_values	Full JSON parse and recursive node traversal; automated schema/reference/constant/nesting/signature invariants; per-file semantic-summary and representative/boundary-record inspection; actual parse-normalize-check-emit plus Lean compilation. Not manual line-by-line review.	2f358ab07d0c3342d6302ed28d600992be91cd78d62672fad3a32be8ed98f09b	5a849265f4a38d6bd05aec81aa270b6c81d11b5d
tests/golden/layout/air/layout.wordByte.json	fixtures_values	Full JSON parse and recursive node traversal; automated schema/reference/constant/nesting/signature invariants; per-file semantic-summary and representative/boundary-record inspection; actual parse-normalize-check-emit plus Lean compilation. Not manual line-by-line review.	6dd7e4d32e5c887b2d3d6317b44de803627f728c2235c084ac1d76325de8f6cf	5a849265f4a38d6bd05aec81aa270b6c81d11b5d
tests/golden/layout/air/layout.wordHalf.json	fixtures_values	Full JSON parse and recursive node traversal; automated schema/reference/constant/nesting/signature invariants; per-file semantic-summary and representative/boundary-record inspection; actual parse-normalize-check-emit plus Lean compilation. Not manual line-by-line review.	cae786b45c3761a6dc227cc6aaa59566a102c5f1ef24f62aabfa690f0dbc3ffa	5a849265f4a38d6bd05aec81aa270b6c81d11b5d
tests/golden/layout/air/layout.wordOf.json	fixtures_values	Full JSON parse and recursive node traversal; automated schema/reference/constant/nesting/signature invariants; per-file semantic-summary and representative/boundary-record inspection; actual parse-normalize-check-emit plus Lean compilation. Not manual line-by-line review.	54b908e0b8d2ca8e71154c1d9ace099f7ac33fb029a3200abf807f360f2d8702	5a849265f4a38d6bd05aec81aa270b6c81d11b5d
tests/golden/layout/air/layout.writeTable.json	fixtures_values	Full JSON parse and recursive node traversal; automated schema/reference/constant/nesting/signature invariants; per-file semantic-summary and representative/boundary-record inspection; actual parse-normalize-check-emit plus Lean compilation. Not manual line-by-line review.	c6041f1b5d833f6520c189bbfcccd9e06519b7e964d57e0f6164b50c9c7393a0	5a849265f4a38d6bd05aec81aa270b6c81d11b5d
tests/golden/lists/air/array_list.Aligned(u32,null).addOne.json	fixtures_conc	Full JSON parse and recursive structured validation; individual semantic summary inspection; representative source/exporter/normalizer/checker/emitter tracing; full group translation and generated Lean compile	22d00028a5535df27b4f5afcad56b61f2dcb5c13b91d791357e4a4449f8a3ffb	5a849265f4a38d6bd05aec81aa270b6c81d11b5d
tests/golden/lists/air/array_list.Aligned(u32,null).addOneAssumeCapacity.json	fixtures_conc	Full JSON parse and recursive structured validation; individual semantic summary inspection; representative source/exporter/normalizer/checker/emitter tracing; full group translation and generated Lean compile	62ba0b65ffe2deaea0aeacdc899a6194851019ed54a7e9a2e6b757b7ea9bd637	5a849265f4a38d6bd05aec81aa270b6c81d11b5d
tests/golden/lists/air/array_list.Aligned(u32,null).allocatedSlice.json	fixtures_conc	Full JSON parse and recursive structured validation; individual semantic summary inspection; representative source/exporter/normalizer/checker/emitter tracing; full group translation and generated Lean compile	f9fb181f110f281cfa3d5fe0ff7c4bb0b32723cbb7c81630b3b9d49b45f8644d	5a849265f4a38d6bd05aec81aa270b6c81d11b5d
tests/golden/lists/air/array_list.Aligned(u32,null).append.json	fixtures_conc	Full JSON parse and recursive structured validation; individual semantic summary inspection; representative source/exporter/normalizer/checker/emitter tracing; full group translation and generated Lean compile	3f89cce02158e6eda5e19d1a7a56dd363ccf89b9d214ab3434a78e2c9546a22f	5a849265f4a38d6bd05aec81aa270b6c81d11b5d
tests/golden/lists/air/array_list.Aligned(u32,null).clearAndFree.json	fixtures_conc	Full JSON parse and recursive structured validation; individual semantic summary inspection; representative source/exporter/normalizer/checker/emitter tracing; full group translation and generated Lean compile	f93afe3628c08f96159b1a2b23c96400786ef945274060d38dd63283c043e31d	5a849265f4a38d6bd05aec81aa270b6c81d11b5d
tests/golden/lists/air/array_list.Aligned(u32,null).deinit.json	fixtures_conc	Full JSON parse and recursive structured validation; individual semantic summary inspection; representative source/exporter/normalizer/checker/emitter tracing; full group translation and generated Lean compile	eed788f3de5e6647cb8ca837028298318186dd3fa9ee366c9692c9559fafa6c9	5a849265f4a38d6bd05aec81aa270b6c81d11b5d
tests/golden/lists/air/array_list.Aligned(u32,null).ensureTotalCapacity.json	fixtures_conc	Full JSON parse and recursive structured validation; individual semantic summary inspection; representative source/exporter/normalizer/checker/emitter tracing; full group translation and generated Lean compile	e4882e3a84412aa5959b1e3c5331c5941916267a2ab478410953dcea538fe80e	5a849265f4a38d6bd05aec81aa270b6c81d11b5d
tests/golden/lists/air/array_list.Aligned(u32,null).ensureTotalCapacityPrecise.json	fixtures_conc	Full JSON parse and recursive structured validation; individual semantic summary inspection; representative source/exporter/normalizer/checker/emitter tracing; full group translation and generated Lean compile	0ffd3ae2499f7e063e4a3151ff1ad95599f3cf4169a8fc1418c844358693765e	5a849265f4a38d6bd05aec81aa270b6c81d11b5d
tests/golden/lists/air/array_list.Aligned(u32,null).growCapacity.json	fixtures_conc	Full JSON parse and recursive structured validation; individual semantic summary inspection; representative source/exporter/normalizer/checker/emitter tracing; full group translation and generated Lean compile	7b8572ddb69bb9160ee2568ef70d0d29df96574605ca26136056556365b537d9	5a849265f4a38d6bd05aec81aa270b6c81d11b5d
tests/golden/lists/air/array_list.Aligned(u32,null).toOwnedSlice.json	fixtures_conc	Full JSON parse and recursive structured validation; individual semantic summary inspection; representative source/exporter/normalizer/checker/emitter tracing; full group translation and generated Lean compile	a80a7dd255598659b8705fe0684e1743bca9c1024f2b74e9c98ca09f5698cb1c	5a849265f4a38d6bd05aec81aa270b6c81d11b5d
tests/golden/lists/air/debug.assert.json	fixtures_conc	Full JSON parse and recursive structured validation; individual semantic summary inspection; representative source/exporter/normalizer/checker/emitter tracing; full group translation and generated Lean compile	494f49a343905d9a4e0c51838673b7cc6c15c2c5cad2fcc23b10ab449e86012d	5a849265f4a38d6bd05aec81aa270b6c81d11b5d
tests/golden/lists/air/lists.dupe.json	fixtures_conc	Full JSON parse and recursive structured validation; individual semantic summary inspection; representative source/exporter/normalizer/checker/emitter tracing; full group translation and generated Lean compile	d73adba3291b19b805474813f5e0c0c2208505747b9ead232c920aa7e5d8dbb8	5a849265f4a38d6bd05aec81aa270b6c81d11b5d
tests/golden/lists/air/lists.dupeZLen.json	fixtures_conc	Full JSON parse and recursive structured validation; individual semantic summary inspection; representative source/exporter/normalizer/checker/emitter tracing; full group translation and generated Lean compile	b51b5d4b7bfbd730a580f4c3c144305dd7545942fdce870d612e15ef31901340	5a849265f4a38d6bd05aec81aa270b6c81d11b5d
tests/golden/lists/air/lists.evens.json	fixtures_conc	Full JSON parse and recursive structured validation; individual semantic summary inspection; representative source/exporter/normalizer/checker/emitter tracing; full group translation and generated Lean compile	64e23f2ebadb2a63a3acfdd3a79c3f46684e5dada035df7af3bd2948fa6f2973	5a849265f4a38d6bd05aec81aa270b6c81d11b5d
tests/golden/lists/air/lists.freeAll.json	fixtures_conc	Full JSON parse and recursive structured validation; individual semantic summary inspection; representative source/exporter/normalizer/checker/emitter tracing; full group translation and generated Lean compile	db203923d73e4008b82cd399a14257f0990e9980ff93715ab173f728ab04defc	5a849265f4a38d6bd05aec81aa270b6c81d11b5d
tests/golden/lists/air/lists.listSum.json	fixtures_conc	Full JSON parse and recursive structured validation; individual semantic summary inspection; representative source/exporter/normalizer/checker/emitter tracing; full group translation and generated Lean compile	14962e777b48b9509c31d43152db0e6b13237dd328deb4ab259212eebe63b255	5a849265f4a38d6bd05aec81aa270b6c81d11b5d
tests/golden/lists/air/lists.push.json	fixtures_conc	Full JSON parse and recursive structured validation; individual semantic summary inspection; representative source/exporter/normalizer/checker/emitter tracing; full group translation and generated Lean compile	3f1d4aff1eeb05cb85ecb33553b73f57a81665d409de13fea95cfe1cf31296b9	5a849265f4a38d6bd05aec81aa270b6c81d11b5d
tests/golden/lists/air/lists.reverse.json	fixtures_conc	Full JSON parse and recursive structured validation; individual semantic summary inspection; representative source/exporter/normalizer/checker/emitter tracing; full group translation and generated Lean compile	7894d2e25050054c01d160156c634b88edc17ddd4c5b138d416cf10dd5169eee	5a849265f4a38d6bd05aec81aa270b6c81d11b5d
tests/golden/lists/air/lists.sum.json	fixtures_conc	Full JSON parse and recursive structured validation; individual semantic summary inspection; representative source/exporter/normalizer/checker/emitter tracing; full group translation and generated Lean compile	42f76a3af38df49b38bf757ee9ee794deee19225b72f63fb4c36de3f66792331	5a849265f4a38d6bd05aec81aa270b6c81d11b5d
tests/golden/lists/air/lists.sumRange.json	fixtures_conc	Full JSON parse and recursive structured validation; individual semantic summary inspection; representative source/exporter/normalizer/checker/emitter tracing; full group translation and generated Lean compile	67b88094a0818ec70348538b618be0d82f7aa208f0d4428251470929718c1035	5a849265f4a38d6bd05aec81aa270b6c81d11b5d
tests/golden/lists/air/mem.Allocator.dupeZ__anon_N.json	fixtures_conc	Full JSON parse and recursive structured validation; individual semantic summary inspection; representative source/exporter/normalizer/checker/emitter tracing; full group translation and generated Lean compile	56572c535d4b2e3c457b7caf2b380a29aa8b2f71d7aa2b291c022c0dfd3cf379	5a849265f4a38d6bd05aec81aa270b6c81d11b5d
tests/golden/options/air/options.find.json	fixtures_values	Full JSON parse and recursive node traversal; automated schema/reference/constant/nesting/signature invariants; per-file semantic-summary and representative/boundary-record inspection; actual parse-normalize-check-emit plus Lean compilation. Not manual line-by-line review.	e34428c83c5afd533e5bf56a637cf8cbccf6a63e79383d6fe5f37d503aeff4c9	5a849265f4a38d6bd05aec81aa270b6c81d11b5d
tests/golden/options/air/options.findOr.json	fixtures_values	Full JSON parse and recursive node traversal; automated schema/reference/constant/nesting/signature invariants; per-file semantic-summary and representative/boundary-record inspection; actual parse-normalize-check-emit plus Lean compilation. Not manual line-by-line review.	c7236d829dc5b4f2e1912863ecd4a8fb54fadfd54cd68ca38a601d6533f6abe1	5a849265f4a38d6bd05aec81aa270b6c81d11b5d
tests/golden/options/air/options.firstIndexPlusOne.json	fixtures_values	Full JSON parse and recursive node traversal; automated schema/reference/constant/nesting/signature invariants; per-file semantic-summary and representative/boundary-record inspection; actual parse-normalize-check-emit plus Lean compilation. Not manual line-by-line review.	522f63edc3cd65c02ce845d71a1e635c44d2cdd366360f003f27ccde7f72fcdb	5a849265f4a38d6bd05aec81aa270b6c81d11b5d
tests/golden/pointers/air/pointers.addDown.json	fixtures_values	Full JSON parse and recursive node traversal; automated schema/reference/constant/nesting/signature invariants; per-file semantic-summary and representative/boundary-record inspection; actual parse-normalize-check-emit plus Lean compilation. Not manual line-by-line review.	f6f780a845c830219e8ec45b87d23cf19e2d66e0f283ba2c2860ccf243fb6172	5a849265f4a38d6bd05aec81aa270b6c81d11b5d
tests/golden/pointers/air/pointers.addTo.json	fixtures_values	Full JSON parse and recursive node traversal; automated schema/reference/constant/nesting/signature invariants; per-file semantic-summary and representative/boundary-record inspection; actual parse-normalize-check-emit plus Lean compilation. Not manual line-by-line review.	7927429fad5d9fa29298fb7129ebee1a78c09b734fe7a9577845539fcdfc49b5	5a849265f4a38d6bd05aec81aa270b6c81d11b5d
tests/golden/pointers/air/pointers.bumpOpt.json	fixtures_values	Full JSON parse and recursive node traversal; automated schema/reference/constant/nesting/signature invariants; per-file semantic-summary and representative/boundary-record inspection; actual parse-normalize-check-emit plus Lean compilation. Not manual line-by-line review.	acd7d6330b880bd07bf96cd9b23526833b00144891e3ba69fe6a8b466aa4154d	5a849265f4a38d6bd05aec81aa270b6c81d11b5d
tests/golden/pointers/air/pointers.copyJob.json	fixtures_values	Full JSON parse and recursive node traversal; automated schema/reference/constant/nesting/signature invariants; per-file semantic-summary and representative/boundary-record inspection; actual parse-normalize-check-emit plus Lean compilation. Not manual line-by-line review.	ba7a0db25648157dc8d35d621056d0e6f225e50057335422554c94b7b327ca91	5a849265f4a38d6bd05aec81aa270b6c81d11b5d
tests/golden/pointers/air/pointers.delay.json	fixtures_values	Full JSON parse and recursive node traversal; automated schema/reference/constant/nesting/signature invariants; per-file semantic-summary and representative/boundary-record inspection; actual parse-normalize-check-emit plus Lean compilation. Not manual line-by-line review.	871635de95dd9f84bac9a2fd2f6bbe33d5ad714f7dca060ac29583cdfe898063	5a849265f4a38d6bd05aec81aa270b6c81d11b5d
tests/golden/pointers/air/pointers.dueOf.json	fixtures_values	Full JSON parse and recursive node traversal; automated schema/reference/constant/nesting/signature invariants; per-file semantic-summary and representative/boundary-record inspection; actual parse-normalize-check-emit plus Lean compilation. Not manual line-by-line review.	3bdd1ab646c26884023a4191b4412897a961c295a2f2cc46e266ff9b4a302bd3	5a849265f4a38d6bd05aec81aa270b6c81d11b5d
tests/golden/pointers/air/pointers.maxPtr.json	fixtures_values	Full JSON parse and recursive node traversal; automated schema/reference/constant/nesting/signature invariants; per-file semantic-summary and representative/boundary-record inspection; actual parse-normalize-check-emit plus Lean compilation. Not manual line-by-line review.	a557db47c0ca8ba98af8e808fa076f8d68140de9757dbce89ad63367ed3814e3	5a849265f4a38d6bd05aec81aa270b6c81d11b5d
tests/golden/pointers/air/pointers.same.json	fixtures_values	Full JSON parse and recursive node traversal; automated schema/reference/constant/nesting/signature invariants; per-file semantic-summary and representative/boundary-record inspection; actual parse-normalize-check-emit plus Lean compilation. Not manual line-by-line review.	ce9924425aaa063087587beaf25ff41d5e6535e47f8b8532a04b73c809e80c11	5a849265f4a38d6bd05aec81aa270b6c81d11b5d
tests/golden/pointers/air/pointers.setOpt.json	fixtures_values	Full JSON parse and recursive node traversal; automated schema/reference/constant/nesting/signature invariants; per-file semantic-summary and representative/boundary-record inspection; actual parse-normalize-check-emit plus Lean compilation. Not manual line-by-line review.	1f7c875ff6844f9e4bc0fef08218264311369c7ae45d931f6cbebd7e04cd379a	5a849265f4a38d6bd05aec81aa270b6c81d11b5d
tests/golden/pointers/air/pointers.setOptJob.json	fixtures_values	Full JSON parse and recursive node traversal; automated schema/reference/constant/nesting/signature invariants; per-file semantic-summary and representative/boundary-record inspection; actual parse-normalize-check-emit plus Lean compilation. Not manual line-by-line review.	9f1423a2304b95f4692db744a0f3bcf40fb6d677fa13211e5eb1df9214ad526c	5a849265f4a38d6bd05aec81aa270b6c81d11b5d
tests/golden/pointers/air/pointers.sumTo.json	fixtures_values	Full JSON parse and recursive node traversal; automated schema/reference/constant/nesting/signature invariants; per-file semantic-summary and representative/boundary-record inspection; actual parse-normalize-check-emit plus Lean compilation. Not manual line-by-line review.	2b6af46a05a243d87f3a6b2b25be44178d3171e4fa328fb1ab660ff033d7ff2d	5a849265f4a38d6bd05aec81aa270b6c81d11b5d
tests/golden/pointers/air/pointers.swap.json	fixtures_values	Full JSON parse and recursive node traversal; automated schema/reference/constant/nesting/signature invariants; per-file semantic-summary and representative/boundary-record inspection; actual parse-normalize-check-emit plus Lean compilation. Not manual line-by-line review.	ed0285601ce1b4435837fb0af942afaf795e14effbb31d049f66bd9a48538c56	5a849265f4a38d6bd05aec81aa270b6c81d11b5d
tests/golden/recursion/air/recursion.fact.json	fixtures_values	Full JSON parse and recursive node traversal; automated schema/reference/constant/nesting/signature invariants; per-file semantic-summary and representative/boundary-record inspection; actual parse-normalize-check-emit plus Lean compilation. Not manual line-by-line review.	09279ea793d6d28d6189477240be69f7a93637efe1d43c8bad25e942a85151c0	5a849265f4a38d6bd05aec81aa270b6c81d11b5d
tests/golden/recursion/air/recursion.gcd.json	fixtures_values	Full JSON parse and recursive node traversal; automated schema/reference/constant/nesting/signature invariants; per-file semantic-summary and representative/boundary-record inspection; actual parse-normalize-check-emit plus Lean compilation. Not manual line-by-line review.	55a04dfbd3f95efa447bf94f82ad9c8b614525303154d3c2f2086a9476cadecd	5a849265f4a38d6bd05aec81aa270b6c81d11b5d
tests/golden/recursion/air/recursion.isEven.json	fixtures_values	Full JSON parse and recursive node traversal; automated schema/reference/constant/nesting/signature invariants; per-file semantic-summary and representative/boundary-record inspection; actual parse-normalize-check-emit plus Lean compilation. Not manual line-by-line review.	e0572c20bd527f02c2b9243a9bb8d2ec63fa268acdc06099ba94550fcbe9a19b	5a849265f4a38d6bd05aec81aa270b6c81d11b5d
tests/golden/recursion/air/recursion.isOdd.json	fixtures_values	Full JSON parse and recursive node traversal; automated schema/reference/constant/nesting/signature invariants; per-file semantic-summary and representative/boundary-record inspection; actual parse-normalize-check-emit plus Lean compilation. Not manual line-by-line review.	5006e7b41b83a1ff651179f267470cd618726e5c1fb49883558816b918c11663	5a849265f4a38d6bd05aec81aa270b6c81d11b5d
tests/golden/slices/air/slices.at.json	fixtures_values	Full JSON parse and recursive node traversal; automated schema/reference/constant/nesting/signature invariants; per-file semantic-summary and representative/boundary-record inspection; actual parse-normalize-check-emit plus Lean compilation. Not manual line-by-line review.	3b760adbd8a058b5acf46546d14fc0fd08a113b2d8fa68132893e25985c4057d	5a849265f4a38d6bd05aec81aa270b6c81d11b5d
tests/golden/slices/air/slices.bump.json	fixtures_values	Full JSON parse and recursive node traversal; automated schema/reference/constant/nesting/signature invariants; per-file semantic-summary and representative/boundary-record inspection; actual parse-normalize-check-emit plus Lean compilation. Not manual line-by-line review.	1d3a128eba1b74468e3329ce1c9b9a8666433323a563293aad32e14f0a72f0bd	5a849265f4a38d6bd05aec81aa270b6c81d11b5d
tests/golden/slices/air/slices.bumpAt.json	fixtures_values	Full JSON parse and recursive node traversal; automated schema/reference/constant/nesting/signature invariants; per-file semantic-summary and representative/boundary-record inspection; actual parse-normalize-check-emit plus Lean compilation. Not manual line-by-line review.	ac1614952ff87a9cd2835edc49316ed469061c01cbb82bc294b338f091e74c9f	5a849265f4a38d6bd05aec81aa270b6c81d11b5d
tests/golden/slices/air/slices.clear.json	fixtures_values	Full JSON parse and recursive node traversal; automated schema/reference/constant/nesting/signature invariants; per-file semantic-summary and representative/boundary-record inspection; actual parse-normalize-check-emit plus Lean compilation. Not manual line-by-line review.	d46e052b3615d89209f0fef0a7b0280391f1ef8a5f07be16efec82277c2eec36	5a849265f4a38d6bd05aec81aa270b6c81d11b5d
tests/golden/slices/air/slices.colorName.json	fixtures_values	Full JSON parse and recursive node traversal; automated schema/reference/constant/nesting/signature invariants; per-file semantic-summary and representative/boundary-record inspection; actual parse-normalize-check-emit plus Lean compilation. Not manual line-by-line review.	0adcc3d777c21e5a113371bbf0c1614fe9cd34c89b6a4398ffb0f2f8bbdffcd9	5a849265f4a38d6bd05aec81aa270b6c81d11b5d
tests/golden/slices/air/slices.copy.json	fixtures_values	Full JSON parse and recursive node traversal; automated schema/reference/constant/nesting/signature invariants; per-file semantic-summary and representative/boundary-record inspection; actual parse-normalize-check-emit plus Lean compilation. Not manual line-by-line review.	29d3fc3f30ad7f8be1f9211ab5779a6d6bf07fc446e6300eb930d11e702451d3	5a849265f4a38d6bd05aec81aa270b6c81d11b5d
tests/golden/slices/air/slices.copyWithin.json	fixtures_values	Full JSON parse and recursive node traversal; automated schema/reference/constant/nesting/signature invariants; per-file semantic-summary and representative/boundary-record inspection; actual parse-normalize-check-emit plus Lean compilation. Not manual line-by-line review.	42689d8f4d29a8aa1cf8f2d1e902905872f07b53ead53f1bcf8496e9fea501ab	5a849265f4a38d6bd05aec81aa270b6c81d11b5d
tests/golden/slices/air/slices.factorial.json	fixtures_values	Full JSON parse and recursive node traversal; automated schema/reference/constant/nesting/signature invariants; per-file semantic-summary and representative/boundary-record inspection; actual parse-normalize-check-emit plus Lean compilation. Not manual line-by-line review.	d073cd993977d9f5aa0ec61f5ea6851d41f714d10caaa8a27673ec5d30ab6ac0	5a849265f4a38d6bd05aec81aa270b6c81d11b5d
tests/golden/slices/air/slices.failName.json	fixtures_values	Full JSON parse and recursive node traversal; automated schema/reference/constant/nesting/signature invariants; per-file semantic-summary and representative/boundary-record inspection; actual parse-normalize-check-emit plus Lean compilation. Not manual line-by-line review.	ed18aeb8d6a519b4d45009e2b58dc8068185efab8016ab4830fe754f1656e734	5a849265f4a38d6bd05aec81aa270b6c81d11b5d
tests/golden/slices/air/slices.fill.json	fixtures_values	Full JSON parse and recursive node traversal; automated schema/reference/constant/nesting/signature invariants; per-file semantic-summary and representative/boundary-record inspection; actual parse-normalize-check-emit plus Lean compilation. Not manual line-by-line review.	98e344efdd98c8cf7c2155ef48a63e045f7f2a78fa2f232f9044493dbf3af0d3	5a849265f4a38d6bd05aec81aa270b6c81d11b5d
tests/golden/slices/air/slices.indexOfScalar.json	fixtures_values	Full JSON parse and recursive node traversal; automated schema/reference/constant/nesting/signature invariants; per-file semantic-summary and representative/boundary-record inspection; actual parse-normalize-check-emit plus Lean compilation. Not manual line-by-line review.	bfd2f7b3f726538bd809ddaf56696445013d12fd37bb6c6cc49efdff785406a8	5a849265f4a38d6bd05aec81aa270b6c81d11b5d
tests/golden/slices/air/slices.lenOr.json	fixtures_values	Full JSON parse and recursive node traversal; automated schema/reference/constant/nesting/signature invariants; per-file semantic-summary and representative/boundary-record inspection; actual parse-normalize-check-emit plus Lean compilation. Not manual line-by-line review.	04dee6f9108ae46b20dd5bdfa0cbec70105095823094f4f6bc9d81ecfaba7c96	5a849265f4a38d6bd05aec81aa270b6c81d11b5d
tests/golden/slices/air/slices.localArr.json	fixtures_values	Full JSON parse and recursive node traversal; automated schema/reference/constant/nesting/signature invariants; per-file semantic-summary and representative/boundary-record inspection; actual parse-normalize-check-emit plus Lean compilation. Not manual line-by-line review.	d3e252204f7ecec45dbf726c2844c53b683b44deaa6b66079299206ae874979a	5a849265f4a38d6bd05aec81aa270b6c81d11b5d
tests/golden/slices/air/slices.prevItem.json	fixtures_values	Full JSON parse and recursive node traversal; automated schema/reference/constant/nesting/signature invariants; per-file semantic-summary and representative/boundary-record inspection; actual parse-normalize-check-emit plus Lean compilation. Not manual line-by-line review.	a68c2076a23243785e887ac216ec7039882cc69b3dd160f663d168962d835440	5a849265f4a38d6bd05aec81aa270b6c81d11b5d
tests/golden/slices/air/slices.reverse.json	fixtures_values	Full JSON parse and recursive node traversal; automated schema/reference/constant/nesting/signature invariants; per-file semantic-summary and representative/boundary-record inspection; actual parse-normalize-check-emit plus Lean compilation. Not manual line-by-line review.	02b549f8422f51f91b75431daf70bd18e9312ccc1836c1cd429e8a6eb8314a87	5a849265f4a38d6bd05aec81aa270b6c81d11b5d
tests/golden/slices/air/slices.second.json	fixtures_values	Full JSON parse and recursive node traversal; automated schema/reference/constant/nesting/signature invariants; per-file semantic-summary and representative/boundary-record inspection; actual parse-normalize-check-emit plus Lean compilation. Not manual line-by-line review.	21371eadb66e932f9cdaac7e837d673c1d3f37e199858ec6f0c93463085f4da8	5a849265f4a38d6bd05aec81aa270b6c81d11b5d
tests/golden/slices/air/slices.sentinelArr.json	fixtures_values	Full JSON parse and recursive node traversal; automated schema/reference/constant/nesting/signature invariants; per-file semantic-summary and representative/boundary-record inspection; actual parse-normalize-check-emit plus Lean compilation. Not manual line-by-line review.	03e3c2509c5679f5323fb66e93bb2a10ce0b301dae42de41f58c9726eaa252f2	5a849265f4a38d6bd05aec81aa270b6c81d11b5d
tests/golden/slices/air/slices.subZ.json	fixtures_values	Full JSON parse and recursive node traversal; automated schema/reference/constant/nesting/signature invariants; per-file semantic-summary and representative/boundary-record inspection; actual parse-normalize-check-emit plus Lean compilation. Not manual line-by-line review.	9b28dbdef618260c0bc39854afc6626ff30a158f95589abc135d520bc369ccf7	5a849265f4a38d6bd05aec81aa270b6c81d11b5d
tests/golden/slices/air/slices.sumMid.json	fixtures_values	Full JSON parse and recursive node traversal; automated schema/reference/constant/nesting/signature invariants; per-file semantic-summary and representative/boundary-record inspection; actual parse-normalize-check-emit plus Lean compilation. Not manual line-by-line review.	2d98595f4ff4046833b70ffd942d23d3aad8543595b520e7366c360d97e77145	5a849265f4a38d6bd05aec81aa270b6c81d11b5d
tests/golden/slices/air/slices.sumSlice.json	fixtures_values	Full JSON parse and recursive node traversal; automated schema/reference/constant/nesting/signature invariants; per-file semantic-summary and representative/boundary-record inspection; actual parse-normalize-check-emit plus Lean compilation. Not manual line-by-line review.	a18c669b084dac3d11bd3b92e3b102c0470c70dd539003f7846fd500251509c9	5a849265f4a38d6bd05aec81aa270b6c81d11b5d
tests/golden/slices/air/slices.sumZ.json	fixtures_values	Full JSON parse and recursive node traversal; automated schema/reference/constant/nesting/signature invariants; per-file semantic-summary and representative/boundary-record inspection; actual parse-normalize-check-emit plus Lean compilation. Not manual line-by-line review.	fb16f77d6504cf0e7aa279a02fe9ce3c500f34dca2bb09f96e513fa3a411c556	5a849265f4a38d6bd05aec81aa270b6c81d11b5d
tests/golden/slices/air/slices.total.json	fixtures_values	Full JSON parse and recursive node traversal; automated schema/reference/constant/nesting/signature invariants; per-file semantic-summary and representative/boundary-record inspection; actual parse-normalize-check-emit plus Lean compilation. Not manual line-by-line review.	73faebe7410fc5483ba25b40d240b223ed57f967712817eac32238f7cd09f17f	5a849265f4a38d6bd05aec81aa270b6c81d11b5d
tests/golden/sync/air/Io.Condition.signal.json	fixtures_conc	Full JSON parse and recursive structured validation; individual semantic summary inspection; representative source/exporter/normalizer/checker/emitter tracing; full group translation and generated Lean compile	7040e246927ed4ae4d23e46e6dcdfc03e4f0892166617b222beefbb0d00e6883	5a849265f4a38d6bd05aec81aa270b6c81d11b5d
tests/golden/sync/air/Io.Condition.wait.json	fixtures_conc	Full JSON parse and recursive structured validation; individual semantic summary inspection; representative source/exporter/normalizer/checker/emitter tracing; full group translation and generated Lean compile	17098485d8afec9526f90e56f9e4ed2c79dfc7c39732dab2bc500a985518e315	5a849265f4a38d6bd05aec81aa270b6c81d11b5d
tests/golden/sync/air/Io.Condition.waitInner.json	fixtures_conc	Full JSON parse and recursive structured validation; individual semantic summary inspection; representative source/exporter/normalizer/checker/emitter tracing; full group translation and generated Lean compile	86d665c44a5512b1c8b768ada97da942be8f2b317bc380ed546245a01b513739	5a849265f4a38d6bd05aec81aa270b6c81d11b5d
tests/golden/sync/air/Io.Condition.waitUncancelable.json	fixtures_conc	Full JSON parse and recursive structured validation; individual semantic summary inspection; representative source/exporter/normalizer/checker/emitter tracing; full group translation and generated Lean compile	8f45e524d90117541823d247e00e82120f743aa4489089629708e15c64bab5c6	5a849265f4a38d6bd05aec81aa270b6c81d11b5d
tests/golden/sync/air/Io.Event.set.json	fixtures_conc	Full JSON parse and recursive structured validation; individual semantic summary inspection; representative source/exporter/normalizer/checker/emitter tracing; full group translation and generated Lean compile	e6543b2f077e65c1514db761202d7185568bc9749310930a68e04c151cecd1ef	5a849265f4a38d6bd05aec81aa270b6c81d11b5d
tests/golden/sync/air/Io.Event.waitUncancelable.json	fixtures_conc	Full JSON parse and recursive structured validation; individual semantic summary inspection; representative source/exporter/normalizer/checker/emitter tracing; full group translation and generated Lean compile	c04e91d79ded00506c65459d51b7154bb99b569538fec4f9f86e0cd7f8946d15	5a849265f4a38d6bd05aec81aa270b6c81d11b5d
tests/golden/sync/air/Io.Mutex.lock.json	fixtures_conc	Full JSON parse and recursive structured validation; individual semantic summary inspection; representative source/exporter/normalizer/checker/emitter tracing; full group translation and generated Lean compile	669f4c3ec30179322ab8ad94062ef8ec25cddf5037274d91efb1ed4b0b7269ba	5a849265f4a38d6bd05aec81aa270b6c81d11b5d
tests/golden/sync/air/Io.Mutex.lockUncancelable.json	fixtures_conc	Full JSON parse and recursive structured validation; individual semantic summary inspection; representative source/exporter/normalizer/checker/emitter tracing; full group translation and generated Lean compile	3d38fd8e3501ba9ac2742e7cf5cea27caae946e3d57fd1c292d7681d0fc5e47e	5a849265f4a38d6bd05aec81aa270b6c81d11b5d
tests/golden/sync/air/Io.Mutex.tryLock.json	fixtures_conc	Full JSON parse and recursive structured validation; individual semantic summary inspection; representative source/exporter/normalizer/checker/emitter tracing; full group translation and generated Lean compile	f4eae588a6be8d7d32c17f526e5c55b92d1595a6ef4562af4beec2d46d561ebf	5a849265f4a38d6bd05aec81aa270b6c81d11b5d
tests/golden/sync/air/Io.Mutex.unlock.json	fixtures_conc	Full JSON parse and recursive structured validation; individual semantic summary inspection; representative source/exporter/normalizer/checker/emitter tracing; full group translation and generated Lean compile	d76cd90723e500719908f172af41faee4dbb6366aefb3931297b73afd77cd226	5a849265f4a38d6bd05aec81aa270b6c81d11b5d
tests/golden/sync/air/Io.RwLock.lockSharedUncancelable.json	fixtures_conc	Full JSON parse and recursive structured validation; individual semantic summary inspection; representative source/exporter/normalizer/checker/emitter tracing; full group translation and generated Lean compile	961875b15fcb8ab0c35dc4bca0ebcd0adaa21e8ebdfc6067b439a778738cf82e	5a849265f4a38d6bd05aec81aa270b6c81d11b5d
tests/golden/sync/air/Io.RwLock.lockUncancelable.json	fixtures_conc	Full JSON parse and recursive structured validation; individual semantic summary inspection; representative source/exporter/normalizer/checker/emitter tracing; full group translation and generated Lean compile	1b7329b9c2ca3de2c462dfb5f821bde3b588d6d6fc298913a317bd13b894a98b	5a849265f4a38d6bd05aec81aa270b6c81d11b5d
tests/golden/sync/air/Io.RwLock.unlock.json	fixtures_conc	Full JSON parse and recursive structured validation; individual semantic summary inspection; representative source/exporter/normalizer/checker/emitter tracing; full group translation and generated Lean compile	08dbeb4de0d1505aa3de55e7cf5a761c7480f61e0dc94e2a7f430afd31d6100a	5a849265f4a38d6bd05aec81aa270b6c81d11b5d
tests/golden/sync/air/Io.RwLock.unlockShared.json	fixtures_conc	Full JSON parse and recursive structured validation; individual semantic summary inspection; representative source/exporter/normalizer/checker/emitter tracing; full group translation and generated Lean compile	ad814413f1e7bba359f26a92ccf8002ed44839532c7a54433de681fae32c5591	5a849265f4a38d6bd05aec81aa270b6c81d11b5d
tests/golden/sync/air/Io.Semaphore.post.json	fixtures_conc	Full JSON parse and recursive structured validation; individual semantic summary inspection; representative source/exporter/normalizer/checker/emitter tracing; full group translation and generated Lean compile	e967429692be3fcb965d613dfe0419bd981ce400d9d629d780a9c6b3c1a72f1a	5a849265f4a38d6bd05aec81aa270b6c81d11b5d
tests/golden/sync/air/Io.Semaphore.waitUncancelable.json	fixtures_conc	Full JSON parse and recursive structured validation; individual semantic summary inspection; representative source/exporter/normalizer/checker/emitter tracing; full group translation and generated Lean compile	abe509eb0357dd114f695f9a5be5446d9099195e100a71ebbf14b8163196aa67	5a849265f4a38d6bd05aec81aa270b6c81d11b5d
tests/golden/sync/air/debug.assert.json	fixtures_conc	Full JSON parse and recursive structured validation; individual semantic summary inspection; representative source/exporter/normalizer/checker/emitter tracing; full group translation and generated Lean compile	494f49a343905d9a4e0c51838673b7cc6c15c2c5cad2fcc23b10ab449e86012d	5a849265f4a38d6bd05aec81aa270b6c81d11b5d
tests/golden/sync/air/sync.handoff.json	fixtures_conc	Full JSON parse and recursive structured validation; individual semantic summary inspection; representative source/exporter/normalizer/checker/emitter tracing; full group translation and generated Lean compile	9940eb522fbde8b61bb8db11e0b30822171908a52330ab8770000b585c49279e	5a849265f4a38d6bd05aec81aa270b6c81d11b5d
tests/golden/sync/air/sync.mutexCounter.json	fixtures_conc	Full JSON parse and recursive structured validation; individual semantic summary inspection; representative source/exporter/normalizer/checker/emitter tracing; full group translation and generated Lean compile	8244ed5c40cdb2f8f85c7d41a51e49c412762ba13360aed383149713044a0270	5a849265f4a38d6bd05aec81aa270b6c81d11b5d
tests/golden/sync/air/sync.producer.json	fixtures_conc	Full JSON parse and recursive structured validation; individual semantic summary inspection; representative source/exporter/normalizer/checker/emitter tracing; full group translation and generated Lean compile	8000cc7eae625e54560ccf9fbf662caf87ab3068bb09afcb3268c11a39bf0659	5a849265f4a38d6bd05aec81aa270b6c81d11b5d
tests/golden/sync/air/sync.readShared.json	fixtures_conc	Full JSON parse and recursive structured validation; individual semantic summary inspection; representative source/exporter/normalizer/checker/emitter tracing; full group translation and generated Lean compile	fc26a9b96aa46b879e3013ca83b2b04b0768cbe4330edf08cd3a658d90e3ee18	5a849265f4a38d6bd05aec81aa270b6c81d11b5d
tests/golden/sync/air/sync.rwLockRead.json	fixtures_conc	Full JSON parse and recursive structured validation; individual semantic summary inspection; representative source/exporter/normalizer/checker/emitter tracing; full group translation and generated Lean compile	cbf0015b6e948c83a7f06941c5ed4baddd0764a175d5b89ddb29b9269557f49e	5a849265f4a38d6bd05aec81aa270b6c81d11b5d
tests/golden/sync/air/sync.semWork.json	fixtures_conc	Full JSON parse and recursive structured validation; individual semantic summary inspection; representative source/exporter/normalizer/checker/emitter tracing; full group translation and generated Lean compile	946debcb13a21f5041d096910e461777daa910107b0351c9d417ae6abdcb46ff	5a849265f4a38d6bd05aec81aa270b6c81d11b5d
tests/golden/sync/air/sync.semaphoreCounter.json	fixtures_conc	Full JSON parse and recursive structured validation; individual semantic summary inspection; representative source/exporter/normalizer/checker/emitter tracing; full group translation and generated Lean compile	12ff736768d4e48dc28f110a3a185a9942d5ea45455220172ce449940e46b2e5	5a849265f4a38d6bd05aec81aa270b6c81d11b5d
tests/golden/sync/air/sync.work.json	fixtures_conc	Full JSON parse and recursive structured validation; individual semantic summary inspection; representative source/exporter/normalizer/checker/emitter tracing; full group translation and generated Lean compile	224b7b31d26c6425a62638a632fe41f823194d41d0b13f8264ca1e02a97cbd6c	5a849265f4a38d6bd05aec81aa270b6c81d11b5d
tests/golden/sync/air/sync.writer.json	fixtures_conc	Full JSON parse and recursive structured validation; individual semantic summary inspection; representative source/exporter/normalizer/checker/emitter tracing; full group translation and generated Lean compile	4ee6728d418bc7ab2b0b73bc393be91827b4858281e265e27dedac12ac5b6622	5a849265f4a38d6bd05aec81aa270b6c81d11b5d
tests/golden/threads/air/atomic.Value(threads.Phase).init.json	fixtures_conc	Full JSON parse and recursive structured validation; individual semantic summary inspection; representative source/exporter/normalizer/checker/emitter tracing; full group translation and generated Lean compile	5dc7e1e9f89a5f079aab10fe99d7eec5d9411e34ffdab88803fec7fb4a967a9f	5a849265f4a38d6bd05aec81aa270b6c81d11b5d
tests/golden/threads/air/atomic.Value(u32).init.json	fixtures_conc	Full JSON parse and recursive structured validation; individual semantic summary inspection; representative source/exporter/normalizer/checker/emitter tracing; full group translation and generated Lean compile	852983fbe510395e8d3e0e2f2a3486906827ecacc25a9ee676beb48038e4ea85	5a849265f4a38d6bd05aec81aa270b6c81d11b5d
tests/golden/threads/air/threads.bump.json	fixtures_conc	Full JSON parse and recursive structured validation; individual semantic summary inspection; representative source/exporter/normalizer/checker/emitter tracing; full group translation and generated Lean compile	e27b8539297b3a2ec286d9dba6319a76bb469d1e0f7534d64e0cbe94a8513c8d	5a849265f4a38d6bd05aec81aa270b6c81d11b5d
tests/golden/threads/air/threads.claim.json	fixtures_conc	Full JSON parse and recursive structured validation; individual semantic summary inspection; representative source/exporter/normalizer/checker/emitter tracing; full group translation and generated Lean compile	5934abc4f69a3fea1521f5c18913ed405b59c6c6b7fbd83847134ca1fa6cd31e	5a849265f4a38d6bd05aec81aa270b6c81d11b5d
tests/golden/threads/air/threads.claimOnce.json	fixtures_conc	Full JSON parse and recursive structured validation; individual semantic summary inspection; representative source/exporter/normalizer/checker/emitter tracing; full group translation and generated Lean compile	e32936e6e2875da5fe8efbec041fe081f89dfba0f074702f25e0de51fda03b19	5a849265f4a38d6bd05aec81aa270b6c81d11b5d
tests/golden/threads/air/threads.disjoint.json	fixtures_conc	Full JSON parse and recursive structured validation; individual semantic summary inspection; representative source/exporter/normalizer/checker/emitter tracing; full group translation and generated Lean compile	f465eee9254a41c92770cd645adc7708ea3b9c99356613154092070c5f3c71b3	5a849265f4a38d6bd05aec81aa270b6c81d11b5d
tests/golden/threads/air/threads.parallelCounter.json	fixtures_conc	Full JSON parse and recursive structured validation; individual semantic summary inspection; representative source/exporter/normalizer/checker/emitter tracing; full group translation and generated Lean compile	8930f0880024e4e25c425468e66d696fd472c745238d95e148ff8a511560e422	5a849265f4a38d6bd05aec81aa270b6c81d11b5d
tests/golden/threads/air/threads.race.json	fixtures_conc	Full JSON parse and recursive structured validation; individual semantic summary inspection; representative source/exporter/normalizer/checker/emitter tracing; full group translation and generated Lean compile	df9586870ab84ac4692787643bc0a605a8c493568e9bbbece40feda24c7a3e09	5a849265f4a38d6bd05aec81aa270b6c81d11b5d
tests/golden/threads/air/threads.swapFlag.json	fixtures_conc	Full JSON parse and recursive structured validation; individual semantic summary inspection; representative source/exporter/normalizer/checker/emitter tracing; full group translation and generated Lean compile	fbfd10e41956bf85d2b9477363fc660dd132267725393902e4539e99f21f5fe5	5a849265f4a38d6bd05aec81aa270b6c81d11b5d
tests/golden/threads/air/threads.writeFlag.json	fixtures_conc	Full JSON parse and recursive structured validation; individual semantic summary inspection; representative source/exporter/normalizer/checker/emitter tracing; full group translation and generated Lean compile	279fd275358b3b6aaeae3508e8a6d3b09c3265ba285c9f970fcadebaa95e6731	5a849265f4a38d6bd05aec81aa270b6c81d11b5d
tests/golden/threads/air/threads.xchgRace.json	fixtures_conc	Full JSON parse and recursive structured validation; individual semantic summary inspection; representative source/exporter/normalizer/checker/emitter tracing; full group translation and generated Lean compile	ee825139da69c653e0c57cc606f839e09863d7c477394275cf05f3e354b6ca4b	5a849265f4a38d6bd05aec81aa270b6c81d11b5d
tests/golden/threadsync/air/Thread.Condition.FutexImpl.wait.json	fixtures_conc	Full JSON parse and recursive structured validation; individual semantic summary inspection; representative source/exporter/normalizer/checker/emitter tracing; full group translation and generated Lean compile	2a150692b671c10ce375d28406400b9c8db13ce7e2e7995c51d4911430b6e666	5a849265f4a38d6bd05aec81aa270b6c81d11b5d
tests/golden/threadsync/air/Thread.Condition.FutexImpl.wake__anon_9611.json	fixtures_conc	Full JSON parse and recursive structured validation; individual semantic summary inspection; representative source/exporter/normalizer/checker/emitter tracing; full group translation and generated Lean compile	5594de880bbf32b5af533c6597d57f8c4f3a4291a9b3071a35c7d9dbf5f525bd	5a849265f4a38d6bd05aec81aa270b6c81d11b5d
tests/golden/threadsync/air/Thread.Condition.signal.json	fixtures_conc	Full JSON parse and recursive structured validation; individual semantic summary inspection; representative source/exporter/normalizer/checker/emitter tracing; full group translation and generated Lean compile	44f28d18d63fe00b81b292b8742299b25f44f5912c865113afb54c53aeaff1b4	5a849265f4a38d6bd05aec81aa270b6c81d11b5d
tests/golden/threadsync/air/Thread.Condition.wait.json	fixtures_conc	Full JSON parse and recursive structured validation; individual semantic summary inspection; representative source/exporter/normalizer/checker/emitter tracing; full group translation and generated Lean compile	8187fcb5fe4450fa8f46bce9a37a84d18e70a700d4f4df3637f95e8b8c2303d2	5a849265f4a38d6bd05aec81aa270b6c81d11b5d
tests/golden/threadsync/air/Thread.Futex.Deadline.init.json	fixtures_conc	Full JSON parse and recursive structured validation; individual semantic summary inspection; representative source/exporter/normalizer/checker/emitter tracing; full group translation and generated Lean compile	41dba5e28ff6bc03ef2c29ef29f9f8192782f17fcf2b83cb2243cdbfaab842c3	5a849265f4a38d6bd05aec81aa270b6c81d11b5d
tests/golden/threadsync/air/Thread.Futex.Deadline.wait.json	fixtures_conc	Full JSON parse and recursive structured validation; individual semantic summary inspection; representative source/exporter/normalizer/checker/emitter tracing; full group translation and generated Lean compile	685eae374f75cafbb05b86cf4b5db7752d93a82e46e4a1ba14e6b8fd9af5f8ee	5a849265f4a38d6bd05aec81aa270b6c81d11b5d
tests/golden/threadsync/air/Thread.Mutex.lock.json	fixtures_conc	Full JSON parse and recursive structured validation; individual semantic summary inspection; representative source/exporter/normalizer/checker/emitter tracing; full group translation and generated Lean compile	82d2d1b9950a635694c45fa82eb71ab5dbdfe1b7553a6cf6bce5d8a6b900e8f5	5a849265f4a38d6bd05aec81aa270b6c81d11b5d
tests/golden/threadsync/air/Thread.Mutex.unlock.json	fixtures_conc	Full JSON parse and recursive structured validation; individual semantic summary inspection; representative source/exporter/normalizer/checker/emitter tracing; full group translation and generated Lean compile	ce55f8e2796ff30536d140b8dfac0996910ac3a9e4af53854a603b0c6b1c3a8a	5a849265f4a38d6bd05aec81aa270b6c81d11b5d
tests/golden/threadsync/air/Thread.ResetEvent.FutexImpl.isSet.json	fixtures_conc	Full JSON parse and recursive structured validation; individual semantic summary inspection; representative source/exporter/normalizer/checker/emitter tracing; full group translation and generated Lean compile	a71846381eafc200ca9e3f78665b5da8771a636f126b226741cbf3f724a80e8d	5a849265f4a38d6bd05aec81aa270b6c81d11b5d
tests/golden/threadsync/air/Thread.ResetEvent.FutexImpl.set.json	fixtures_conc	Full JSON parse and recursive structured validation; individual semantic summary inspection; representative source/exporter/normalizer/checker/emitter tracing; full group translation and generated Lean compile	e3dd430b1eb226d80778e8ba3255d006ba21d5c0b65727542afb38d5de2c5bd1	5a849265f4a38d6bd05aec81aa270b6c81d11b5d
tests/golden/threadsync/air/Thread.ResetEvent.FutexImpl.wait.json	fixtures_conc	Full JSON parse and recursive structured validation; individual semantic summary inspection; representative source/exporter/normalizer/checker/emitter tracing; full group translation and generated Lean compile	c6947ee2d8850b85e3cd678984abb69c58a9944b4aea126ad6fb1917c2a50cf0	5a849265f4a38d6bd05aec81aa270b6c81d11b5d
tests/golden/threadsync/air/Thread.ResetEvent.FutexImpl.waitUntilSet.json	fixtures_conc	Full JSON parse and recursive structured validation; individual semantic summary inspection; representative source/exporter/normalizer/checker/emitter tracing; full group translation and generated Lean compile	c8fa9c188c6b3324bbd58e7fcb300e3d91d0fddd83045442eee75f0694b64195	5a849265f4a38d6bd05aec81aa270b6c81d11b5d
tests/golden/threadsync/air/Thread.ResetEvent.set.json	fixtures_conc	Full JSON parse and recursive structured validation; individual semantic summary inspection; representative source/exporter/normalizer/checker/emitter tracing; full group translation and generated Lean compile	29e837b71ea6ddf9ad693218900c4e7641fc28dc511d682548481153c8157f8b	5a849265f4a38d6bd05aec81aa270b6c81d11b5d
tests/golden/threadsync/air/Thread.ResetEvent.wait.json	fixtures_conc	Full JSON parse and recursive structured validation; individual semantic summary inspection; representative source/exporter/normalizer/checker/emitter tracing; full group translation and generated Lean compile	749e2290533f1073e5c54042e78ca281124b45eac92655d5d0c51aee3a96b19f	5a849265f4a38d6bd05aec81aa270b6c81d11b5d
tests/golden/threadsync/air/Thread.WaitGroup.finish.json	fixtures_conc	Full JSON parse and recursive structured validation; individual semantic summary inspection; representative source/exporter/normalizer/checker/emitter tracing; full group translation and generated Lean compile	58d5d46e722c99397af04b24b7b7d3de4e3ffdf05fee13c6c844705d13718b7e	5a849265f4a38d6bd05aec81aa270b6c81d11b5d
tests/golden/threadsync/air/Thread.WaitGroup.startMany.json	fixtures_conc	Full JSON parse and recursive structured validation; individual semantic summary inspection; representative source/exporter/normalizer/checker/emitter tracing; full group translation and generated Lean compile	89a12842d597212e9906258904aec07680e3ff0055d04f1b66cee5b1a5977a95	5a849265f4a38d6bd05aec81aa270b6c81d11b5d
tests/golden/threadsync/air/Thread.WaitGroup.wait.json	fixtures_conc	Full JSON parse and recursive structured validation; individual semantic summary inspection; representative source/exporter/normalizer/checker/emitter tracing; full group translation and generated Lean compile	183d422c36d47e6df36cbba751d030e628f834279b83a3e0a7cf799b5cd8245b	5a849265f4a38d6bd05aec81aa270b6c81d11b5d
tests/golden/threadsync/air/debug.assert.json	fixtures_conc	Full JSON parse and recursive structured validation; individual semantic summary inspection; representative source/exporter/normalizer/checker/emitter tracing; full group translation and generated Lean compile	d8e5e75b2c55f29e1e8eedf018fcbe3fb9bb0bcd0c6a5a18f920591f3f7aa5a5	5a849265f4a38d6bd05aec81aa270b6c81d11b5d
tests/golden/threadsync/air/math.sub__anon_12058.json	fixtures_conc	Full JSON parse and recursive structured validation; individual semantic summary inspection; representative source/exporter/normalizer/checker/emitter tracing; full group translation and generated Lean compile	9c4d6bbdd320ce79b0f37c14da0456bf14b5cd08b2d195e0ec78fa28099e5a1b	5a849265f4a38d6bd05aec81aa270b6c81d11b5d
tests/golden/threadsync/air/math.sub__anon_4950.json	fixtures_conc	Full JSON parse and recursive structured validation; individual semantic summary inspection; representative source/exporter/normalizer/checker/emitter tracing; full group translation and generated Lean compile	8f10241c8e7ff15055a29fb7a8065c40dcf38d7c2aeaea19b8b35a44206ee7ce	5a849265f4a38d6bd05aec81aa270b6c81d11b5d
tests/golden/threadsync/air/math.sub__anon_7217.json	fixtures_conc	Full JSON parse and recursive structured validation; individual semantic summary inspection; representative source/exporter/normalizer/checker/emitter tracing; full group translation and generated Lean compile	cb9c742feb4eb62f0c7e9a160ac00052084671a82a7c4df1bff60379caab5c9d	5a849265f4a38d6bd05aec81aa270b6c81d11b5d
tests/golden/threadsync/air/math.sub__anon_7555.json	fixtures_conc	Full JSON parse and recursive structured validation; individual semantic summary inspection; representative source/exporter/normalizer/checker/emitter tracing; full group translation and generated Lean compile	71b679a1f123c67b4fb0a7c1ff24b4d96e929503053d2c34ae16d58caa259f3a	5a849265f4a38d6bd05aec81aa270b6c81d11b5d
tests/golden/threadsync/air/threadsync.handoff.json	fixtures_conc	Full JSON parse and recursive structured validation; individual semantic summary inspection; representative source/exporter/normalizer/checker/emitter tracing; full group translation and generated Lean compile	a53b9b0743e2010e999dbc5643a8b936b190b9042bf512a49520352b0ad815c0	5a849265f4a38d6bd05aec81aa270b6c81d11b5d
tests/golden/threadsync/air/threadsync.mutexCounter.json	fixtures_conc	Full JSON parse and recursive structured validation; individual semantic summary inspection; representative source/exporter/normalizer/checker/emitter tracing; full group translation and generated Lean compile	05b3a00f71c4e5554caeb2f9d2bee9920e9d1c0300fd04b884f98d4ce6bb382f	5a849265f4a38d6bd05aec81aa270b6c81d11b5d
tests/golden/threadsync/air/threadsync.producer.json	fixtures_conc	Full JSON parse and recursive structured validation; individual semantic summary inspection; representative source/exporter/normalizer/checker/emitter tracing; full group translation and generated Lean compile	5dfccbb5c09be664d678df321ef78d1e1c46e1cb29ef29c672891bab1133b621	5a849265f4a38d6bd05aec81aa270b6c81d11b5d
tests/golden/threadsync/air/threadsync.task.json	fixtures_conc	Full JSON parse and recursive structured validation; individual semantic summary inspection; representative source/exporter/normalizer/checker/emitter tracing; full group translation and generated Lean compile	1505ac6a5379618aa909cb3fce0bb40b28834f5a53df97b1c54310b3fc832be2	5a849265f4a38d6bd05aec81aa270b6c81d11b5d
tests/golden/threadsync/air/threadsync.waitGroup.json	fixtures_conc	Full JSON parse and recursive structured validation; individual semantic summary inspection; representative source/exporter/normalizer/checker/emitter tracing; full group translation and generated Lean compile	3486f2a4001162ced7b3160595e29e6c6137b69b4b9a86a345d892228ce5018d	5a849265f4a38d6bd05aec81aa270b6c81d11b5d
tests/golden/threadsync/air/threadsync.work.json	fixtures_conc	Full JSON parse and recursive structured validation; individual semantic summary inspection; representative source/exporter/normalizer/checker/emitter tracing; full group translation and generated Lean compile	1fcc155216820e0e527e870f1429c6e31e4cfd070614ad10eca485db1018da88	5a849265f4a38d6bd05aec81aa270b6c81d11b5d
tests/golden/variants/air/variants.advance.json	fixtures_values	Full JSON parse and recursive node traversal; automated schema/reference/constant/nesting/signature invariants; per-file semantic-summary and representative/boundary-record inspection; actual parse-normalize-check-emit plus Lean compilation. Not manual line-by-line review.	77e90c70f7ce0a26a4c5f026478afd9424aaf483c652d44bcb463f4d4118ef66	5a849265f4a38d6bd05aec81aa270b6c81d11b5d
tests/golden/variants/air/variants.area.json	fixtures_values	Full JSON parse and recursive node traversal; automated schema/reference/constant/nesting/signature invariants; per-file semantic-summary and representative/boundary-record inspection; actual parse-normalize-check-emit plus Lean compilation. Not manual line-by-line review.	c8461f9456696f4ee6943eca21dee75872410249fdf6c6bb24e6eb0d785b46ca	5a849265f4a38d6bd05aec81aa270b6c81d11b5d
tests/golden/variants/air/variants.codeOf.json	fixtures_values	Full JSON parse and recursive node traversal; automated schema/reference/constant/nesting/signature invariants; per-file semantic-summary and representative/boundary-record inspection; actual parse-normalize-check-emit plus Lean compilation. Not manual line-by-line review.	7eea0716dfbbc05d87d5a56c69a2966146ee1e241d9b349caf5871c2a680c96b	5a849265f4a38d6bd05aec81aa270b6c81d11b5d
tests/golden/variants/air/variants.isRound.json	fixtures_values	Full JSON parse and recursive node traversal; automated schema/reference/constant/nesting/signature invariants; per-file semantic-summary and representative/boundary-record inspection; actual parse-normalize-check-emit plus Lean compilation. Not manual line-by-line review.	15ab9a6496921bda1aa254b4d6d19d2d22e1c9e7f5f02cd71caa2c4de92c206f	5a849265f4a38d6bd05aec81aa270b6c81d11b5d
tests/golden/variants/air/variants.isUrgent.json	fixtures_values	Full JSON parse and recursive node traversal; automated schema/reference/constant/nesting/signature invariants; per-file semantic-summary and representative/boundary-record inspection; actual parse-normalize-check-emit plus Lean compilation. Not manual line-by-line review.	6262665313f5a0bbaf74410ae9c108d98398ab324d3851d1c952f1d4824ba2cd	5a849265f4a38d6bd05aec81aa270b6c81d11b5d
tests/golden/variants/air/variants.lightOf.json	fixtures_values	Full JSON parse and recursive node traversal; automated schema/reference/constant/nesting/signature invariants; per-file semantic-summary and representative/boundary-record inspection; actual parse-normalize-check-emit plus Lean compilation. Not manual line-by-line review.	26ff41ab973d8c1d41cee2ec1f56617264baa8922ca8c5951adb26dcf7e21651	5a849265f4a38d6bd05aec81aa270b6c81d11b5d
tests/golden/variants/air/variants.next.json	fixtures_values	Full JSON parse and recursive node traversal; automated schema/reference/constant/nesting/signature invariants; per-file semantic-summary and representative/boundary-record inspection; actual parse-normalize-check-emit plus Lean compilation. Not manual line-by-line review.	83cfb31de9f67109a326560c3cbce5d712b3c1072a07ba537b3afe34e020ce29	5a849265f4a38d6bd05aec81aa270b6c81d11b5d
tests/golden/variants/air/variants.prioValue.json	fixtures_values	Full JSON parse and recursive node traversal; automated schema/reference/constant/nesting/signature invariants; per-file semantic-summary and representative/boundary-record inspection; actual parse-normalize-check-emit plus Lean compilation. Not manual line-by-line review.	90e115e6504d0f3ac3d2e2cd70034702a6bb386f0ff224f009dc4cbe72f5b5bc	5a849265f4a38d6bd05aec81aa270b6c81d11b5d
tests/golden/variants/air/variants.radius.json	fixtures_values	Full JSON parse and recursive node traversal; automated schema/reference/constant/nesting/signature invariants; per-file semantic-summary and representative/boundary-record inspection; actual parse-normalize-check-emit plus Lean compilation. Not manual line-by-line review.	28d6900b07986760a95839046321c7edb81853c9e0f7ed45978025b2ea56f4ab	5a849265f4a38d6bd05aec81aa270b6c81d11b5d
tests/golden/variants/air/variants.scale.json	fixtures_values	Full JSON parse and recursive node traversal; automated schema/reference/constant/nesting/signature invariants; per-file semantic-summary and representative/boundary-record inspection; actual parse-normalize-check-emit plus Lean compilation. Not manual line-by-line review.	d5604a1152eb244ac00c04fe5c3a2c272716ac3bccb9332b8e0ea13be9f937a0	5a849265f4a38d6bd05aec81aa270b6c81d11b5d
tests/golden/variants/air/variants.severity.json	fixtures_values	Full JSON parse and recursive node traversal; automated schema/reference/constant/nesting/signature invariants; per-file semantic-summary and representative/boundary-record inspection; actual parse-normalize-check-emit plus Lean compilation. Not manual line-by-line review.	74decd2c74b4d0ade9ddf3633004b9ef2aac9721349b7693694c38e04cd6eaf8	5a849265f4a38d6bd05aec81aa270b6c81d11b5d
tests/golden/variants/air/variants.totalArea.json	fixtures_values	Full JSON parse and recursive node traversal; automated schema/reference/constant/nesting/signature invariants; per-file semantic-summary and representative/boundary-record inspection; actual parse-normalize-check-emit plus Lean compilation. Not manual line-by-line review.	2daa69aead42970009569eb516f309af9e41dc7ff881562ab8e603edc8db2722	5a849265f4a38d6bd05aec81aa270b6c81d11b5d
tests/golden/vectors/air/vectors.addTo.json	fixtures_values	Full JSON parse and recursive node traversal; automated schema/reference/constant/nesting/signature invariants; per-file semantic-summary and representative/boundary-record inspection; actual parse-normalize-check-emit plus Lean compilation. Not manual line-by-line review.	de2e93e1b884799977cbcd8b13a1961441c688a563bfa2ee6e5d76b0e06f8e9d	5a849265f4a38d6bd05aec81aa270b6c81d11b5d
tests/golden/vectors/air/vectors.andLanes.json	fixtures_values	Full JSON parse and recursive node traversal; automated schema/reference/constant/nesting/signature invariants; per-file semantic-summary and representative/boundary-record inspection; actual parse-normalize-check-emit plus Lean compilation. Not manual line-by-line review.	9fc4ab028e605d514a07ef5b048b0c8c5aef3463128fa5030e7419d6c664abc0	5a849265f4a38d6bd05aec81aa270b6c81d11b5d
tests/golden/vectors/air/vectors.checkedAdd.json	fixtures_values	Full JSON parse and recursive node traversal; automated schema/reference/constant/nesting/signature invariants; per-file semantic-summary and representative/boundary-record inspection; actual parse-normalize-check-emit plus Lean compilation. Not manual line-by-line review.	182d057c551e9331103d737abfc2a5d396367d289d104a096ee42d2c5e334138	5a849265f4a38d6bd05aec81aa270b6c81d11b5d
tests/golden/vectors/air/vectors.fDot.json	fixtures_values	Full JSON parse and recursive node traversal; automated schema/reference/constant/nesting/signature invariants; per-file semantic-summary and representative/boundary-record inspection; actual parse-normalize-check-emit plus Lean compilation. Not manual line-by-line review.	88189fda0feb50c7fa18d66d7d58e553481126aaa2f28700f28e58c7c10c1100	5a849265f4a38d6bd05aec81aa270b6c81d11b5d
tests/golden/vectors/air/vectors.fMax.json	fixtures_values	Full JSON parse and recursive node traversal; automated schema/reference/constant/nesting/signature invariants; per-file semantic-summary and representative/boundary-record inspection; actual parse-normalize-check-emit plus Lean compilation. Not manual line-by-line review.	2387dcf1f0ab727c5b1322fe26f67264f90198a71054a507d40d3d5041e80a26	5a849265f4a38d6bd05aec81aa270b6c81d11b5d
tests/golden/vectors/air/vectors.fMin.json	fixtures_values	Full JSON parse and recursive node traversal; automated schema/reference/constant/nesting/signature invariants; per-file semantic-summary and representative/boundary-record inspection; actual parse-normalize-check-emit plus Lean compilation. Not manual line-by-line review.	2d7a2bd5817773f8aec40a5790d89625bc45f3a02434cdd035867c6804d00435	5a849265f4a38d6bd05aec81aa270b6c81d11b5d
tests/golden/vectors/air/vectors.interleave.json	fixtures_values	Full JSON parse and recursive node traversal; automated schema/reference/constant/nesting/signature invariants; per-file semantic-summary and representative/boundary-record inspection; actual parse-normalize-check-emit plus Lean compilation. Not manual line-by-line review.	f8aa4b50f91702c5afce4a1d4dec93e3d2412d533f44651d1956725a573ec9ea	5a849265f4a38d6bd05aec81aa270b6c81d11b5d
tests/golden/vectors/air/vectors.maxLane.json	fixtures_values	Full JSON parse and recursive node traversal; automated schema/reference/constant/nesting/signature invariants; per-file semantic-summary and representative/boundary-record inspection; actual parse-normalize-check-emit plus Lean compilation. Not manual line-by-line review.	c769dae86f8e4792db911edd384daddfc3887726368dd6d9a4cada3bf331d901	5a849265f4a38d6bd05aec81aa270b6c81d11b5d
tests/golden/vectors/air/vectors.minLane.json	fixtures_values	Full JSON parse and recursive node traversal; automated schema/reference/constant/nesting/signature invariants; per-file semantic-summary and representative/boundary-record inspection; actual parse-normalize-check-emit plus Lean compilation. Not manual line-by-line review.	5c26324687bf5e5a34f8646ee4749478782d4e431ea7930effd8ac7497140c3b	5a849265f4a38d6bd05aec81aa270b6c81d11b5d
tests/golden/vectors/air/vectors.orLanes.json	fixtures_values	Full JSON parse and recursive node traversal; automated schema/reference/constant/nesting/signature invariants; per-file semantic-summary and representative/boundary-record inspection; actual parse-normalize-check-emit plus Lean compilation. Not manual line-by-line review.	ba8217d4726ce32a2d79dd8aab7e17e8dbcbdcf83481a2b7b1ab06369a2f132e	5a849265f4a38d6bd05aec81aa270b6c81d11b5d
tests/golden/vectors/air/vectors.pick.json	fixtures_values	Full JSON parse and recursive node traversal; automated schema/reference/constant/nesting/signature invariants; per-file semantic-summary and representative/boundary-record inspection; actual parse-normalize-check-emit plus Lean compilation. Not manual line-by-line review.	8e3f7f1d289456cefd389ab8622ebbc4b00a47a6b160eb941342d8b2c3ddb5ec	5a849265f4a38d6bd05aec81aa270b6c81d11b5d
tests/golden/vectors/air/vectors.reverse.json	fixtures_values	Full JSON parse and recursive node traversal; automated schema/reference/constant/nesting/signature invariants; per-file semantic-summary and representative/boundary-record inspection; actual parse-normalize-check-emit plus Lean compilation. Not manual line-by-line review.	861efe8ea8eb37db6e5706dace638159378efbda721e847d75a1147f97f810de	5a849265f4a38d6bd05aec81aa270b6c81d11b5d
tests/golden/vectors/air/vectors.sMod.json	fixtures_values	Full JSON parse and recursive node traversal; automated schema/reference/constant/nesting/signature invariants; per-file semantic-summary and representative/boundary-record inspection; actual parse-normalize-check-emit plus Lean compilation. Not manual line-by-line review.	03ff2cce7217c3baadcb2cef95faed22e04de89fb14f13e39fb725fb7a9112a3	5a849265f4a38d6bd05aec81aa270b6c81d11b5d
tests/golden/vectors/air/vectors.sRem.json	fixtures_values	Full JSON parse and recursive node traversal; automated schema/reference/constant/nesting/signature invariants; per-file semantic-summary and representative/boundary-record inspection; actual parse-normalize-check-emit plus Lean compilation. Not manual line-by-line review.	75fbc3ad67fa13d5b4883997872aaee56e6b2a726ddf5d80b876801bdceb8135	5a849265f4a38d6bd05aec81aa270b6c81d11b5d
tests/golden/vectors/air/vectors.satAdd.json	fixtures_values	Full JSON parse and recursive node traversal; automated schema/reference/constant/nesting/signature invariants; per-file semantic-summary and representative/boundary-record inspection; actual parse-normalize-check-emit plus Lean compilation. Not manual line-by-line review.	3a37e5a1b2f4dd86891a388e0536b11cce52843d83c13461e1dc3bf509ed937c	5a849265f4a38d6bd05aec81aa270b6c81d11b5d
tests/golden/vectors/air/vectors.splatAdd.json	fixtures_values	Full JSON parse and recursive node traversal; automated schema/reference/constant/nesting/signature invariants; per-file semantic-summary and representative/boundary-record inspection; actual parse-normalize-check-emit plus Lean compilation. Not manual line-by-line review.	e6858994f2eda99043ad13971eba78dd5cf875dcc7a95866dd0234979a8eef92	5a849265f4a38d6bd05aec81aa270b6c81d11b5d
tests/golden/vectors/air/vectors.twiceInMem.json	fixtures_values	Full JSON parse and recursive node traversal; automated schema/reference/constant/nesting/signature invariants; per-file semantic-summary and representative/boundary-record inspection; actual parse-normalize-check-emit plus Lean compilation. Not manual line-by-line review.	b66fb17dedae62e02f617d509eabeba20ba2eb4a347357c703ac2d9b60c27696	5a849265f4a38d6bd05aec81aa270b6c81d11b5d
tests/golden/vectors/air/vectors.uDotWrap.json	fixtures_values	Full JSON parse and recursive node traversal; automated schema/reference/constant/nesting/signature invariants; per-file semantic-summary and representative/boundary-record inspection; actual parse-normalize-check-emit plus Lean compilation. Not manual line-by-line review.	f97b262aaadc92033ec866bccf8abbb64fbab5597dfa072a80f7c594bbae257c	5a849265f4a38d6bd05aec81aa270b6c81d11b5d
tests/golden/vectors/air/vectors.uMinLane.json	fixtures_values	Full JSON parse and recursive node traversal; automated schema/reference/constant/nesting/signature invariants; per-file semantic-summary and representative/boundary-record inspection; actual parse-normalize-check-emit plus Lean compilation. Not manual line-by-line review.	2e73703db5459979a5c62a6fbbdb805113ae23dbad6a371652890308cd2b4704	5a849265f4a38d6bd05aec81aa270b6c81d11b5d
tests/golden/vectors/air/vectors.vAbs.json	fixtures_values	Full JSON parse and recursive node traversal; automated schema/reference/constant/nesting/signature invariants; per-file semantic-summary and representative/boundary-record inspection; actual parse-normalize-check-emit plus Lean compilation. Not manual line-by-line review.	0e3a1fab66e839b1f777705810ebe115d72ddb0bc3b8d81f7c02b0f6df928f60	5a849265f4a38d6bd05aec81aa270b6c81d11b5d
tests/golden/vectors/air/vectors.vBits.json	fixtures_values	Full JSON parse and recursive node traversal; automated schema/reference/constant/nesting/signature invariants; per-file semantic-summary and representative/boundary-record inspection; actual parse-normalize-check-emit plus Lean compilation. Not manual line-by-line review.	3d32f3ca5262d3549564beab58b09d77725fa57cff51ca0701df9f268208e4cd	5a849265f4a38d6bd05aec81aa270b6c81d11b5d
tests/golden/vectors/air/vectors.vDiv.json	fixtures_values	Full JSON parse and recursive node traversal; automated schema/reference/constant/nesting/signature invariants; per-file semantic-summary and representative/boundary-record inspection; actual parse-normalize-check-emit plus Lean compilation. Not manual line-by-line review.	a16ae86a9a4b821760606ac114fb89485075cdec483f988243a430be0add8686	5a849265f4a38d6bd05aec81aa270b6c81d11b5d
tests/golden/vectors/air/vectors.vLess.json	fixtures_values	Full JSON parse and recursive node traversal; automated schema/reference/constant/nesting/signature invariants; per-file semantic-summary and representative/boundary-record inspection; actual parse-normalize-check-emit plus Lean compilation. Not manual line-by-line review.	cd3fafbe8fc5384e200fbbdca687348398e46a4e79b039899c121b1b6c610042	5a849265f4a38d6bd05aec81aa270b6c81d11b5d
tests/golden/vectors/air/vectors.vMinMax.json	fixtures_values	Full JSON parse and recursive node traversal; automated schema/reference/constant/nesting/signature invariants; per-file semantic-summary and representative/boundary-record inspection; actual parse-normalize-check-emit plus Lean compilation. Not manual line-by-line review.	4643dcd47bfe1d591b38e1601b91a97300970873ee9255f5f19b6d17ad6144c7	5a849265f4a38d6bd05aec81aa270b6c81d11b5d
tests/golden/vectors/air/vectors.vMod.json	fixtures_values	Full JSON parse and recursive node traversal; automated schema/reference/constant/nesting/signature invariants; per-file semantic-summary and representative/boundary-record inspection; actual parse-normalize-check-emit plus Lean compilation. Not manual line-by-line review.	c2b13934c65a3c5bccc095ed4482acdfa564000a8ee8223f9e2c5ba4a35b0545	5a849265f4a38d6bd05aec81aa270b6c81d11b5d
tests/golden/vectors/air/vectors.vNarrow.json	fixtures_values	Full JSON parse and recursive node traversal; automated schema/reference/constant/nesting/signature invariants; per-file semantic-summary and representative/boundary-record inspection; actual parse-normalize-check-emit plus Lean compilation. Not manual line-by-line review.	ad25928312a95e07b12464646adf638876674e3c09612657aac99c1b2e51546b	5a849265f4a38d6bd05aec81aa270b6c81d11b5d
tests/golden/vectors/air/vectors.vNeg.json	fixtures_values	Full JSON parse and recursive node traversal; automated schema/reference/constant/nesting/signature invariants; per-file semantic-summary and representative/boundary-record inspection; actual parse-normalize-check-emit plus Lean compilation. Not manual line-by-line review.	94766871eeb09e8432776608f93bd4a6d9b50d2d00eb68f960b02fc76af972ff	5a849265f4a38d6bd05aec81aa270b6c81d11b5d
tests/golden/vectors/air/vectors.vOverflow.json	fixtures_values	Full JSON parse and recursive node traversal; automated schema/reference/constant/nesting/signature invariants; per-file semantic-summary and representative/boundary-record inspection; actual parse-normalize-check-emit plus Lean compilation. Not manual line-by-line review.	ae374bbb7b4bac451e8fce3e20a63d1ae1d7cc2e2ff02808882ebd4b74ffe7c9	5a849265f4a38d6bd05aec81aa270b6c81d11b5d
tests/golden/vectors/air/vectors.vShift.json	fixtures_values	Full JSON parse and recursive node traversal; automated schema/reference/constant/nesting/signature invariants; per-file semantic-summary and representative/boundary-record inspection; actual parse-normalize-check-emit plus Lean compilation. Not manual line-by-line review.	19aa90a260d72f7f341801c5241d280d763732a90b31644567fa08a289ae6b8f	5a849265f4a38d6bd05aec81aa270b6c81d11b5d
tests/golden/vectors/air/vectors.vToFloat.json	fixtures_values	Full JSON parse and recursive node traversal; automated schema/reference/constant/nesting/signature invariants; per-file semantic-summary and representative/boundary-record inspection; actual parse-normalize-check-emit plus Lean compilation. Not manual line-by-line review.	ece67140f1de58de475c8d8e32b1da260e87175653b626efef1e104500b3c8aa	5a849265f4a38d6bd05aec81aa270b6c81d11b5d
tests/golden/vectors/air/vectors.xorLanes.json	fixtures_values	Full JSON parse and recursive node traversal; automated schema/reference/constant/nesting/signature invariants; per-file semantic-summary and representative/boundary-record inspection; actual parse-normalize-check-emit plus Lean compilation. Not manual line-by-line review.	95c5d7ad52ddb8b6f916d5050e0fdb095edba48a37a0ead6a5d9818a7d66dd45	5a849265f4a38d6bd05aec81aa270b6c81d11b5d
zig-patch/0.14.1/TAGS.md	exporter	Read full file; traced compatibility claims into Compat and local Zig 0.14.1 sources.	81dd3e2f83f609c047dcadcde822e8dfd868f8a5a0613dfcbfa17f9e073e61ea	5a849265f4a38d6bd05aec81aa270b6c81d11b5d
zig-patch/0.14.1/hook.patch	exporter	Read full patch; checked hook against local pristine compiler source.	7e366c51f2e247d6d2e7f323b9aaa8a9ffaf1d42e4a83a75537ca61288a3d730	5a849265f4a38d6bd05aec81aa270b6c81d11b5d
zig-patch/0.15.2/hook.patch	exporter	Read full patch; exercised patch application to extracted pinned source in temporary test.	3011431750b78fdfae79d13e20daaee9dc73b91589c63243322166471beb1a25	5a849265f4a38d6bd05aec81aa270b6c81d11b5d
zig-patch/0.16.0/TAGS.md	exporter	Read full file; compared new type layout APIs in local compiler source.	11ca0c42239d00435c1351246f7e852317243dbb2dc51b08c484f1c029756407	5a849265f4a38d6bd05aec81aa270b6c81d11b5d
zig-patch/0.16.0/hook.patch	exporter	Read full patch; inspected analysis lifecycle documentation and source APIs.	1d409e9d017fdcd547ef27fa12386cf6ff94031a4f36c59a4456c8808daa7396	5a849265f4a38d6bd05aec81aa270b6c81d11b5d
zig-patch/README.md	exporter	Read full file; compared build and lock behavior, downstream dump caller and CI cache setup.	d01c5f42e18a1c17d258ce6b01bfd7b5a3dd394b32367ea8e28aedbbd51afafa	5a849265f4a38d6bd05aec81aa270b6c81d11b5d
zig-patch/air-json/json.zig	exporter	Read all 1355 lines fully; checked instruction unions, aggregate lengths, numeric formatting, layout guards and global drain logic against local compiler sources; dumped and translated focused probes.	894591f6f047b462725e1d277b8bc25e61cedc1fa85fbd692a3151b62b9b1a58	5a849265f4a38d6bd05aec81aa270b6c81d11b5d
zig-patch/build.sh	exporter	Read full script; checked callers and all download/verification/extraction/build/error paths; reproduced concurrent fresh-cache race with mocked curl and zig.	c1dff21ba76275ef9a89a19a0e704a41410615eaab43f958012f37865f6aa7e1	5a849265f4a38d6bd05aec81aa270b6c81d11b5d
zig-patch/lock.sh	exporter	Read full script and heredoc fully; executed wrapper with a spy compiler; verified Zig's response expansion and option parser from local main.zig.	6777d0660a8c3b829d0a09f40f6ce67a2a2c9a1acdc91a32d239294bdd4eb5ab	5a849265f4a38d6bd05aec81aa270b6c81d11b5d
zig-patch/toml-get.sh	exporter	Read full file; checked exact header matching against every pinned table and build/CI callers.	9a7f79d5e7504181e9234426f0715a5bd6879cd15be8b94d61030673e2eb4af0	5a849265f4a38d6bd05aec81aa270b6c81d11b5d
zig-patch/versions.toml	exporter	Read every table/comment fully; compared table consumers and locally available 0.15.2 source tarball path used in extraction test.	bcb9d1bd8cb98ebcf4b9d163cb3be30bcfa9d1213eb0cf95d61f6af5312d0288	5a849265f4a38d6bd05aec81aa270b6c81d11b5d
