Current runner version: '2.337.0'
##[group]Runner Image Provisioner
Hosted Compute Agent
Version: 20261002.596
Commit: c3d12f3313a95f25162a1503be624f3b0617f8c0
Build Date: 2026-10-02T22:28:27Z
Worker ID: {c72dfe04-5e3c-42ed-9397-07cdc0bce8ed}
Region: centralus
Cloud: Azure
##[endgroup]
##[group]Operating System
Ubuntu
24.04.5
LTS
##[endgroup]
##[group]Runner Image
Image: ubuntu-24.04
Version: 20261004.327.1
Included Software: https://github.com/actions/runner-images/blob/ubuntu24/20261004.327/images/ubuntu/Ubuntu2404-Readme.md
Image Release: https://github.com/actions/runner-images/releases/tag/ubuntu24%2F20261004.327
##[endgroup]
##[group]GITHUB_TOKEN Permissions
Contents: read
Metadata: read
##[endgroup]
Secret source: Actions
Cache mode: write
Prepare workflow directory
Prepare all required actions
Getting action download info
Download action repository 'actions/checkout@3d3c42e5aac5ba805825da76410c181273ba90b1' (SHA:3d3c42e5aac5ba805825da76410c181273ba90b1)
Download action repository 'actions/cache@55cc8345863c7cc4c66a329aec7e433d2d1c52a9' (SHA:55cc8345863c7cc4c66a329aec7e433d2d1c52a9)
Download action repository 'actions/upload-artifact@043fb46d1a93c77aae656e7c1c64a875d1fc6a0a' (SHA:043fb46d1a93c77aae656e7c1c64a875d1fc6a0a)
Complete job name: test (0.17.0, true, false)
##[group]Run actions/checkout@3d3c42e5aac5ba805825da76410c181273ba90b1
with:
  repository: riventic/air2lean
  token: ***
  ssh-strict: true
  ssh-user: git
  persist-credentials: true
  clean: true
  sparse-checkout-cone-mode: true
  fetch-depth: 1
  fetch-tags: false
  show-progress: true
  lfs: false
  submodules: false
  set-safe-directory: true
  allow-unsafe-pr-checkout: false
env:
  AIR2LEAN_EXAMPLES: 
##[endgroup]
Syncing repository: riventic/air2lean
##[group]Getting Git version info
Working directory is '/home/runner/work/air2lean/air2lean'
[command]/usr/bin/git version
git version 2.55.0
##[endgroup]
Temporarily overriding HOME='/home/runner/work/_temp/e2a08623-0c48-422d-afe1-6d3300f5ec60' before making global git config changes
Adding repository directory to the temporary git global config as a safe directory
[command]/usr/bin/git config --global --add safe.directory /home/runner/work/air2lean/air2lean
Deleting the contents of '/home/runner/work/air2lean/air2lean'
##[group]Determining repository object format
##[endgroup]
##[group]Initializing the repository
[command]/usr/bin/git init /home/runner/work/air2lean/air2lean
hint: Using 'master' as the name for the initial branch. This default branch name
hint: will change to "main" in Git 3.0. To configure the initial branch name
hint: to use in all of your new repositories, which will suppress this warning,
hint: call:
hint:
hint: 	git config --global init.defaultBranch <name>
hint:
hint: Names commonly chosen instead of 'master' are 'main', 'trunk' and
hint: 'development'. The just-created branch can be renamed via this command:
hint:
hint: 	git branch -m <name>
hint:
hint: Disable this message with "git config set advice.defaultBranchName false"
Initialized empty Git repository in /home/runner/work/air2lean/air2lean/.git/
[command]/usr/bin/git remote add origin https://github.com/riventic/air2lean
##[endgroup]
##[group]Disabling automatic garbage collection
[command]/usr/bin/git config --local gc.auto 0
##[endgroup]
##[group]Setting up auth
Removing SSH command configuration
[command]/usr/bin/git config --local --name-only --get-regexp core\.sshCommand
[command]/usr/bin/git submodule foreach --recursive sh -c "git config --local --name-only --get-regexp 'core\.sshCommand' && git config --local --unset-all 'core.sshCommand' || :"
Removing HTTP extra header
[command]/usr/bin/git config --local --name-only --get-regexp http\.https\:\/\/github\.com\/\.extraheader
[command]/usr/bin/git submodule foreach --recursive sh -c "git config --local --name-only --get-regexp 'http\.https\:\/\/github\.com\/\.extraheader' && git config --local --unset-all 'http.https://github.com/.extraheader' || :"
Removing includeIf entries pointing to credentials config files
[command]/usr/bin/git config --local --name-only --get-regexp ^includeIf\.gitdir:
[command]/usr/bin/git submodule foreach --recursive git config --local --show-origin --name-only --get-regexp remote.origin.url
[command]/usr/bin/git config --file /home/runner/work/_temp/git-credentials-ee49dcc1-884e-43b2-889d-469dfb495ced.config http.https://github.com/.extraheader AUTHORIZATION: basic ***
[command]/usr/bin/git config --local includeIf.gitdir:/home/runner/work/air2lean/air2lean/.git.path /home/runner/work/_temp/git-credentials-ee49dcc1-884e-43b2-889d-469dfb495ced.config
[command]/usr/bin/git config --local includeIf.gitdir:/home/runner/work/air2lean/air2lean/.git/worktrees/*.path /home/runner/work/_temp/git-credentials-ee49dcc1-884e-43b2-889d-469dfb495ced.config
[command]/usr/bin/git config --local includeIf.gitdir:/github/workspace/.git.path /github/runner_temp/git-credentials-ee49dcc1-884e-43b2-889d-469dfb495ced.config
[command]/usr/bin/git config --local includeIf.gitdir:/github/workspace/.git/worktrees/*.path /github/runner_temp/git-credentials-ee49dcc1-884e-43b2-889d-469dfb495ced.config
##[endgroup]
##[group]Fetching the repository
[command]/usr/bin/git -c protocol.version=2 fetch --no-tags --prune --no-recurse-submodules --depth=1 origin +437fccc02fd396c939fd913b12c30dda0825b2b9:refs/remotes/pull/123/merge
From https://github.com/riventic/air2lean
 * [new ref]         437fccc02fd396c939fd913b12c30dda0825b2b9 -> pull/123/merge
##[endgroup]
##[group]Determining the checkout info
##[endgroup]
[command]/usr/bin/git sparse-checkout disable
[command]/usr/bin/git config --local --unset-all extensions.worktreeConfig
##[group]Checking out the ref
[command]/usr/bin/git checkout --progress --force refs/remotes/pull/123/merge
Note: switching to 'refs/remotes/pull/123/merge'.

You are in 'detached HEAD' state. You can look around, make experimental
changes and commit them, and you can discard any commits you make in this
state without impacting any branches by switching back to a branch.

If you want to create a new branch to retain commits you create, you may
do so (now or later) by using -c with the switch command. Example:

  git switch -c <new-branch-name>

Or undo this operation with:

  git switch -

Turn off this advice by setting config variable advice.detachedHead to false

HEAD is now at 437fccc Merge 7d420b0c751742513869eecb6d9f20f49956140f into af9ddc30c6df593ab3538d14ad4224b9e3b93e88
##[endgroup]
[command]/usr/bin/git log -1 --format=%H
437fccc02fd396c939fd913b12c30dda0825b2b9
##[group]Run python3 tests/roadmap/inventory/test_inventory.py
[36;1mpython3 tests/roadmap/inventory/test_inventory.py[0m
shell: /usr/bin/bash -e {0}
env:
  AIR2LEAN_EXAMPLES: 
##[endgroup]
.......................
----------------------------------------------------------------------
Ran 23 tests in 2.032s

OK
##[group]Run python3 -B tests/roadmap/profiles/test_golden_pipeline.py
[36;1mpython3 -B tests/roadmap/profiles/test_golden_pipeline.py[0m
shell: /usr/bin/bash -e {0}
env:
  AIR2LEAN_EXAMPLES: 
##[endgroup]
.........................
----------------------------------------------------------------------
Ran 25 tests in 3.683s

OK
##[group]Run python3 scripts/coverage.py l14 coverage/0.14.1.json coverage/0.15.2.json coverage/0.16.0.json
[36;1mpython3 scripts/coverage.py l14 coverage/0.14.1.json coverage/0.15.2.json coverage/0.16.0.json[0m
shell: /usr/bin/bash -e {0}
env:
  AIR2LEAN_EXAMPLES: 
  PYTHONDONTWRITEBYTECODE: 1
##[endgroup]
0.14.1: 95 emitted tags with a compiler fixture, 65 without (fixture requested), 42 rejected with reason and guidance
0.15.2: 130 emitted tags with a compiler fixture, 34 without (fixture requested), 43 rejected with reason and guidance
0.16.0: 135 emitted tags with a compiler fixture, 29 without (fixture requested), 45 rejected with reason and guidance
##[group]Run python3 -I -B tests/roadmap/schedule-caps/test_exploration.py
[36;1mpython3 -I -B tests/roadmap/schedule-caps/test_exploration.py[0m
shell: /usr/bin/bash -e {0}
env:
  AIR2LEAN_EXAMPLES: 
##[endgroup]
...............
----------------------------------------------------------------------
Ran 15 tests in 0.063s

OK
##[group]Run python3 -I -B tests/roadmap/counterexamples/test_counterexample.py
[36;1mpython3 -I -B tests/roadmap/counterexamples/test_counterexample.py[0m
shell: /usr/bin/bash -e {0}
env:
  AIR2LEAN_EXAMPLES: 
##[endgroup]
counterexample: schedule command timed out
counterexample: stale runner/runtime source fingerprints
..counterexample: nothing to replay (no_failure: no_failing_execution_in_bounded_tree)
.......counterexample: nothing to replay (unsolved: timeout)
.......
----------------------------------------------------------------------
Ran 16 tests in 0.103s

OK
##[group]Run python3 tests/roadmap/local-ci/test_cache.py
[36;1mpython3 tests/roadmap/local-ci/test_cache.py[0m
shell: /usr/bin/bash -e {0}
env:
  AIR2LEAN_EXAMPLES: 
##[endgroup]
..........
----------------------------------------------------------------------
Ran 10 tests in 0.023s

OK
##[group]Run python3 -m unittest discover -s tests/roadmap/coverage-report -p 'test_*.py' -v
[36;1mpython3 -m unittest discover -s tests/roadmap/coverage-report -p 'test_*.py' -v[0m
shell: /usr/bin/bash -e {0}
env:
  AIR2LEAN_EXAMPLES: 
  PYTHONDONTWRITEBYTECODE: 1
##[endgroup]
test_absence_claims_from_outcome_taxonomy (test_coverage.CoverageTests.test_absence_claims_from_outcome_taxonomy) ... ok
test_audit_without_statement_dependencies_fails_closed (test_coverage.CoverageTests.test_audit_without_statement_dependencies_fails_closed) ... ok
test_cli_json_text_and_required_level (test_coverage.CoverageTests.test_cli_json_text_and_required_level) ... ok
test_complete_evidence_is_fully_functionally_verified (test_coverage.CoverageTests.test_complete_evidence_is_fully_functionally_verified) ... ok
test_deleted_contract_reports_without_aborting (test_coverage.CoverageTests.test_deleted_contract_reports_without_aborting) ... ok
test_differential_failures_and_staleness (test_coverage.CoverageTests.test_differential_failures_and_staleness) ... ok
test_mismatched_contract_hash (test_coverage.CoverageTests.test_mismatched_contract_hash) ... ok
test_mismatched_generated_hash (test_coverage.CoverageTests.test_mismatched_generated_hash) ... ok
test_missing_goal_theorem (test_coverage.CoverageTests.test_missing_goal_theorem) ... ok
test_no_evidence (test_coverage.CoverageTests.test_no_evidence) ... ok
test_only_statements_about_the_root_bind (test_coverage.CoverageTests.test_only_statements_about_the_root_bind) ... ok
test_outside_contract_and_policy_violation (test_coverage.CoverageTests.test_outside_contract_and_policy_violation) ... ok
test_sampled_tests_only_are_not_functional (test_coverage.CoverageTests.test_sampled_tests_only_are_not_functional) ... ok
test_stale_receipt (test_coverage.CoverageTests.test_stale_receipt) ... ok
test_stale_translation_artifact (test_coverage.CoverageTests.test_stale_translation_artifact) ... ok
test_strength_rules (test_coverage.CoverageTests.test_strength_rules) ... ok
test_symlinked_contract_binds_by_tracked_path (test_coverage.CoverageTests.test_symlinked_contract_binds_by_tracked_path) ... ok
test_theorem_about_other_definition_is_wrapper (test_coverage.CoverageTests.test_theorem_about_other_definition_is_wrapper) ... ok
test_trivial_conclusion_cannot_reach_functional_levels (test_coverage.CoverageTests.test_trivial_conclusion_cannot_reach_functional_levels) ... ok
test_uncompiled_generated_module (test_coverage.CoverageTests.test_uncompiled_generated_module) ... ok
test_unsupported_air_is_an_outcome_and_not_proved_absence (test_coverage.CoverageTests.test_unsupported_air_is_an_outcome_and_not_proved_absence) ... ok
test_wrapper_only_theorem_is_not_functional (test_coverage.CoverageTests.test_wrapper_only_theorem_is_not_functional) ... ok

----------------------------------------------------------------------
Ran 22 tests in 5.274s

OK
##[group]Run python3 tests/roadmap/outcome-taxonomy/test_taxonomy.py
[36;1mpython3 tests/roadmap/outcome-taxonomy/test_taxonomy.py[0m
shell: /usr/bin/bash -e {0}
env:
  AIR2LEAN_EXAMPLES: 
  PYTHONDONTWRITEBYTECODE: 1
##[endgroup]
..........
----------------------------------------------------------------------
Ran 10 tests in 0.832s

OK
##[group]Run python3 tests/roadmap/host-accounting/test_accounting.py
[36;1mpython3 tests/roadmap/host-accounting/test_accounting.py[0m
shell: /usr/bin/bash -e {0}
env:
  AIR2LEAN_EXAMPLES: 
  PYTHONDONTWRITEBYTECODE: 1
##[endgroup]
........................
----------------------------------------------------------------------
Ran 24 tests in 0.047s

OK
##[group]Run python3 -m unittest discover -s tests/roadmap/project-check -p 'test_*.py' -v
[36;1mpython3 -m unittest discover -s tests/roadmap/project-check -p 'test_*.py' -v[0m
shell: /usr/bin/bash -e {0}
env:
  AIR2LEAN_EXAMPLES: 
  PYTHONDONTWRITEBYTECODE: 1
##[endgroup]
test_audit_is_restricted_to_goal_theorems (test_check.CheckTests.test_audit_is_restricted_to_goal_theorems) ... ok
test_audit_scope_must_match_contracts (test_check.CheckTests.test_audit_scope_must_match_contracts) ... ok
test_committed_generated_module_must_match_translation (test_check.CheckTests.test_committed_generated_module_must_match_translation) ... ok
test_compare_rejects_non_records (test_check.CheckTests.test_compare_rejects_non_records) ... ok
test_declared_strength_above_type_is_rejected (test_check.CheckTests.test_declared_strength_above_type_is_rejected) ... ok
test_failed_records_do_not_compare_as_reproduced (test_check.CheckTests.test_failed_records_do_not_compare_as_reproduced) ... ok
test_goal_conclusion_must_reference_root (test_check.CheckTests.test_goal_conclusion_must_reference_root) ... ok
test_goal_must_live_in_contract_and_bind_generated_root (test_check.CheckTests.test_goal_must_live_in_contract_and_bind_generated_root) ... ok
test_invalid_configuration_and_existing_output (test_check.CheckTests.test_invalid_configuration_and_existing_output) ... ok
test_lake_failure_fails_build_and_skips_audit (test_check.CheckTests.test_lake_failure_fails_build_and_skips_audit) ... ok
test_profile_header_must_match_manifest (test_check.CheckTests.test_profile_header_must_match_manifest) ... ok
test_profile_header_with_and_without_committed_header (test_check.CheckTests.test_profile_header_with_and_without_committed_header) ... ok
test_project_assumption_must_be_allowed (test_check.CheckTests.test_project_assumption_must_be_allowed) ... ok
test_reproduced_record_and_comparison (test_check.CheckTests.test_reproduced_record_and_comparison) ... ok
test_translation_failure_stops_before_lake (test_check.CheckTests.test_translation_failure_stops_before_lake) ... ok
test_unknown_or_project_opaque_dependencies_are_not_standard (test_check.CheckTests.test_unknown_or_project_opaque_dependencies_are_not_standard) ... ok

----------------------------------------------------------------------
Ran 16 tests in 6.265s

OK
##[group]Run PYTHONDONTWRITEBYTECODE=1 python3 tests/roadmap/artifact-manifest/test_manifest.py
[36;1mPYTHONDONTWRITEBYTECODE=1 python3 tests/roadmap/artifact-manifest/test_manifest.py[0m
shell: /usr/bin/bash -e {0}
env:
  AIR2LEAN_EXAMPLES: 
##[endgroup]
.......................
----------------------------------------------------------------------
Ran 23 tests in 5.230s

OK
##[group]Run python3 -m unittest discover -s tests/roadmap/asm-wrappers -v
[36;1mpython3 -m unittest discover -s tests/roadmap/asm-wrappers -v[0m
[36;1mpython3 tests/roadmap/asm-wrappers/audit.py[0m
shell: /usr/bin/bash -e {0}
env:
  AIR2LEAN_EXAMPLES: 
  PYTHONDONTWRITEBYTECODE: 1
##[endgroup]
test_detects_leaks (test_harness.Audit.test_detects_leaks) ... ok
test_report (test_harness.Audit.test_report) ... ok
test_repository_is_separated (test_harness.Audit.test_repository_is_separated) ... ok
test_control (test_harness.Classification.test_control) ... ok
test_mutant_needs_named_wrapper_mismatch (test_harness.Classification.test_mutant_needs_named_wrapper_mismatch) ... ok
test_every_opaque_has_its_translator_hash (test_harness.Rebinding.test_every_opaque_has_its_translator_hash) ... ok
test_inputs_cover_diff_inputs_and_avoid_zero_divisors (test_harness.Rebinding.test_inputs_cover_diff_inputs_and_avoid_zero_divisors) ... ok
test_mutants_are_exact_and_distinct (test_harness.Rebinding.test_mutants_are_exact_and_distinct) ... ok
test_only_opaque_namespace_and_import_lines_change (test_harness.Rebinding.test_only_opaque_namespace_and_import_lines_change) ... ok
test_rejects_unbound_or_reshaped_opaques (test_harness.Rebinding.test_rejects_unbound_or_reshaped_opaques) ... ok

----------------------------------------------------------------------
Ran 10 tests in 0.035s

OK
asm-wrappers audit: harness is outside every Lake target and theorem dependency
##[group]Run python3 -I -B tests/roadmap/stable-generation/test_fingerprints.py
[36;1mpython3 -I -B tests/roadmap/stable-generation/test_fingerprints.py[0m
shell: /usr/bin/bash -e {0}
env:
  AIR2LEAN_EXAMPLES: 
##[endgroup]
stable-generation fingerprint checks passed
##[group]Run python3 -B tests/roadmap/premises/test_premises.py
[36;1mpython3 -B tests/roadmap/premises/test_premises.py[0m
[36;1mpython3 -B scripts/premises.py check[0m
shell: /usr/bin/bash -e {0}
env:
  AIR2LEAN_EXAMPLES: 
##[endgroup]
.............................
----------------------------------------------------------------------
Ran 29 tests in 4.261s

OK
premises pass: 2358 theorems indexed
##[group]Run python3 -B -m unittest discover -s tests/roadmap/tutorials -v
[36;1mpython3 -B -m unittest discover -s tests/roadmap/tutorials -v[0m
shell: /usr/bin/bash -e {0}
env:
  AIR2LEAN_EXAMPLES: 
##[endgroup]
test_clean_env_and_ci_run_every_tutorial (test_tutorials.Committed.test_clean_env_and_ci_run_every_tutorial) ... ok
test_lint_passes (test_tutorials.Committed.test_lint_passes) ... ok
test_modules_are_the_imports (test_tutorials.Committed.test_modules_are_the_imports) ... ok
test_negative_controls_are_excluded_from_premises (test_tutorials.Committed.test_negative_controls_are_excluded_from_premises) ... ok
test_required_tutorials_exist (test_tutorials.Committed.test_required_tutorials_exist) ... ok
test_documented_tutorial_has_only_a_readme (test_tutorials.Fixture.test_documented_tutorial_has_only_a_readme) ... ok
test_missing_assumptions_section (test_tutorials.Fixture.test_missing_assumptions_section) ... ok
test_missing_expected_error (test_tutorials.Fixture.test_missing_expected_error) ... ok
test_missing_negative_control (test_tutorials.Fixture.test_missing_negative_control) ... ok
test_new_directory_must_be_complete (test_tutorials.Fixture.test_new_directory_must_be_complete) ... ok
test_premise_list_must_match_index (test_tutorials.Fixture.test_premise_list_must_match_index) ... ok
test_unindexed_tutorial (test_tutorials.Fixture.test_unindexed_tutorial) ... ok

----------------------------------------------------------------------
Ran 12 tests in 0.135s

OK
##[group]Run PYTHONDONTWRITEBYTECODE=1 python3 tests/roadmap/theorem-inventory/test_inventory.py
[36;1mPYTHONDONTWRITEBYTECODE=1 python3 tests/roadmap/theorem-inventory/test_inventory.py[0m
[36;1mpython3 -B scripts/theorem-inventory.py check[0m
shell: /usr/bin/bash -e {0}
env:
  AIR2LEAN_EXAMPLES: 
##[endgroup]
.........error: tests/golden/0.15.2/demo/Gen.lean: changed since the run (recorded 000000000000)
.error: /tmp/tmpbaqzmfm2/all.log: does not match the log_sha256 of /tmp/tmpbaqzmfm2/all.json
recorded run all: success
recorded run demo-0152: success
recorded run all: success
recorded run demo-0152: success
recorded run all: success
recorded run demo-0152: success
recorded run all: success
recorded run demo-0152: success
recorded run all: child_failed
recorded run all: success
recorded run demo-0152: success
recorded run all: success
recorded run all: success
recorded run demo-0152: success
recorded run all: success
recorded run demo-0152: success
recorded run all: success
recorded run demo-0152: success
recorded run all: success
recorded run demo-0152: success
theorem-inventory swap: demo tests/golden/0.15.2/demo/Gen.lean e7eee6189f3f5d7c916f449f1a6421cf4021ac9021a98d5888d8e5f3ab19644e
.............
----------------------------------------------------------------------
Ran 23 tests in 0.289s

OK
theorem inventory: every listed theorem has a current check result and scope
##[group]Run set -euo pipefail
[36;1mset -euo pipefail[0m
[36;1mPYTHONDONTWRITEBYTECODE=1 python3 tests/roadmap/export-validation/test_validate_air.py[0m
[36;1mPYTHONDONTWRITEBYTECODE=1 python3 tests/roadmap/export-validation/test_trust_report.py[0m
[36;1mpython3 -B scripts/validate-air.py[0m
[36;1mpython3 -B scripts/trust-report.py check[0m
shell: /usr/bin/bash -e {0}
env:
  AIR2LEAN_EXAMPLES: 
##[endgroup]
..........................
----------------------------------------------------------------------
Ran 26 tests in 0.364s

OK
trust-report: docs/trust-report.md is stale; run python3 scripts/trust-report.py write
trust-report: docs/trust-report.md is stale; run python3 scripts/trust-report.py write
.............
----------------------------------------------------------------------
Ran 13 tests in 0.025s

OK
trust report current
validate-air: 772 files, 0 with findings
trust report current
##[group]Run set -euo pipefail
[36;1mset -euo pipefail[0m
[36;1mPYTHONDONTWRITEBYTECODE=1 python3 -m unittest discover -s tests/roadmap/float-semantics -v[0m
[36;1mpython3 scripts/float-semantics.py check[0m
shell: /usr/bin/bash -e {0}
env:
  AIR2LEAN_EXAMPLES: 
##[endgroup]
test_private_theorems_are_not_compiler_generated (test_labels.GeneratedNameTests.test_private_theorems_are_not_compiler_generated) ... ok
test_cycles_private_names_and_generated_companions (test_labels.GraphTests.test_cycles_private_names_and_generated_companions) ... ok
test_labels_are_recorded_without_binary_claims (test_labels.GraphTests.test_labels_are_recorded_without_binary_claims) ... ok
test_labels_must_match_the_dependency_graph (test_labels.GraphTests.test_labels_must_match_the_dependency_graph) ... ok
test_report_and_receipt_claims_are_rejected (test_labels.GraphTests.test_report_and_receipt_claims_are_rejected) ... ok
test_stale_and_wrong_exemptions_fail (test_labels.GraphTests.test_stale_and_wrong_exemptions_fail) ... ok
test_unlabeled_numerical_theorem_fails_and_plain_theorem_passes (test_labels.GraphTests.test_unlabeled_numerical_theorem_fails_and_plain_theorem_passes) ... ok
test_binary_correspondence_claims_are_rejected (test_labels.RegistryTests.test_binary_correspondence_claims_are_rejected) ... ok
test_malformed_labels_are_rejected (test_labels.RegistryTests.test_malformed_labels_are_rejected) ... ok
test_removed_label_is_reported_by_source_check (test_labels.RegistryTests.test_removed_label_is_reported_by_source_check) ... ok
test_shipped_registry_is_valid_and_complete (test_labels.RegistryTests.test_shipped_registry_is_valid_and_complete) ... ok
test_cli_exit_codes (test_labels.SourceTests.test_cli_exit_codes) ... ok
test_compiler_rt_label_needs_compiler_rt_translation (test_labels.SourceTests.test_compiler_rt_label_needs_compiler_rt_translation) ... ok
test_mutual_end_keeps_namespace (test_labels.SourceTests.test_mutual_end_keeps_namespace) ... ok
test_positive_control (test_labels.SourceTests.test_positive_control) ... ok
test_unlabeled_theorems_fail (test_labels.SourceTests.test_unlabeled_theorems_fail) ... ok
test_unlisted_or_inconsistent_checks_fail (test_labels.SourceTests.test_unlisted_or_inconsistent_checks_fail) ... ok

----------------------------------------------------------------------
Ran 17 tests in 0.446s

OK
float semantics labels: ok
##[group]Run python3 tests/roadmap/upgrade-qualification/test_qualify.py
[36;1mpython3 tests/roadmap/upgrade-qualification/test_qualify.py[0m
shell: /usr/bin/bash -e {0}
env:
  AIR2LEAN_EXAMPLES: 
  PYTHONDONTWRITEBYTECODE: 1
##[endgroup]
test_plan_commands_record_check (__main__.CliTests.test_plan_commands_record_check) ... ok
test_committed_inventories_plan (__main__.PlanTests.test_committed_inventories_plan) ... ok
test_committed_inventory_has_no_self_expansion (__main__.PlanTests.test_committed_inventory_has_no_self_expansion) ... ok
test_duplicate_rows_use_first_occurrence (__main__.PlanTests.test_duplicate_rows_use_first_occurrence) ... ok
test_golden_os_change_retranslates_every_example (__main__.PlanTests.test_golden_os_change_retranslates_every_example) ... ok
test_identical_inventories_need_nothing (__main__.PlanTests.test_identical_inventories_need_nothing) ... ok
test_l01_dispositions_rank_from_coverage_vocabulary (__main__.PlanTests.test_l01_dispositions_rank_from_coverage_vocabulary) ... ok
test_model_change_requires_reviews_and_all_examples (__main__.PlanTests.test_model_change_requires_reviews_and_all_examples) ... ok
test_narrowing_is_not_support_expansion (__main__.PlanTests.test_narrowing_is_not_support_expansion) ... ok
test_new_tag_or_unknown_disposition_is_expansion (__main__.PlanTests.test_new_tag_or_unknown_disposition_is_expansion) ... ok
test_proof_source_change_targets_that_proof (__main__.PlanTests.test_proof_source_change_targets_that_proof) ... ok
test_support_expansion_targets_affected_example_only (__main__.PlanTests.test_support_expansion_targets_affected_example_only) ... ok
test_type_and_pointer_expansion (__main__.PlanTests.test_type_and_pointer_expansion) ... ok
test_version_upgrade_requires_probes_translations_proofs (__main__.PlanTests.test_version_upgrade_requires_probes_translations_proofs) ... ok
test_check_requires_every_result (__main__.RecordTests.test_check_requires_every_result) ... ok
test_external_result_needs_evidence (__main__.RecordTests.test_external_result_needs_evidence) ... ok
test_model_review_needs_accepted_decision_and_evidence (__main__.RecordTests.test_model_review_needs_accepted_decision_and_evidence) ... qualify-upgrade: translation:basic: AIR2LEAN_CI=1 AIR2LEAN_EXAMPLES=basic AIR2LEAN_ZIG_VERSION=0.16.0 scripts/check.sh
qualify-upgrade: translation:lists: AIR2LEAN_CI=1 AIR2LEAN_EXAMPLES=lists AIR2LEAN_ZIG_VERSION=0.16.0 scripts/check.sh
qualify-upgrade: translation:threads: AIR2LEAN_CI=1 AIR2LEAN_EXAMPLES=threads AIR2LEAN_ZIG_VERSION=0.16.0 scripts/check.sh
qualify-upgrade: proofs:basic: python3 scripts/assumptions.py --output /tmp/tmpyr2_8ies/record.d/assumptions/basic.json --module Proofs.Basic.Gen --module Proofs.Basic.Proofs
qualify-upgrade: proofs:lists: python3 scripts/assumptions.py --output /tmp/tmpyr2_8ies/record.d/assumptions/lists.json --module Proofs.Lists.Gen --module Proofs.Lists.Proofs
qualify-upgrade: proofs:threads: python3 scripts/assumptions.py --output /tmp/tmpyr2_8ies/record.d/assumptions/threads.json --module Proofs.Threads.Gen --module Proofs.Threads.Proofs
ok
test_not_applicable_is_a_reviewed_exclusion (__main__.RecordTests.test_not_applicable_is_a_reviewed_exclusion) ... qualify-upgrade: translation:basic: AIR2LEAN_CI=1 AIR2LEAN_EXAMPLES=basic AIR2LEAN_ZIG_VERSION=0.16.0 scripts/check.sh
qualify-upgrade: translation:threads: AIR2LEAN_CI=1 AIR2LEAN_EXAMPLES=threads AIR2LEAN_ZIG_VERSION=0.16.0 scripts/check.sh
qualify-upgrade: proofs:basic: python3 scripts/assumptions.py --output /tmp/tmp5__9bbt8/record.d/assumptions/basic.json --module Proofs.Basic.Gen --module Proofs.Basic.Proofs
qualify-upgrade: proofs:threads: python3 scripts/assumptions.py --output /tmp/tmp5__9bbt8/record.d/assumptions/threads.json --module Proofs.Threads.Gen --module Proofs.Threads.Proofs
ok
test_removed_obligation_and_stale_plan_fail (__main__.RecordTests.test_removed_obligation_and_stale_plan_fail) ... ok
test_run_records_and_check_passes (__main__.RecordTests.test_run_records_and_check_passes) ... qualify-upgrade: translation:basic: AIR2LEAN_CI=1 AIR2LEAN_EXAMPLES=basic AIR2LEAN_ZIG_VERSION=0.16.0 scripts/check.sh
qualify-upgrade: translation:lists: AIR2LEAN_CI=1 AIR2LEAN_EXAMPLES=lists AIR2LEAN_ZIG_VERSION=0.16.0 scripts/check.sh
qualify-upgrade: translation:threads: AIR2LEAN_CI=1 AIR2LEAN_EXAMPLES=threads AIR2LEAN_ZIG_VERSION=0.16.0 scripts/check.sh
qualify-upgrade: proofs:basic: python3 scripts/assumptions.py --output /tmp/tmp1n269scw/record.d/assumptions/basic.json --module Proofs.Basic.Gen --module Proofs.Basic.Proofs
qualify-upgrade: proofs:lists: python3 scripts/assumptions.py --output /tmp/tmp1n269scw/record.d/assumptions/lists.json --module Proofs.Lists.Gen --module Proofs.Lists.Proofs
qualify-upgrade: proofs:threads: python3 scripts/assumptions.py --output /tmp/tmp1n269scw/record.d/assumptions/threads.json --module Proofs.Threads.Gen --module Proofs.Threads.Proofs
qualify-upgrade: translation:lists: AIR2LEAN_CI=1 AIR2LEAN_EXAMPLES=lists AIR2LEAN_ZIG_VERSION=0.16.0 scripts/check.sh
ok
test_run_rejects_unknown_only (__main__.RecordTests.test_run_rejects_unknown_only) ... ok
test_tampered_log_fails_check (__main__.RecordTests.test_tampered_log_fails_check) ... qualify-upgrade: translation:basic: AIR2LEAN_CI=1 AIR2LEAN_EXAMPLES=basic AIR2LEAN_ZIG_VERSION=0.16.0 scripts/check.sh
qualify-upgrade: translation:lists: AIR2LEAN_CI=1 AIR2LEAN_EXAMPLES=lists AIR2LEAN_ZIG_VERSION=0.16.0 scripts/check.sh
qualify-upgrade: translation:threads: AIR2LEAN_CI=1 AIR2LEAN_EXAMPLES=threads AIR2LEAN_ZIG_VERSION=0.16.0 scripts/check.sh
qualify-upgrade: proofs:basic: python3 scripts/assumptions.py --output /tmp/tmp7k9lqusa/record.d/assumptions/basic.json --module Proofs.Basic.Gen --module Proofs.Basic.Proofs
qualify-upgrade: proofs:lists: python3 scripts/assumptions.py --output /tmp/tmp7k9lqusa/record.d/assumptions/lists.json --module Proofs.Lists.Gen --module Proofs.Lists.Proofs
qualify-upgrade: proofs:threads: python3 scripts/assumptions.py --output /tmp/tmp7k9lqusa/record.d/assumptions/threads.json --module Proofs.Threads.Gen --module Proofs.Threads.Proofs
ok
test_unknown_result_fails (__main__.RecordTests.test_unknown_result_fails) ... ok

----------------------------------------------------------------------
Ran 23 tests in 1.961s

OK
##[group]Run set -euo pipefail
[36;1mset -euo pipefail[0m
[36;1mPYTHONDONTWRITEBYTECODE=1 python3 tests/roadmap/mutation-map/test_mutation_map.py -v[0m
[36;1mpython3 -B scripts/mutation-map.py check[0m
[36;1mpython3 -B tests/roadmap/mutation-map/mutants.py[0m
shell: /usr/bin/bash -e {0}
env:
  AIR2LEAN_EXAMPLES: 
##[endgroup]
test_cli_exit_codes (__main__.Committed.test_cli_exit_codes) ... ok
test_committed_map_names_every_register_id_once (__main__.Committed.test_committed_map_names_every_register_id_once) ... ok
test_committed_map_passes (__main__.Committed.test_committed_map_passes) ... ok
test_category_without_any_mutant_fails (__main__.Map.test_category_without_any_mutant_fails) ... ok
test_complete_row_without_mutant_fails (__main__.Map.test_complete_row_without_mutant_fails) ... ok
test_complete_row_without_negative_test_fails (__main__.Map.test_complete_row_without_negative_test_fails) ... ok
test_declared_category_gap_fails_only_complete_rows (__main__.Map.test_declared_category_gap_fails_only_complete_rows) ... ok
test_malformed_entries_fail (__main__.Map.test_malformed_entries_fail) ... ok
test_missing_mutant_fails (__main__.Map.test_missing_mutant_fails) ... ok
test_missing_test_file_or_anchor_fails (__main__.Map.test_missing_test_file_or_anchor_fails) ... ok
test_positive_control (__main__.Map.test_positive_control) ... ok
test_register_classification_comes_from_roadmap (__main__.Map.test_register_classification_comes_from_roadmap) ... ok
test_register_id_mismatch_fails (__main__.Map.test_register_id_mismatch_fails) ... ok
test_unmapped_mutation_fails (__main__.Map.test_unmapped_mutation_fails) ... ok
test_unsharded_mutate_sh_label_fails (__main__.Map.test_unsharded_mutate_sh_label_fails) ... ok
test_crashing_mutant_is_not_a_kill (__main__.Runner.test_crashing_mutant_is_not_a_kill) ... ok
test_equivalent_mutant_survives (__main__.Runner.test_equivalent_mutant_survives) ... ok
test_every_mutant_targets_one_anchor_and_existing_tests (__main__.Runner.test_every_mutant_targets_one_anchor_and_existing_tests) ... ok
test_failing_control_is_rejected (__main__.Runner.test_failing_control_is_rejected) ... ok
test_missing_or_ambiguous_anchor_is_rejected (__main__.Runner.test_missing_or_ambiguous_anchor_is_rejected) ... ok
test_real_mutant_is_killed_by_a_named_failure (__main__.Runner.test_real_mutant_is_killed_by_a_named_failure) ... ok

----------------------------------------------------------------------
Ran 21 tests in 0.367s

OK
forwarding: 7 mutants (L03, L06, L11, M02)
layout: 19 mutants (A03, L04, L06, L08, L09, L10, L12, M02, M04)
operand-order: 6 mutants (A03, C01, C11, L02, L08)
failure-cleanup: 8 mutants (A03, C06, L06, M02, M03, M06, Q08)
profile-selection: 8 mutants (F01, F05, I09, T01, T06, V05)
invariant-transfer: 10 mutants (C01, C03, C07, C12, C14, D03, E01, M06, V04)
other: 58 mutants (A03, C03, C04, C06, C11, C12, C14, D01, D02, E04, F06, L01, L02, L03, L05, L06, L08, L09, L10, L12, L14, M02, M03, M04, P02, P08, Q02, Q05, Q08, V06)
gap T02 (open): negative tests; designated mutants; mutants for layout
gap T03 (research): negative tests; designated mutants; mutants for layout
gap T04 (partial): designated mutants; mutants for layout
gap T05 (research): negative tests; designated mutants
gap L07 (partial): negative tests; designated mutants
gap L09 (partial): negative tests
gap L12 (partial): negative tests
gap L13 (partial): negative tests; designated mutants
gap L14 (partial): negative tests
gap C02 (open): negative tests; designated mutants
gap C05 (open): negative tests; designated mutants
gap C07 (open): negative tests
gap C08 (open): negative tests; designated mutants
gap C09 (open): negative tests; designated mutants
gap C10 (research): negative tests; designated mutants
gap C12 (research): negative tests
gap C13 (research): negative tests; designated mutants
gap M01 (partial): designated mutants
gap M05 (research): negative tests; designated mutants
gap F02 (research): negative tests; designated mutants
gap F03 (research): negative tests; designated mutants
gap F04 (partial): negative tests; designated mutants
gap F06 (partial): negative tests
gap A01 (partial): negative tests; designated mutants
gap A02 (research): negative tests; designated mutants
gap E02 (partial): negative tests; designated mutants
gap E03 (partial): negative tests; designated mutants
gap P01 (partial): negative tests; designated mutants
gap P03 (partial): designated mutants
gap P04 (partial): negative tests; designated mutants
gap P05 (partial): designated mutants
gap P06 (partial): negative tests; designated mutants
gap P07 (partial): designated mutants
gap I01 (partial): negative tests; designated mutants
gap I02 (partial): negative tests; designated mutants
gap I03 (partial): negative tests; designated mutants
gap I04 (partial): negative tests; designated mutants
gap I05 (partial): negative tests; designated mutants
gap I06 (partial): designated mutants
gap I07 (partial): designated mutants
gap I08 (partial): designated mutants; mutants for failure-cleanup
gap V01 (research): negative tests; designated mutants
gap V02 (research): negative tests; designated mutants
gap V03 (partial): designated mutants
gap Q01 (partial): designated mutants
gap Q03 (partial): designated mutants
gap Q04 (partial): negative tests; designated mutants
gap Q06 (partial): designated mutants
gap Q07 (partial): negative tests; designated mutants
gap D04 (partial): designated mutants
mutation map ok: 88 register IDs; 20 complete rows have negative tests and designated mutants
killed profile-legacy-schema-misrouted: ReceiptTests.test_legacy_schema_selects_legacy_profile
killed profile-name-unchecked: ReceiptTests.test_unknown_profile_name_is_rejected
killed profile-future-schema-accepted: ReceiptTests.test_future_schema_fails_closed
killed float-args-selection-ignored: SourceTests.test_compiler_rt_label_needs_compiler_rt_translation
killed float-header-selection-ignored: SourceTests.test_compiler_rt_label_needs_compiler_rt_translation
killed compat-unknown-host-accepted: Compat.test_hosts_default_and_linux_only_rule
killed audit-dependency-violation-not-transferred: PolicyTests.test_violation_transfers_through_dependencies
killed support-matrix-header-unchecked: Stale.test_register_status_change_is_stale
killed inventory-forbidden-row-accepted: InventoryTests.test_disposition_problems_fail_closed
killed inventory-stale-override-applied: InventoryTests.test_stale_override_is_forbidden
killed std-model-rejected-row-recognized: InventoryTests.test_model_recognition_is_not_verification
killed contract-nonstandard-axiom-verified: ContractReportTests.test_nonstandard_axioms_stay_assumptions
killed theorem-inventory-version-translation-collapsed: FixtureTests.test_translations_follow_check_sh
recorded run all: success
recorded run demo-0152: success
recorded run all: success
recorded run demo-0152: success
recorded run all: success
recorded run demo-0152: success
killed theorem-inventory-stale-proof-accepted: FixtureTests.test_edited_proof_or_translation_is_stale
recorded run all: success
recorded run demo-0152: success
recorded run all: success
recorded run demo-0152: success
killed theorem-inventory-narrow-claim-accepted: FixtureTests.test_narrow_theorem_labeled_all_schedules_in_docs
killed build-mode-profile-mode-unchecked: NegativeControls.test_profile_mode_mismatch
killed counterexample-automation-limit-is-bug: Bundles.test_verdict_table_never_calls_an_automation_limit_a_bug
killed target-matrix-foreign-host-accepted: ForeignGoldens.test_linux_job_compiling_the_darwin_golden_cannot_back_a_darwin_path
killed premises-compiled-source-gap-hidden: CompiledTests.test_compiled_source_gaps
killed premises-compiled-runtime-module-unmapped: CompiledTests.test_compiled_unmapped_module_and_axiom
killed release-record-pull-request-run-accepted: RecordTests.test_evidence_for_another_revision_is_refused
killed release-record-failure-masked: RecordTests.test_failures_and_skips_are_never_passed_or_hidden, RecordTests.test_conflicting_evidence_fails_the_gate
killed release-ledger-revision-unchecked: LedgerTests.test_entry_without_reviewed_revision_fails
killed vc-report-lean-error-masked: ReportTests.test_lean_errors_are_surfaced_and_reports_are_not_errors
killed vc-report-open-obligations-hidden: ReportTests.test_open_obligations_are_counted_and_closed_ones_named
##[group]Run python3 -B -m unittest discover -s tests/roadmap/vcs -p 'test_*.py' -v
[36;1mpython3 -B -m unittest discover -s tests/roadmap/vcs -p 'test_*.py' -v[0m
shell: /usr/bin/bash -e {0}
env:
  AIR2LEAN_EXAMPLES: 
##[endgroup]
test_every_golden_report_is_described (test_vc_report.ReportTests.test_every_golden_report_is_described) ... ok
test_lean_errors_are_surfaced_and_reports_are_not_errors (test_vc_report.ReportTests.test_lean_errors_are_surfaced_and_reports_are_not_errors) ... ok
test_loop_request_names_loop_and_instruction_without_an_invariant (test_vc_report.ReportTests.test_loop_request_names_loop_and_instruction_without_an_invariant) ... ok
test_open_obligations_are_counted_and_closed_ones_named (test_vc_report.ReportTests.test_open_obligations_are_counted_and_closed_ones_named) ... ok

----------------------------------------------------------------------
Ran 4 tests in 0.000s

OK
##[group]Run set -euo pipefail
[36;1mset -euo pipefail[0m
[36;1mPYTHONDONTWRITEBYTECODE=1 python3 -m unittest discover -s tests/roadmap/build-modes -v[0m
[36;1mpython3 -B scripts/build-modes.py check[0m
shell: /usr/bin/bash -e {0}
env:
  AIR2LEAN_EXAMPLES: 
##[endgroup]
test_cli_check_and_commands (test_build_modes.CommittedRecord.test_cli_check_and_commands) ... ok
test_reference_build_is_the_only_qualified_pair (test_build_modes.CommittedRecord.test_reference_build_is_the_only_qualified_pair) ... ok
test_release_fast_claim_states_premise (test_build_modes.CommittedRecord.test_release_fast_claim_states_premise) ... ok
test_repository_passes (test_build_modes.CommittedRecord.test_repository_passes) ... ok
test_claim_without_premises (test_build_modes.NegativeControls.test_claim_without_premises) ... ok
test_command_backend_mismatch (test_build_modes.NegativeControls.test_command_backend_mismatch) ... ok
test_command_mode_mismatch (test_build_modes.NegativeControls.test_command_mode_mismatch) ... ok
test_command_text_absent_from_source (test_build_modes.NegativeControls.test_command_text_absent_from_source) ... ok
test_compatibility_mode_drift (test_build_modes.NegativeControls.test_compatibility_mode_drift) ... ok
test_doc_claim_without_record_link (test_build_modes.NegativeControls.test_doc_claim_without_record_link) ... ok
test_doc_with_link_passes (test_build_modes.NegativeControls.test_doc_with_link_passes) ... ok
test_duplicate_and_unknown_pair (test_build_modes.NegativeControls.test_duplicate_and_unknown_pair) ... ok
test_excluded_cannot_claim (test_build_modes.NegativeControls.test_excluded_cannot_claim) ... ok
test_fast_math_guard_removed (test_build_modes.NegativeControls.test_fast_math_guard_removed) ... ok
test_fast_math_must_be_excluded (test_build_modes.NegativeControls.test_fast_math_must_be_excluded) ... ok
test_fixture_copy_passes (test_build_modes.NegativeControls.test_fixture_copy_passes) ... ok
test_missing_evidence_file (test_build_modes.NegativeControls.test_missing_evidence_file) ... ok
test_missing_pair (test_build_modes.NegativeControls.test_missing_pair) ... ok
test_path_escape (test_build_modes.NegativeControls.test_path_escape) ... ok
test_profile_backend_mismatch (test_build_modes.NegativeControls.test_profile_backend_mismatch) ... ok
test_profile_evidence_for_wrong_backend_record (test_build_modes.NegativeControls.test_profile_evidence_for_wrong_backend_record) ... ok
test_profile_mode_mismatch (test_build_modes.NegativeControls.test_profile_mode_mismatch) ... ok
test_qualified_without_evidence (test_build_modes.NegativeControls.test_qualified_without_evidence) ... ok
test_qualifying_without_evidence_or_claim (test_build_modes.NegativeControls.test_qualifying_without_evidence_or_claim) ... ok
test_readme_link_removed (test_build_modes.NegativeControls.test_readme_link_removed) ... ok
test_shipping_flags_drift (test_build_modes.NegativeControls.test_shipping_flags_drift) ... ok
test_unknown_premise (test_build_modes.NegativeControls.test_unknown_premise) ... ok
test_unknown_status_and_claim (test_build_modes.NegativeControls.test_unknown_status_and_claim) ... ok
test_unqualified_claim_needs_commands (test_build_modes.NegativeControls.test_unqualified_claim_needs_commands) ... ok

----------------------------------------------------------------------
Ran 29 tests in 0.128s

OK
build-modes: ok (8 records, 1 qualified)
##[group]Run set -euo pipefail
[36;1mset -euo pipefail[0m
[36;1msource_temp=$(mktemp -d "$RUNNER_TEMP/air-inventory.XXXXXX")[0m
[36;1mtrap 'rm -rf "$source_temp"' EXIT[0m
[36;1murl=$(zig-patch/toml-get.sh '["0.17.0"]' url)[0m
[36;1msha256=$(zig-patch/toml-get.sh '["0.17.0"]' sha256)[0m
[36;1mcurl -fL --output "$source_temp/source.tar.xz" "$url"[0m
[36;1mecho "$sha256  $source_temp/source.tar.xz" | sha256sum -c -[0m
[36;1mmkdir "$source_temp/source"[0m
[36;1mtar -xJf "$source_temp/source.tar.xz" -C "$source_temp/source" --strip-components=1[0m
[36;1mpython3 scripts/coverage.py check --version '0.17.0' \[0m
[36;1m  --source "$source_temp/source" --os linux --inventory 'coverage/0.17.0.json'[0m
shell: /usr/bin/bash -e {0}
env:
  AIR2LEAN_EXAMPLES: 
##[endgroup]
  % Total    % Received % Xferd  Average Speed   Time    Time     Time  Current
                                 Dload  Upload   Total   Spent    Left  Speed

  0     0    0     0    0     0      0      0 --:--:-- --:--:-- --:--:--     0
  0 21.9M    0  175k    0     0   177k      0  0:02:07 --:--:--  0:02:07  177k
 19 21.9M   19 4383k    0     0  2137k      0  0:00:10  0:00:02  0:00:08 2138k
100 21.9M  100 21.9M    0     0  7741k      0  0:00:02  0:00:02 --:--:-- 7743k
/home/runner/work/_temp/air-inventory.CfViYn/source.tar.xz: OK
0.17.0: inventory current (source evidence only)
##[group]Run scripts/review-checks.sh
[36;1mscripts/review-checks.sh[0m
shell: /usr/bin/bash -e {0}
env:
  AIR2LEAN_EXAMPLES: 
##[endgroup]
shell review checks: 55 passed
##[group]Run set -euo pipefail
[36;1mset -euo pipefail[0m
[36;1mpython3 tests/roadmap/build-budgets/test_guard.py 2>&1 | tee "$RUNNER_TEMP/build-guard-tests.log"[0m
shell: /usr/bin/bash -e {0}
env:
  AIR2LEAN_EXAMPLES: 
##[endgroup]
..........................
----------------------------------------------------------------------
Ran 26 tests in 2.698s

OK
##[group]Run set -euo pipefail
[36;1mset -euo pipefail[0m
[36;1mpython3 -m unittest discover -s tests/roadmap/safe-output -p 'test_*.py' -v 2>&1 \[0m
[36;1m  | tee "$RUNNER_TEMP/safe-output-tests.log"[0m
shell: /usr/bin/bash -e {0}
env:
  AIR2LEAN_EXAMPLES: 
  PYTHONDONTWRITEBYTECODE: 1
##[endgroup]
test_failing_translator_with_partial_output (test_safe_output.Check.test_failing_translator_with_partial_output) ... ok
test_interrupt_mid_write (test_safe_output.Check.test_interrupt_mid_write) ... ok
test_live_child_after_sigterm (test_safe_output.Check.test_live_child_after_sigterm) ... ok
test_timeout (test_safe_output.Check.test_timeout) ... ok
test_auditor_leaving_child_fails (test_safe_output.ProofReceipt.test_auditor_leaving_child_fails) ... ok
test_cancelled_auditor_group_is_stopped (test_safe_output.ProofReceipt.test_cancelled_auditor_group_is_stopped) ... ok
test_interrupted_receipt_write_publishes_nothing_and_never_clobbers (test_safe_output.ProofReceipt.test_interrupted_receipt_write_publishes_nothing_and_never_clobbers) ... ok
test_interrupt_mid_write_keeps_prior_and_no_partial (test_safe_output.Publish.test_interrupt_mid_write_keeps_prior_and_no_partial) ... ok
test_no_clobber_refuses_existing_and_publishes_fresh (test_safe_output.Publish.test_no_clobber_refuses_existing_and_publishes_fresh) ... ok
test_overwrite_replaces_atomically_and_keeps_mode (test_safe_output.Publish.test_overwrite_replaces_atomically_and_keeps_mode) ... ok
test_rejects_symlink_and_directory_destinations_and_missing_policy (test_safe_output.Publish.test_rejects_symlink_and_directory_destinations_and_missing_policy) ... ok
test_exit_status_passthrough (test_safe_output.Runner.test_exit_status_passthrough) ... ok
test_leader_exit_with_live_descendant_fails (test_safe_output.Runner.test_leader_exit_with_live_descendant_fails) ... ok
test_sigterm_stops_term_ignoring_child_and_grandchild (test_safe_output.Runner.test_sigterm_stops_term_ignoring_child_and_grandchild) ... ok
test_timeout_stops_group (test_safe_output.Runner.test_timeout_stops_group) ... ok
test_failing_translator_with_partial_output (test_safe_output.Translate.test_failing_translator_with_partial_output) ... ok
test_interrupt_mid_write (test_safe_output.Translate.test_interrupt_mid_write) ... ok
test_interrupted_lean_check (test_safe_output.Translate.test_interrupted_lean_check) ... ok
test_live_child_after_sigterm (test_safe_output.Translate.test_live_child_after_sigterm) ... ok
test_overwrite_policy (test_safe_output.Translate.test_overwrite_policy) ... ok
test_timeout (test_safe_output.Translate.test_timeout) ... ok
test_translator_leaving_child_is_not_published (test_safe_output.Translate.test_translator_leaving_child_is_not_published) ... ok

----------------------------------------------------------------------
Ran 22 tests in 17.151s

OK
##[group]Run tests/roadmap/fuzz/check.sh --light
[36;1mtests/roadmap/fuzz/check.sh --light[0m
shell: /usr/bin/bash -e {0}
env:
  AIR2LEAN_EXAMPLES: 
##[endgroup]
test_case_shrinks_to_minimal_input (test_fuzz.AirFuzz.test_case_shrinks_to_minimal_input) ... ok
test_committed_regressions_are_well_formed (test_fuzz.AirFuzz.test_committed_regressions_are_well_formed) ... ok
test_diagnostics_oracle (test_fuzz.AirFuzz.test_diagnostics_oracle) ... ok
test_emit_oracle (test_fuzz.AirFuzz.test_emit_oracle) ... ok
test_generation_is_reproducible (test_fuzz.AirFuzz.test_generation_is_reproducible) ... ok
test_modes_must_agree_except_for_diagnostic_limits (test_fuzz.AirFuzz.test_modes_must_agree_except_for_diagnostic_limits) ... ok
test_bytes_shrink_to_failing_token (test_fuzz.DeltaDebugging.test_bytes_shrink_to_failing_token) ... ok
test_ddmin_can_remove_everything (test_fuzz.DeltaDebugging.test_ddmin_can_remove_everything) ... ok
test_ddmin_is_one_minimal (test_fuzz.DeltaDebugging.test_ddmin_is_one_minimal) ... ok
test_json_shrinks_to_failing_core (test_fuzz.DeltaDebugging.test_json_shrinks_to_failing_core) ... ok
test_evaluator_semantics (test_fuzz.ZigGenerator.test_evaluator_semantics) ... ok
test_every_feature_is_generated (test_fuzz.ZigGenerator.test_every_feature_is_generated) ... ok
test_generation_is_deterministic_and_well_typed (test_fuzz.ZigGenerator.test_generation_is_deterministic_and_well_typed) ... ok
test_lean_checks_follow_the_translated_signature (test_fuzz.ZigGenerator.test_lean_checks_follow_the_translated_signature) ... ok
test_renderer_follows_zig_local_rules (test_fuzz.ZigGenerator.test_renderer_follows_zig_local_rules) ... ok
test_shrinker_is_minimal_for_synthetic_oracle (test_fuzz.ZigGenerator.test_shrinker_is_minimal_for_synthetic_oracle) ... ok
test_typecheck_rejects_invalid_programs (test_fuzz.ZigGenerator.test_typecheck_rejects_invalid_programs) ... ok

----------------------------------------------------------------------
Ran 17 tests in 0.689s

OK
{"seeds": 300, "start": 0, "features": {"alias": 253, "global": 195, "defer": 221, "errdefer": 70, "union": 242, "cast": 253, "nested_control": 203}}
300 generated programs typecheck, evaluate and render deterministically
##[group]Run set -euo pipefail
[36;1mset -euo pipefail[0m
[36;1mpython3 tests/roadmap/perf-budgets/test_perf_budgets.py[0m
[36;1mpython3 scripts/perf-budgets.py validate[0m
shell: /usr/bin/bash -e {0}
env:
  AIR2LEAN_EXAMPLES: 
##[endgroup]
.....................
----------------------------------------------------------------------
Ran 21 tests in 0.635s

OK
7 workloads, 0 pending; status recorded
##[group]Run python3 tests/usability/workflow.py
[36;1mpython3 tests/usability/workflow.py[0m
shell: /usr/bin/bash -e {0}
env:
  AIR2LEAN_EXAMPLES: 
##[endgroup]
test_concurrent_pipeline_fails_without_stealing_lock (__main__.Workflow.test_concurrent_pipeline_fails_without_stealing_lock) ... ok
test_doctor_lean_ready_but_exporter_missing (__main__.Workflow.test_doctor_lean_ready_but_exporter_missing) ... ok
test_doctor_ready_and_missing_optional_stock (__main__.Workflow.test_doctor_ready_and_missing_optional_stock) ... ok
test_existing_lock_is_never_stolen (__main__.Workflow.test_existing_lock_is_never_stolen) ... ok
test_failed_new_output_is_not_published (__main__.Workflow.test_failed_new_output_is_not_published) ... ok
test_failures_preserve_input_and_output (__main__.Workflow.test_failures_preserve_input_and_output) ... ok
test_fake_toolchain_follows_repository_pin (__main__.Workflow.test_fake_toolchain_follows_repository_pin) ... ok
test_flags_forwarded_and_relative_patched_path (__main__.Workflow.test_flags_forwarded_and_relative_patched_path) ... ok
test_fresh_air_on_each_run_and_empty_export_cannot_reuse_it (__main__.Workflow.test_fresh_air_on_each_run_and_empty_export_cannot_reuse_it) ... ok
test_help_without_tools (__main__.Workflow.test_help_without_tools) ... ok
test_input_hardlink_and_nonexistent_parent (__main__.Workflow.test_input_hardlink_and_nonexistent_parent) ... ok
test_invalid_float_mode_runs_no_tools (__main__.Workflow.test_invalid_float_mode_runs_no_tools) ... ok
test_leading_hyphen_input (__main__.Workflow.test_leading_hyphen_input) ... ok
test_output_path_guards (__main__.Workflow.test_output_path_guards) ... ok
test_reject_unlocked_and_unsupported_versions (__main__.Workflow.test_reject_unlocked_and_unsupported_versions) ... ok
test_relative_tmpdir_is_resolved_and_cleaned (__main__.Workflow.test_relative_tmpdir_is_resolved_and_cleaned) ... ok
test_space_paths_and_serial_stages (__main__.Workflow.test_space_paths_and_serial_stages) ... ok
test_unknown_and_missing_options (__main__.Workflow.test_unknown_and_missing_options) ... ok

----------------------------------------------------------------------
Ran 18 tests in 5.232s

OK
##[group]Run set -euo pipefail
[36;1mset -euo pipefail[0m
[36;1mpython3 scripts/compat.py check[0m
[36;1mpython3 -m unittest discover -s tests/roadmap/distribution -v[0m
shell: /usr/bin/bash -e {0}
env:
  AIR2LEAN_EXAMPLES: 
##[endgroup]
OK: compatibility.json agrees with versions.toml, lean-toolchain and the workflow scripts
test_checksum_and_url_drift (test_compat.Compat.test_checksum_and_url_drift) ... ok
test_committed_metadata_is_consistent (test_compat.Compat.test_committed_metadata_is_consistent) ... ok
test_hosts_default_and_linux_only_rule (test_compat.Compat.test_hosts_default_and_linux_only_rule) ... ok
test_lock_and_recipe_metadata (test_compat.Compat.test_lock_and_recipe_metadata) ... ok
test_malformed_inputs_fail_closed (test_compat.Compat.test_malformed_inputs_fail_closed) ... ok
test_new_zig_version_must_be_listed_everywhere (test_compat.Compat.test_new_zig_version_must_be_listed_everywhere) ... ok
test_qualification_status (test_compat.Compat.test_qualification_status) ... ok
test_release_manifest_checksums (test_compat.Compat.test_release_manifest_checksums) ... ok
test_toolchain_drift (test_compat.Compat.test_toolchain_drift) ... ok
test_translator_constants (test_compat.Compat.test_translator_constants) ... ok
test_docker_states (test_doctor.Doctor.test_docker_states) ... ok
test_lock_states (test_doctor.Doctor.test_lock_states) ... ok
test_missing_elan_and_toolchain (test_doctor.Doctor.test_missing_elan_and_toolchain) ... ok
test_missing_metadata_fails_closed (test_doctor.Doctor.test_missing_metadata_fails_closed) ... ok
test_proofs_only_without_zig (test_doctor.Doctor.test_proofs_only_without_zig) ... ok
test_ready_with_locked_compiler (test_doctor.Doctor.test_ready_with_locked_compiler) ... ok
test_rejects_unlocked_path_wrong_version_and_unsupported (test_doctor.Doctor.test_rejects_unlocked_path_wrong_version_and_unsupported) ... ok
test_relative_zig_air_and_other_versions (test_doctor.Doctor.test_relative_zig_air_and_other_versions) ... ok
test_resource_thresholds_from_metadata (test_doctor.Doctor.test_resource_thresholds_from_metadata) ... ok
test_text_output_and_usage (test_doctor.Doctor.test_text_output_and_usage) ... ok
test_toolchain_follows_lean_toolchain (test_doctor.Doctor.test_toolchain_follows_lean_toolchain) ... ok
test_in_qualification_version_is_noted (test_doctor.HostRules.test_in_qualification_version_is_noted) ... ok
test_linux_only_version (test_doctor.HostRules.test_linux_only_version) ... ok
test_lock_wrapper_matches_lock_sh_output (test_doctor.HostRules.test_lock_wrapper_matches_lock_sh_output) ... ok

----------------------------------------------------------------------
Ran 24 tests in 2.524s

OK
##[group]Run set -euo pipefail
[36;1mset -euo pipefail[0m
[36;1murl=$(zig-patch/toml-get.sh '[ci.host-zig."0.17.0"]' url)[0m
[36;1msha256=$(zig-patch/toml-get.sh '[ci.host-zig."0.17.0"]' sha256)[0m
[36;1mcurl -fL --output host-zig.tar.xz "$url"[0m
[36;1mecho "$sha256  host-zig.tar.xz" | sha256sum -c -[0m
[36;1mmkdir -p host-zig[0m
[36;1mtar -xJf host-zig.tar.xz -C host-zig --strip-components=1[0m
[36;1mecho "$PWD/host-zig" >> "$GITHUB_PATH"[0m
shell: /usr/bin/bash -e {0}
env:
  AIR2LEAN_EXAMPLES: 
##[endgroup]
  % Total    % Received % Xferd  Average Speed   Time    Time     Time  Current
                                 Dload  Upload   Total   Spent    Left  Speed

  0     0    0     0    0     0      0      0 --:--:-- --:--:-- --:--:--     0
  0 54.6M    0 32513    0     0  56994      0  0:16:45 --:--:--  0:16:45 56940
  1 54.6M    1 1007k    0     0   644k      0  0:01:26  0:00:01  0:01:25  644k
 20 54.6M   20 10.9M    0     0  4389k      0  0:00:12  0:00:02  0:00:10 4389k
 58 54.6M   58 32.1M    0     0  9196k      0  0:00:06  0:00:03  0:00:03 9194k
 95 54.6M   95 52.2M    0     0  11.3M      0  0:00:04  0:00:04 --:--:-- 11.3M
100 54.6M  100 54.6M    0     0  11.5M      0  0:00:04  0:00:04 --:--:-- 13.1M
host-zig.tar.xz: OK
##[group]Run scripts/floatprobe.sh
[36;1mscripts/floatprobe.sh[0m
shell: /usr/bin/bash -e {0}
env:
  AIR2LEAN_EXAMPLES: 
##[endgroup]
float probe: output equals /tmp/air2lean-floatprobe.1M1Vqs/expected.merged.txt
##[group]Run actions/cache@55cc8345863c7cc4c66a329aec7e433d2d1c52a9
with:
  path: zig-air-0.17.0/
  key: zig-air-0.17.0-f96c2d98d3578c30d94a47365040aa739cb6a4aeb6d0060e4ebff9b5ccb0f9f0
  enableCrossOsArchive: false
  fail-on-cache-miss: false
  lookup-only: false
  save-always: false
env:
  AIR2LEAN_EXAMPLES: 
##[endgroup]
Cache hit for: zig-air-0.17.0-f96c2d98d3578c30d94a47365040aa739cb6a4aeb6d0060e4ebff9b5ccb0f9f0
Received 57483782 of 57483782 (100.0%), 75.1 MBs/sec
Cache Size: ~55 MB (57483782 B)
[command]/usr/bin/tar -xf /home/runner/work/_temp/74f8efbb-de54-4131-9db2-3a0a501b5e07/cache.tzst -P -C /home/runner/work/air2lean/air2lean --use-compress-program unzstd
Cache restored successfully
Cache restored from key: zig-air-0.17.0-f96c2d98d3578c30d94a47365040aa739cb6a4aeb6d0060e4ebff9b5ccb0f9f0
##[group]Run set -euo pipefail
[36;1mset -euo pipefail[0m
[36;1murl=$(zig-patch/toml-get.sh '[ci.elan]' url)[0m
[36;1msha256=$(zig-patch/toml-get.sh '[ci.elan]' sha256)[0m
[36;1mcurl -fL --output elan.tar.gz "$url"[0m
[36;1mecho "$sha256  elan.tar.gz" | sha256sum -c -[0m
[36;1mtar -xzf elan.tar.gz[0m
[36;1mchmod +x elan-init[0m
[36;1m./elan-init --default-toolchain none -y[0m
[36;1mecho "$HOME/.elan/bin" >> "$GITHUB_PATH"[0m
shell: /usr/bin/bash -e {0}
env:
  AIR2LEAN_EXAMPLES: 
##[endgroup]
  % Total    % Received % Xferd  Average Speed   Time    Time     Time  Current
                                 Dload  Upload   Total   Spent    Left  Speed

  0     0    0     0    0     0      0      0 --:--:-- --:--:-- --:--:--     0
  0     0    0     0    0     0      0      0 --:--:-- --:--:-- --:--:--     0
  0     0    0     0    0     0      0      0 --:--:-- --:--:-- --:--:--     0

100 4879k  100 4879k    0     0  12.7M      0 --:--:-- --:--:-- --:--:-- 12.7M
elan.tar.gz: OK
##[group]Run actions/cache@55cc8345863c7cc4c66a329aec7e433d2d1c52a9
with:
  path: .lake
  key: lake-root-f808bd900fe26910aa55e7ace1bbad800d2c6b77d1631bb8a6cc7807527a3001
  enableCrossOsArchive: false
  fail-on-cache-miss: false
  lookup-only: false
  save-always: false
env:
  AIR2LEAN_EXAMPLES: 
##[endgroup]
Cache hit for: lake-root-f808bd900fe26910aa55e7ace1bbad800d2c6b77d1631bb8a6cc7807527a3001
Received 29301972 of 33496276 (87.5%), 27.9 MBs/sec
Received 33496276 of 33496276 (100.0%), 30.7 MBs/sec
Cache Size: ~32 MB (33496276 B)
[command]/usr/bin/tar -xf /home/runner/work/_temp/9ea7aea2-5404-4d38-95c6-e0dbc100b30c/cache.tzst -P -C /home/runner/work/air2lean/air2lean --use-compress-program unzstd
Cache restored successfully
Cache restored from key: lake-root-f808bd900fe26910aa55e7ace1bbad800d2c6b77d1631bb8a6cc7807527a3001
##[group]Run actions/cache@55cc8345863c7cc4c66a329aec7e433d2d1c52a9
with:
  path: tests/diff/.lake
  key: lake-diff-529985d2cf28767d7b171993f8a87bd10706c7c6b6a91e904f103f8bf46140f7
  enableCrossOsArchive: false
  fail-on-cache-miss: false
  lookup-only: false
  save-always: false
env:
  AIR2LEAN_EXAMPLES: 
##[endgroup]
Cache hit for: lake-diff-529985d2cf28767d7b171993f8a87bd10706c7c6b6a91e904f103f8bf46140f7
Received 30926738 of 30926738 (100.0%), 44.6 MBs/sec
Cache Size: ~29 MB (30926738 B)
[command]/usr/bin/tar -xf /home/runner/work/_temp/c70b7581-9e8c-4dc7-ae4b-89c08ca5e4a0/cache.tzst -P -C /home/runner/work/air2lean/air2lean --use-compress-program unzstd
Cache restored successfully
Cache restored from key: lake-diff-529985d2cf28767d7b171993f8a87bd10706c7c6b6a91e904f103f8bf46140f7
##[group]Run python3 scripts/local-ci-steps.py --prune-cache
[36;1mpython3 scripts/local-ci-steps.py --prune-cache[0m
shell: /usr/bin/bash -e {0}
env:
  AIR2LEAN_EXAMPLES: 
##[endgroup]
Pruned 0 absent-source module artifacts from the local Lake cache
##[group]Run lake build
[36;1mlake build[0m
shell: /usr/bin/bash -e {0}
env:
  AIR2LEAN_EXAMPLES: 
##[endgroup]
info: downloading https://releases.lean-lang.org/lean4/v4.34.0/lean-4.34.0-linux.tar.zst
info: installing /home/runner/.elan/toolchains/leanprover--lean4---v4.34.0
✔ [2/54] Built ZigLean.Float.Format (584ms)
✔ [3/54] Built ZigLean.VersionGate (710ms)
✔ [4/54] Built ZigLean.Basic (969ms)
✔ [5/54] Built Air2Lean.Air.StrictJson (726ms)
✔ [6/54] Built ZigLean.Simp (510ms)
✔ [7/54] Built Air2Lean.Air.Profile (804ms)
✔ [8/54] Built ZigLean.Loop (529ms)
✔ [9/56] Built ZigLean.Float.Value (666ms)
✔ [10/56] Built ZigLean.Lemmas (738ms)
✔ [11/56] Built ZigLean.Float.Libm (609ms)
✔ [12/57] Built ZigLean.Bit (700ms)
✔ [13/59] Built Air2Lean.StdModels (845ms)
✔ [14/61] Built ZigLean.Mem.Basic (2.2s)
✔ [15/61] Built ZigLean.External (654ms)
✔ [16/61] Built ZigLean.Conc.Capture (468ms)
✔ [17/61] Built Air2Lean.Air.Op (5.1s)
✔ [18/61] Built Air2Lean.Diagnostic (2.2s)
✔ [19/63] Built ZigLean.Float.Round (3.2s)
✔ [20/63] Built ZigLean.Conc.Basic (1.0s)
⚠ [21/63] Built ZigLean.Mem.Enc (1.1s)
warning: ZigLean/Mem/Enc.lean:183:0: Definition `Zig.errorEnc` of class type is semireducible. Most type class instances should be instance-reducible, so consider marking this
definition with `@[instance_reducible]`. If it is intentionally semireducible, this warning can be disabled with `set_option warn.classDefReducibility false`.
warning: ZigLean/Mem/Enc.lean:194:0: Definition `Zig.optionalErrorEnc` of class type is semireducible. Most type class instances should be instance-reducible, so consider marking this
definition with `@[instance_reducible]`. If it is intentionally semireducible, this warning can be disabled with `set_option warn.classDefReducibility false`.
warning: ZigLean/Mem/Enc.lean:226:0: Definition `Zig.Enc.optionWith` of class type is semireducible. Most type class instances should be instance-reducible, so consider marking this
definition with `@[instance_reducible]`. If it is intentionally semireducible, this warning can be disabled with `set_option warn.classDefReducibility false`.
warning: ZigLean/Mem/Enc.lean:231:0: Definition `Zig.Enc.vectorWith` of class type is semireducible. Most type class instances should be instance-reducible, so consider marking this
definition with `@[instance_reducible]`. If it is intentionally semireducible, this warning can be disabled with `set_option warn.classDefReducibility false`.
warning: ZigLean/Mem/Enc.lean:262:0: Definition `Zig.Enc.errorUnionWith` of class type is semireducible. Most type class instances should be instance-reducible, so consider marking this
definition with `@[instance_reducible]`. If it is intentionally semireducible, this warning can be disabled with `set_option warn.classDefReducibility false`.
warning: ZigLean/Mem/Enc.lean:267:0: Definition `Zig.errorUnionEnc` of class type is semireducible. Most type class instances should be instance-reducible, so consider marking this
definition with `@[instance_reducible]`. If it is intentionally semireducible, this warning can be disabled with `set_option warn.classDefReducibility false`.
✔ [22/64] Built ZigLean.External.Callback (584ms)
✔ [23/64] Built Air2Lean.Air.Compat (842ms)
✔ [24/65] Built ZigLean.Float.Ops (1.1s)
✔ [25/65] Built Air2Lean.ProofApi (758ms)
✔ [26/65] Built Air2Lean.Air.Json (2.2s)
✔ [27/65] Built Air2Lean.Memory (1.0s)
⚠ [28/65] Built ZigLean.Mem.ErrWidth (779ms)
warning: ZigLean/Mem/ErrWidth.lean:69:0: Definition `Zig.errorEncW` of class type is semireducible. Most type class instances should be instance-reducible, so consider marking this
definition with `@[instance_reducible]`. If it is intentionally semireducible, this warning can be disabled with `set_option warn.classDefReducibility false`.
warning: ZigLean/Mem/ErrWidth.lean:80:0: Definition `Zig.optionalErrorEncW` of class type is semireducible. Most type class instances should be instance-reducible, so consider marking this
definition with `@[instance_reducible]`. If it is intentionally semireducible, this warning can be disabled with `set_option warn.classDefReducibility false`.
warning: ZigLean/Mem/ErrWidth.lean:117:0: Definition `Zig.Enc.errorUnionWithW` of class type is semireducible. Most type class instances should be instance-reducible, so consider marking this
definition with `@[instance_reducible]`. If it is intentionally semireducible, this warning can be disabled with `set_option warn.classDefReducibility false`.
warning: ZigLean/Mem/ErrWidth.lean:134:0: Definition `Zig.errorUnionEncW` of class type is semireducible. Most type class instances should be instance-reducible, so consider marking this
definition with `@[instance_reducible]`. If it is intentionally semireducible, this warning can be disabled with `set_option warn.classDefReducibility false`.
✔ [29/65] Built ZigLean.Mem.Alloc (910ms)
⚠ [31/95] Built ZigLean.Mem.Null (552ms)
warning: ZigLean/Mem/Null.lean:32:0: Definition `Zig.nullablePtrEnc` of class type is semireducible. Most type class instances should be instance-reducible, so consider marking this
definition with `@[instance_reducible]`. If it is intentionally semireducible, this warning can be disabled with `set_option warn.classDefReducibility false`.
✔ [32/95] Built ZigLean.Packed (594ms)
✔ [33/95] Built ZigLean.Vec (746ms)
✔ [34/95] Built Air2Lean.Air.Anon (833ms)
✔ [35/95] Built Air2Lean.Air.StrictJson:c.o (572ms)
✔ [36/95] Built Air2Lean.Air.Profile:c.o (1.2s)
✔ [37/95] Built Air2Lean.StdModels:c.o (628ms)
✔ [38/95] Built ZigLean.Float.CompilerRt (2.5s)
✔ [39/95] Built Air2Lean.Diagnostic:c.o (841ms)
✔ [40/95] Built Air2Lean.Air.Op:c.o (3.2s)
✔ [41/95] Built ZigLean.Basic:c.o (643ms)
✔ [42/95] Built Air2Lean.Air.Compat:c.o (994ms)
✔ [43/95] Built ZigLean.Float.Format:c.o (161ms)
✔ [44/95] Built Air2Lean.Memory:c.o (2.2s)
✔ [45/95] Built ZigLean.Float.Value:c.o (311ms)
✔ [46/95] Built Air2Lean.Air.Json:c.o (3.9s)
✔ [47/95] Built Air2Lean.ProofApi:c.o (329ms)
✔ [48/95] Built ZigLean.Mem.ErrWidth:c.o (611ms)
✔ [49/95] Built ZigLean.Mem.Enc:c.o (1.1s)
✔ [50/95] Built Air2Lean.BitCast (691ms)
✔ [51/95] Built ZigLean.Mem.Basic:c.o (2.4s)
✔ [52/95] Built ZigLean.Mem.Owned (762ms)
✔ [53/95] Built ZigLean.Mem.Repr (619ms)
✔ [54/95] Built Air2Lean.ModelRegistry (2.1s)
✔ [55/95] Built Air2Lean.SourceMap (656ms)
✔ [56/95] Built ZigLean.Vec:c.o (653ms)
✔ [57/95] Built Air2Lean.BitCast:c.o (376ms)
✔ [58/95] Built Air2Lean.Air.Canon (2.4s)
✔ [59/95] Built ZigLean.Union (511ms)
✔ [60/95] Built Air2Lean.Air.Anon:c.o (1.1s)
✔ [61/95] Built ZigLean.PackedLemmas (1.0s)
⚠ [62/95] Built ZigLean.Mem.Thread (1.5s)
warning: ZigLean/Mem/Thread.lean:172:24: Variable name `ord` is not explicitly referenced.

Hint: The binding can be removed (if unused) or named `_` (if used implicitly). Alternatively, prefix the name with `_` to silence this warning:
  [apply] _ord

Note: This linter can be disabled with `set_option linter.unusedVariables false`
warning: ZigLean/Mem/Thread.lean:193:25: Variable name `ord` is not explicitly referenced.

Hint: The binding can be removed (if unused) or named `_` (if used implicitly). Alternatively, prefix the name with `_` to silence this warning:
  [apply] _ord

Note: This linter can be disabled with `set_option linter.unusedVariables false`
warning: ZigLean/Mem/Thread.lean:293:24: Variable name `succ` is not explicitly referenced.

Hint: The binding can be removed (if unused) or named `_` (if used implicitly). Alternatively, prefix the name with `_` to silence this warning:
  [apply] _succ

Note: This linter can be disabled with `set_option linter.unusedVariables false`
warning: ZigLean/Mem/Thread.lean:346:28: Variable name `succ` is not explicitly referenced.

Hint: The binding can be removed (if unused) or named `_` (if used implicitly). Alternatively, prefix the name with `_` to silence this warning:
  [apply] _succ

Note: This linter can be disabled with `set_option linter.unusedVariables false`
⚠ [63/95] Built ZigLean.Permutation (633ms)
warning: ZigLean/Permutation.lean:35:52: `dif_pos` has been deprecated: Use `dite_eq_left` instead
✔ [64/95] Built ZigLean.BitCast (1.1s)
✔ [65/95] Built ZigLean.Float (291ms)
✔ [66/95] Built Air2Lean.SourceMap:c.o (790ms)
✔ [67/95] Built Air2Lean.ModelRegistry:c.o (2.0s)
✔ [68/95] Built Air2Lean.Air.Normalize (1.7s)
✔ [69/95] Built ZigLean.Mem (424ms)
✔ [70/95] Built ZigLean.Conc.Call (843ms)
✔ [71/95] Built Air2Lean.Air.Canon:c.o (3.5s)
✔ [72/95] Built ZigLean.Conc.Sched (810ms)
✔ [73/95] Built Air2Lean (460ms)
⚠ [75/95] Built ZigLean.Conc.Spawn (417ms)
warning: ZigLean/Conc/Spawn.lean:123:38: `if_pos` has been deprecated: Use `ite_eq_left` instead
warning: ZigLean/Conc/Spawn.lean:126:38: `if_neg` has been deprecated: Use `ite_eq_right` instead
✔ [76/95] Built Air2Lean.Air.Normalize:c.o (3.5s)
⚠ [78/95] Built Air2Lean.Check (8.2s)
warning: Air2Lean/Check.lean:992:15: Variable name `v` is not explicitly referenced.

Hint: The binding can be removed (if unused) or named `_` (if used implicitly). Alternatively, prefix the name with `_` to silence this warning:
  [apply] _v

Note: This linter can be disabled with `set_option linter.unusedVariables false`
✔ [79/95] Built ZigLean.Conc.Logic (3.7s)
✔ [80/95] Built Air2Lean.Diagnose (1.8s)
✔ [81/95] Built Air2Lean.Diagnose:c.o (1.2s)
✔ [82/95] Built ZigLean.Conc.Progress (423ms)
✔ [83/95] Built ZigLean.Conc.Total (745ms)
⚠ [84/95] Built ZigLean.Mem.Lemmas (16s)
warning: ZigLean/Mem/Lemmas.lean:622:8: This simp argument is unused:
  h

Hint: Omit it from the simp argument list.
  [apply] simp [hm, errOfBytes_errBytes, bind, pure, ExceptT.bind, ExceptT.pure, ExceptT.mk, ExceptT.bindCont]

Note: This linter can be disabled with `set_option linter.unusedSimpArgs false`
warning: ZigLean/Mem/Lemmas.lean:642:10: This simp argument is unused:
  h x rfl

Hint: Omit it from the simp argument list.
  [apply] simp [hm, errOfBytes_errBytes, bind, pure, ExceptT.bind, ExceptT.pure, ExceptT.mk, ExceptT.bindCont]

Note: This linter can be disabled with `set_option linter.unusedSimpArgs false`
warning: ZigLean/Mem/Lemmas.lean:649:55: This simp argument is unused:
  e.property

Hint: Omit it from the simp argument list.
  [apply] simp [Enc.encode, Enc.decode, errOfBytes_errBytes, hm, bind, pure, ExceptT.bind, ExceptT.pure, ExceptT.mk,
    ExceptT.bindCont]

Note: This linter can be disabled with `set_option linter.unusedSimpArgs false`
warning: ZigLean/Mem/Lemmas.lean:660:57: This simp argument is unused:
  x.property

Hint: Omit it from the simp argument list.
  [apply] simp [Enc.encode, Enc.decode, errOfBytes_errBytes, hm, bind, pure, ExceptT.bind, ExceptT.pure, ExceptT.mk,
    ExceptT.bindCont]

Note: This linter can be disabled with `set_option linter.unusedSimpArgs false`
✔ [85/95] Built Air2Lean.Emit (9.6s)
✔ [86/95] Built Air2Lean.Check:c.o (12s)
✔ [87/95] Built Air2Lean.Main (2.4s)
✔ [88/95] Built Air2Lean.Main:c.o (1.2s)
⚠ [89/95] Built ZigLean.Conc.Lemmas (4.3s)
warning: ZigLean/Conc/Lemmas.lean:1509:61: This simp argument is unused:
  Option.bind_some

Hint: Omit it from the simp argument list.
  [apply] simp only [casMarkWrite, zig_unfold, ha, ExceptT.bindCont]

Note: This linter can be disabled with `set_option linter.unusedSimpArgs false`
✔ [90/95] Built ZigLean.Conc.WeakCas (442ms)
✔ [91/95] Built ZigLean.Conc (252ms)
✔ [92/95] Built ZigLean (313ms)
✔ [94/95] Built Air2Lean.Emit:c.o (9.5s)
✔ [95/95] Built air2lean:exe (594ms)
Build completed successfully (95 jobs).
##[group]Run python3 -I -B tests/roadmap/perf-budgets/timing_cli.py --air2lean "$PWD/.lake/build/bin/air2lean"
[36;1mpython3 -I -B tests/roadmap/perf-budgets/timing_cli.py --air2lean "$PWD/.lake/build/bin/air2lean"[0m
shell: /usr/bin/bash -e {0}
env:
  AIR2LEAN_EXAMPLES: 
##[endgroup]
basic: identical output, matches Proofs/Basic/Gen.lean, 8 functions, 4.1 ms
slices: identical output, matches tests/golden/0.15.2/slices/Gen.lean, 22 functions, 12.2 ms
layout: identical output, matches Proofs/Layout/Gen.lean, 51 functions, 19.7 ms
vectors: identical output, matches Proofs/Vectors/Gen.lean, 31 functions, 6.2 ms
variants: identical output, matches Proofs/Variants/Gen.lean, 12 functions, 6.2 ms
floatops: identical output, matches tests/golden/0.15.2/floatops/Gen.lean, 7 functions, 11.6 ms
threadsync: identical output, matches tests/golden/0.15.2/threadsync/Gen-darwin.lean, 28 functions, 32.1 ms
timing CLI: ok
##[group]Run python3 -I -B tests/roadmap/stable-generation/test_cli.py "$PWD/.lake/build/bin/air2lean"
[36;1mpython3 -I -B tests/roadmap/stable-generation/test_cli.py "$PWD/.lake/build/bin/air2lean"[0m
shell: /usr/bin/bash -e {0}
env:
  AIR2LEAN_EXAMPLES: 
##[endgroup]
stable-generation translator checks passed
##[group]Run bash scripts/check-export-names.sh
[36;1mbash scripts/check-export-names.sh[0m
shell: /usr/bin/bash -e {0}
env:
  AIR2LEAN_EXAMPLES: 
  AIR2LEAN_ZIG_AIR: /home/runner/work/air2lean/air2lean/zig-air-0.17.0/bin/zig
##[endgroup]
checked 10 full identities, 7 hash filenames
combined anonymous-name and ordering API passed
emission order CLI passed: 9 positive invocations, 1 preserved first-error rejection
seed-reexport: ~air2lean-sha256-752419cb8e88cd2a7af75923e5ce2f922ff8227882af7019a4a6cd5b7036657f.json
checked 10 full identities, 7 hash filenames
seed-collision: ~air2lean-sha256-752419cb8e88cd2a7af75923e5ce2f922ff8227882af7019a4a6cd5b7036657f.json
collision preserved; all independent siblings retained
export filename qualification passed
##[group]Run set -euo pipefail
[36;1mset -euo pipefail[0m
[36;1mmkdir -p "$RUNNER_TEMP/proof-tools"[0m
[36;1mlake build ZigLean.Sep.Automation ZigLean.Sep.Total ZigLean.Sep.Cost ZigLean.Sep.Array ZigLean.Sep.Array.Reassemble Proofs.Slices.Gen 2>&1 | tee "$RUNNER_TEMP/proof-tools/build.log"[0m
shell: /usr/bin/bash -e {0}
env:
  AIR2LEAN_EXAMPLES: 
##[endgroup]
⚠ [6/57] Replayed ZigLean.Mem.Enc
warning: ZigLean/Mem/Enc.lean:183:0: Definition `Zig.errorEnc` of class type is semireducible. Most type class instances should be instance-reducible, so consider marking this
definition with `@[instance_reducible]`. If it is intentionally semireducible, this warning can be disabled with `set_option warn.classDefReducibility false`.
warning: ZigLean/Mem/Enc.lean:194:0: Definition `Zig.optionalErrorEnc` of class type is semireducible. Most type class instances should be instance-reducible, so consider marking this
definition with `@[instance_reducible]`. If it is intentionally semireducible, this warning can be disabled with `set_option warn.classDefReducibility false`.
warning: ZigLean/Mem/Enc.lean:226:0: Definition `Zig.Enc.optionWith` of class type is semireducible. Most type class instances should be instance-reducible, so consider marking this
definition with `@[instance_reducible]`. If it is intentionally semireducible, this warning can be disabled with `set_option warn.classDefReducibility false`.
warning: ZigLean/Mem/Enc.lean:231:0: Definition `Zig.Enc.vectorWith` of class type is semireducible. Most type class instances should be instance-reducible, so consider marking this
definition with `@[instance_reducible]`. If it is intentionally semireducible, this warning can be disabled with `set_option warn.classDefReducibility false`.
warning: ZigLean/Mem/Enc.lean:262:0: Definition `Zig.Enc.errorUnionWith` of class type is semireducible. Most type class instances should be instance-reducible, so consider marking this
definition with `@[instance_reducible]`. If it is intentionally semireducible, this warning can be disabled with `set_option warn.classDefReducibility false`.
warning: ZigLean/Mem/Enc.lean:267:0: Definition `Zig.errorUnionEnc` of class type is semireducible. Most type class instances should be instance-reducible, so consider marking this
definition with `@[instance_reducible]`. If it is intentionally semireducible, this warning can be disabled with `set_option warn.classDefReducibility false`.
⚠ [11/57] Replayed ZigLean.Mem.Lemmas
warning: ZigLean/Mem/Lemmas.lean:622:8: This simp argument is unused:
  h

Hint: Omit it from the simp argument list.
  [apply] simp [hm, errOfBytes_errBytes, bind, pure, ExceptT.bind, ExceptT.pure, ExceptT.mk, ExceptT.bindCont]

Note: This linter can be disabled with `set_option linter.unusedSimpArgs false`
warning: ZigLean/Mem/Lemmas.lean:642:10: This simp argument is unused:
  h x rfl

Hint: Omit it from the simp argument list.
  [apply] simp [hm, errOfBytes_errBytes, bind, pure, ExceptT.bind, ExceptT.pure, ExceptT.mk, ExceptT.bindCont]

Note: This linter can be disabled with `set_option linter.unusedSimpArgs false`
warning: ZigLean/Mem/Lemmas.lean:649:55: This simp argument is unused:
  e.property

Hint: Omit it from the simp argument list.
  [apply] simp [Enc.encode, Enc.decode, errOfBytes_errBytes, hm, bind, pure, ExceptT.bind, ExceptT.pure, ExceptT.mk,
    ExceptT.bindCont]

Note: This linter can be disabled with `set_option linter.unusedSimpArgs false`
warning: ZigLean/Mem/Lemmas.lean:660:57: This simp argument is unused:
  x.property

Hint: Omit it from the simp argument list.
  [apply] simp [Enc.encode, Enc.decode, errOfBytes_errBytes, hm, bind, pure, ExceptT.bind, ExceptT.pure, ExceptT.mk,
    ExceptT.bindCont]

Note: This linter can be disabled with `set_option linter.unusedSimpArgs false`
⚠ [16/57] Replayed ZigLean.Permutation
warning: ZigLean/Permutation.lean:35:52: `dif_pos` has been deprecated: Use `dite_eq_left` instead
⚠ [18/57] Replayed ZigLean.Mem.Thread
warning: ZigLean/Mem/Thread.lean:172:24: Variable name `ord` is not explicitly referenced.

Hint: The binding can be removed (if unused) or named `_` (if used implicitly). Alternatively, prefix the name with `_` to silence this warning:
  [apply] _ord

Note: This linter can be disabled with `set_option linter.unusedVariables false`
warning: ZigLean/Mem/Thread.lean:193:25: Variable name `ord` is not explicitly referenced.

Hint: The binding can be removed (if unused) or named `_` (if used implicitly). Alternatively, prefix the name with `_` to silence this warning:
  [apply] _ord

Note: This linter can be disabled with `set_option linter.unusedVariables false`
warning: ZigLean/Mem/Thread.lean:293:24: Variable name `succ` is not explicitly referenced.

Hint: The binding can be removed (if unused) or named `_` (if used implicitly). Alternatively, prefix the name with `_` to silence this warning:
  [apply] _succ

Note: This linter can be disabled with `set_option linter.unusedVariables false`
warning: ZigLean/Mem/Thread.lean:346:28: Variable name `succ` is not explicitly referenced.

Hint: The binding can be removed (if unused) or named `_` (if used implicitly). Alternatively, prefix the name with `_` to silence this warning:
  [apply] _succ

Note: This linter can be disabled with `set_option linter.unusedVariables false`
⚠ [21/57] Replayed ZigLean.Conc.Spawn
warning: ZigLean/Conc/Spawn.lean:123:38: `if_pos` has been deprecated: Use `ite_eq_left` instead
warning: ZigLean/Conc/Spawn.lean:126:38: `if_neg` has been deprecated: Use `ite_eq_right` instead
⚠ [26/57] Replayed ZigLean.Conc.Lemmas
warning: ZigLean/Conc/Lemmas.lean:1509:61: This simp argument is unused:
  Option.bind_some

Hint: Omit it from the simp argument list.
  [apply] simp only [casMarkWrite, zig_unfold, ha, ExceptT.bindCont]

Note: This linter can be disabled with `set_option linter.unusedSimpArgs false`
⚠ [36/57] Replayed ZigLean.Mem.Null
warning: ZigLean/Mem/Null.lean:32:0: Definition `Zig.nullablePtrEnc` of class type is semireducible. Most type class instances should be instance-reducible, so consider marking this
definition with `@[instance_reducible]`. If it is intentionally semireducible, this warning can be disabled with `set_option warn.classDefReducibility false`.
⚠ [37/57] Replayed ZigLean.Mem.ErrWidth
warning: ZigLean/Mem/ErrWidth.lean:69:0: Definition `Zig.errorEncW` of class type is semireducible. Most type class instances should be instance-reducible, so consider marking this
definition with `@[instance_reducible]`. If it is intentionally semireducible, this warning can be disabled with `set_option warn.classDefReducibility false`.
warning: ZigLean/Mem/ErrWidth.lean:80:0: Definition `Zig.optionalErrorEncW` of class type is semireducible. Most type class instances should be instance-reducible, so consider marking this
definition with `@[instance_reducible]`. If it is intentionally semireducible, this warning can be disabled with `set_option warn.classDefReducibility false`.
warning: ZigLean/Mem/ErrWidth.lean:117:0: Definition `Zig.Enc.errorUnionWithW` of class type is semireducible. Most type class instances should be instance-reducible, so consider marking this
definition with `@[instance_reducible]`. If it is intentionally semireducible, this warning can be disabled with `set_option warn.classDefReducibility false`.
warning: ZigLean/Mem/ErrWidth.lean:134:0: Definition `Zig.errorUnionEncW` of class type is semireducible. Most type class instances should be instance-reducible, so consider marking this
definition with `@[instance_reducible]`. If it is intentionally semireducible, this warning can be disabled with `set_option warn.classDefReducibility false`.
✔ [46/57] Built ZigLean.Sep.Heap (627ms)
⚠ [47/57] Built ZigLean.Sep.Assert (1.2s)
warning: ZigLean/Sep/Assert.lean:101:10: `if_neg` has been deprecated: Use `ite_eq_right` instead
warning: ZigLean/Sep/Assert.lean:102:16: `if_neg` has been deprecated: Use `ite_eq_right` instead
warning: ZigLean/Sep/Assert.lean:106:10: `if_pos` has been deprecated: Use `ite_eq_left` instead
warning: ZigLean/Sep/Assert.lean:106:21: `if_neg` has been deprecated: Use `ite_eq_right` instead
warning: ZigLean/Sep/Assert.lean:107:10: `if_neg` has been deprecated: Use `ite_eq_right` instead
warning: ZigLean/Sep/Assert.lean:109:12: `if_pos` has been deprecated: Use `ite_eq_left` instead
warning: ZigLean/Sep/Assert.lean:115:12: `if_neg` has been deprecated: Use `ite_eq_right` instead
warning: ZigLean/Sep/Assert.lean:115:27: `if_neg` has been deprecated: Use `ite_eq_right` instead
warning: ZigLean/Sep/Assert.lean:120:10: `if_pos` has been deprecated: Use `ite_eq_left` instead
warning: ZigLean/Sep/Assert.lean:120:21: `if_pos` has been deprecated: Use `ite_eq_left` instead
warning: ZigLean/Sep/Assert.lean:120:36: `if_pos` has been deprecated: Use `ite_eq_left` instead
warning: ZigLean/Sep/Assert.lean:122:10: `if_neg` has been deprecated: Use `ite_eq_right` instead
warning: ZigLean/Sep/Assert.lean:122:21: `if_neg` has been deprecated: Use `ite_eq_right` instead
warning: ZigLean/Sep/Assert.lean:127:10: `if_pos` has been deprecated: Use `ite_eq_left` instead
warning: ZigLean/Sep/Assert.lean:127:21: `if_pos` has been deprecated: Use `ite_eq_left` instead
warning: ZigLean/Sep/Assert.lean:127:58: `if_pos` has been deprecated: Use `ite_eq_left` instead
warning: ZigLean/Sep/Assert.lean:132:10: `if_neg` has been deprecated: Use `ite_eq_right` instead
warning: ZigLean/Sep/Assert.lean:132:21: `if_neg` has been deprecated: Use `ite_eq_right` instead
✔ [48/57] Built Proofs.Slices.Gen (2.3s)
✔ [49/57] Built ZigLean.Sep.Triple (995ms)
✔ [50/57] Built ZigLean.Sep.Loop (543ms)
✔ [51/57] Built ZigLean.Sep.Block (719ms)
✔ [52/57] Built ZigLean.Sep.Total (485ms)
✔ [53/57] Built ZigLean.Sep.Automation (1.2s)
✔ [54/57] Built ZigLean.Sep.Alloc (630ms)
✔ [55/57] Built ZigLean.Sep.Cost (749ms)
✔ [56/57] Built ZigLean.Sep.Array (1.0s)
⚠ [57/57] Built ZigLean.Sep.Array.Reassemble (958ms)
warning: ZigLean/Sep/Array/Reassemble.lean:47:8: `if_neg` has been deprecated: Use `ite_eq_right` instead
warning: ZigLean/Sep/Array/Reassemble.lean:47:21: `if_neg` has been deprecated: Use `ite_eq_right` instead
warning: ZigLean/Sep/Array/Reassemble.lean:68:8: `if_pos` has been deprecated: Use `ite_eq_left` instead
warning: ZigLean/Sep/Array/Reassemble.lean:68:22: `if_pos` has been deprecated: Use `ite_eq_left` instead
warning: ZigLean/Sep/Array/Reassemble.lean:71:8: `if_neg` has been deprecated: Use `ite_eq_right` instead
warning: ZigLean/Sep/Array/Reassemble.lean:77:10: `if_pos` has been deprecated: Use `ite_eq_left` instead
warning: ZigLean/Sep/Array/Reassemble.lean:77:25: `if_pos` has been deprecated: Use `ite_eq_left` instead
warning: ZigLean/Sep/Array/Reassemble.lean:88:10: `if_neg` has been deprecated: Use `ite_eq_right` instead
warning: ZigLean/Sep/Array/Reassemble.lean:88:25: `if_neg` has been deprecated: Use `ite_eq_right` instead
Build completed successfully (57 jobs).
##[group]Run set -euo pipefail
[36;1mset -euo pipefail[0m
[36;1mlake env lean tests/roadmap/proof-tools/Normalize.lean 2>&1 | tee "$RUNNER_TEMP/proof-tools/Normalize.log"[0m
shell: /usr/bin/bash -e {0}
env:
  AIR2LEAN_EXAMPLES: 
##[endgroup]
tests/roadmap/proof-tools/Normalize.lean:27:36: warning: Variable name `rule` is not explicitly referenced.

Hint: The binding can be removed (if unused) or named `_` (if used implicitly). Alternatively, prefix the name with `_` to silence this warning:
  [apply] _rule

Note: This linter can be disabled with `set_option linter.unusedVariables false`
tests/roadmap/proof-tools/Normalize.lean:54:5: warning: Variable name `rule` is not explicitly referenced.

Hint: The binding can be removed (if unused) or named `_` (if used implicitly). Alternatively, prefix the name with `_` to silence this warning:
  [apply] _rule

Note: This linter can be disabled with `set_option linter.unusedVariables false`
tests/roadmap/proof-tools/Normalize.lean:65:11: warning: Variable name `R` is not explicitly referenced.

Hint: The binding can be removed (if unused) or named `_` (if used implicitly). Alternatively, prefix the name with `_` to silence this warning:
  [apply] _R

Note: This linter can be disabled with `set_option linter.unusedVariables false`
tests/roadmap/proof-tools/Normalize.lean:65:38: warning: Variable name `rule` is not explicitly referenced.

Hint: The binding can be removed (if unused) or named `_` (if used implicitly). Alternatively, prefix the name with `_` to silence this warning:
  [apply] _rule

Note: This linter can be disabled with `set_option linter.unusedVariables false`
tests/roadmap/proof-tools/Normalize.lean:71:22: warning: Variable name `d` is not explicitly referenced.

Hint: The binding can be removed (if unused) or named `_` (if used implicitly). Alternatively, prefix the name with `_` to silence this warning:
  [apply] _d

Note: This linter can be disabled with `set_option linter.unusedVariables false`
tests/roadmap/proof-tools/Normalize.lean:71:38: warning: Variable name `rule` is not explicitly referenced.

Hint: The binding can be removed (if unused) or named `_` (if used implicitly). Alternatively, prefix the name with `_` to silence this warning:
  [apply] _rule

Note: This linter can be disabled with `set_option linter.unusedVariables false`
tests/roadmap/proof-tools/Normalize.lean:77:9: warning: Variable name `P` is not explicitly referenced.

Hint: The binding can be removed (if unused) or named `_` (if used implicitly). Alternatively, prefix the name with `_` to silence this warning:
  [apply] _P

Note: This linter can be disabled with `set_option linter.unusedVariables false`
tests/roadmap/proof-tools/Normalize.lean:77:20: warning: Variable name `c` is not explicitly referenced.

Hint: The binding can be removed (if unused) or named `_` (if used implicitly). Alternatively, prefix the name with `_` to silence this warning:
  [apply] _c

Note: This linter can be disabled with `set_option linter.unusedVariables false`
tests/roadmap/proof-tools/Normalize.lean:89:23: warning: Variable name `e₂` is not explicitly referenced.

Hint: The binding can be removed (if unused) or named `_` (if used implicitly). Alternatively, prefix the name with `_` to silence this warning:
  [apply] _e₂

Note: This linter can be disabled with `set_option linter.unusedVariables false`
tests/roadmap/proof-tools/Normalize.lean:90:5: warning: Variable name `rule` is not explicitly referenced.

Hint: The binding can be removed (if unused) or named `_` (if used implicitly). Alternatively, prefix the name with `_` to silence this warning:
  [apply] _rule

Note: This linter can be disabled with `set_option linter.unusedVariables false`
##[group]Run set -euo pipefail
[36;1mset -euo pipefail[0m
[36;1mlake env lean tests/roadmap/proof-tools/Clients.lean 2>&1 | tee "$RUNNER_TEMP/proof-tools/Clients.log"[0m
shell: /usr/bin/bash -e {0}
env:
  AIR2LEAN_EXAMPLES: 
##[endgroup]
##[group]Run set -euo pipefail
[36;1mset -euo pipefail[0m
[36;1mlake env lean tests/roadmap/proof-tools/Array.lean 2>&1 | tee "$RUNNER_TEMP/proof-tools/Array.log"[0m
shell: /usr/bin/bash -e {0}
env:
  AIR2LEAN_EXAMPLES: 
##[endgroup]
tests/roadmap/proof-tools/Array.lean:60:46: warning: Variable name `hp` is not explicitly referenced.

Hint: The binding can be removed (if unused) or named `_` (if used implicitly). Alternatively, prefix the name with `_` to silence this warning:
  [apply] _hp

Note: This linter can be disabled with `set_option linter.unusedVariables false`
tests/roadmap/proof-tools/Array.lean:67:30: warning: Variable name `hp` is not explicitly referenced.

Hint: The binding can be removed (if unused) or named `_` (if used implicitly). Alternatively, prefix the name with `_` to silence this warning:
  [apply] _hp

Note: This linter can be disabled with `set_option linter.unusedVariables false`
tests/roadmap/proof-tools/Array.lean:69:58: warning: This simp argument is unused:
  List.length_cons

Hint: Omit it from the simp argument list.
  [apply] simp only [List.length_nil]

Note: This linter can be disabled with `set_option linter.unusedSimpArgs false`
tests/roadmap/proof-tools/Array.lean:87:19: warning: Variable name `x` is not explicitly referenced.

Hint: The binding can be removed (if unused) or named `_` (if used implicitly). Alternatively, prefix the name with `_` to silence this warning:
  [apply] _x

Note: This linter can be disabled with `set_option linter.unusedVariables false`
tests/roadmap/proof-tools/Array.lean:88:5: warning: Variable name `rule` is not explicitly referenced.

Hint: The binding can be removed (if unused) or named `_` (if used implicitly). Alternatively, prefix the name with `_` to silence this warning:
  [apply] _rule

Note: This linter can be disabled with `set_option linter.unusedVariables false`
tests/roadmap/proof-tools/Array.lean:95:9: warning: Variable name `p` is not explicitly referenced.

Hint: The binding can be removed (if unused) or named `_` (if used implicitly). Alternatively, prefix the name with `_` to silence this warning:
  [apply] _p

Note: This linter can be disabled with `set_option linter.unusedVariables false`
tests/roadmap/proof-tools/Array.lean:95:11: warning: Variable name `q` is not explicitly referenced.

Hint: The binding can be removed (if unused) or named `_` (if used implicitly). Alternatively, prefix the name with `_` to silence this warning:
  [apply] _q

Note: This linter can be disabled with `set_option linter.unusedVariables false`
tests/roadmap/proof-tools/Array.lean:95:21: warning: Variable name `x` is not explicitly referenced.

Hint: The binding can be removed (if unused) or named `_` (if used implicitly). Alternatively, prefix the name with `_` to silence this warning:
  [apply] _x

Note: This linter can be disabled with `set_option linter.unusedVariables false`
tests/roadmap/proof-tools/Array.lean:95:23: warning: Variable name `y` is not explicitly referenced.

Hint: The binding can be removed (if unused) or named `_` (if used implicitly). Alternatively, prefix the name with `_` to silence this warning:
  [apply] _y

Note: This linter can be disabled with `set_option linter.unusedVariables false`
tests/roadmap/proof-tools/Array.lean:95:25: warning: Variable name `z` is not explicitly referenced.

Hint: The binding can be removed (if unused) or named `_` (if used implicitly). Alternatively, prefix the name with `_` to silence this warning:
  [apply] _z

Note: This linter can be disabled with `set_option linter.unusedVariables false`
tests/roadmap/proof-tools/Array.lean:95:27: warning: Variable name `w` is not explicitly referenced.

Hint: The binding can be removed (if unused) or named `_` (if used implicitly). Alternatively, prefix the name with `_` to silence this warning:
  [apply] _w

Note: This linter can be disabled with `set_option linter.unusedVariables false`
tests/roadmap/proof-tools/Array.lean:95:43: warning: Variable name `A` is not explicitly referenced.

Hint: The binding can be removed (if unused) or named `_` (if used implicitly). Alternatively, prefix the name with `_` to silence this warning:
  [apply] _A

Note: This linter can be disabled with `set_option linter.unusedVariables false`
tests/roadmap/proof-tools/Array.lean:95:45: warning: Variable name `S` is not explicitly referenced.

Hint: The binding can be removed (if unused) or named `_` (if used implicitly). Alternatively, prefix the name with `_` to silence this warning:
  [apply] _S

Note: This linter can be disabled with `set_option linter.unusedVariables false`
tests/roadmap/proof-tools/Array.lean:95:55: warning: Variable name `other` is not explicitly referenced.

Hint: The binding can be removed (if unused) or named `_` (if used implicitly). Alternatively, prefix the name with `_` to silence this warning:
  [apply] _other

Note: This linter can be disabled with `set_option linter.unusedVariables false`
tests/roadmap/proof-tools/Array.lean:107:9: warning: Variable name `p` is not explicitly referenced.

Hint: The binding can be removed (if unused) or named `_` (if used implicitly). Alternatively, prefix the name with `_` to silence this warning:
  [apply] _p

Note: This linter can be disabled with `set_option linter.unusedVariables false`
tests/roadmap/proof-tools/Array.lean:107:11: warning: Variable name `q` is not explicitly referenced.

Hint: The binding can be removed (if unused) or named `_` (if used implicitly). Alternatively, prefix the name with `_` to silence this warning:
  [apply] _q

Note: This linter can be disabled with `set_option linter.unusedVariables false`
tests/roadmap/proof-tools/Array.lean:107:21: warning: Variable name `x` is not explicitly referenced.

Hint: The binding can be removed (if unused) or named `_` (if used implicitly). Alternatively, prefix the name with `_` to silence this warning:
  [apply] _x

Note: This linter can be disabled with `set_option linter.unusedVariables false`
tests/roadmap/proof-tools/Array.lean:107:23: warning: Variable name `y` is not explicitly referenced.

Hint: The binding can be removed (if unused) or named `_` (if used implicitly). Alternatively, prefix the name with `_` to silence this warning:
  [apply] _y

Note: This linter can be disabled with `set_option linter.unusedVariables false`
tests/roadmap/proof-tools/Array.lean:107:25: warning: Variable name `z` is not explicitly referenced.

Hint: The binding can be removed (if unused) or named `_` (if used implicitly). Alternatively, prefix the name with `_` to silence this warning:
  [apply] _z

Note: This linter can be disabled with `set_option linter.unusedVariables false`
tests/roadmap/proof-tools/Array.lean:107:27: warning: Variable name `w` is not explicitly referenced.

Hint: The binding can be removed (if unused) or named `_` (if used implicitly). Alternatively, prefix the name with `_` to silence this warning:
  [apply] _w

Note: This linter can be disabled with `set_option linter.unusedVariables false`
tests/roadmap/proof-tools/Array.lean:107:43: warning: Variable name `A` is not explicitly referenced.

Hint: The binding can be removed (if unused) or named `_` (if used implicitly). Alternatively, prefix the name with `_` to silence this warning:
  [apply] _A

Note: This linter can be disabled with `set_option linter.unusedVariables false`
tests/roadmap/proof-tools/Array.lean:107:45: warning: Variable name `S` is not explicitly referenced.

Hint: The binding can be removed (if unused) or named `_` (if used implicitly). Alternatively, prefix the name with `_` to silence this warning:
  [apply] _S

Note: This linter can be disabled with `set_option linter.unusedVariables false`
tests/roadmap/proof-tools/Array.lean:107:55: warning: Variable name `other` is not explicitly referenced.

Hint: The binding can be removed (if unused) or named `_` (if used implicitly). Alternatively, prefix the name with `_` to silence this warning:
  [apply] _other

Note: This linter can be disabled with `set_option linter.unusedVariables false`
##[group]Run set -euo pipefail
[36;1mset -euo pipefail[0m
[36;1mlake env lean tests/roadmap/proof-tools/Reassemble.lean 2>&1 | tee "$RUNNER_TEMP/proof-tools/Reassemble.log"[0m
[36;1mlake env lean tests/roadmap/proof-tools/ArrayClients.lean 2>&1 | tee "$RUNNER_TEMP/proof-tools/ArrayClients.log"[0m
shell: /usr/bin/bash -e {0}
env:
  AIR2LEAN_EXAMPLES: 
##[endgroup]
tests/roadmap/proof-tools/Reassemble.lean:89:5: warning: Variable name `hp` is not explicitly referenced.

Hint: The binding can be removed (if unused) or named `_` (if used implicitly). Alternatively, prefix the name with `_` to silence this warning:
  [apply] _hp

Note: This linter can be disabled with `set_option linter.unusedVariables false`
tests/roadmap/proof-tools/Reassemble.lean:96:5: warning: Variable name `hp` is not explicitly referenced.

Hint: The binding can be removed (if unused) or named `_` (if used implicitly). Alternatively, prefix the name with `_` to silence this warning:
  [apply] _hp

Note: This linter can be disabled with `set_option linter.unusedVariables false`
tests/roadmap/proof-tools/Reassemble.lean:97:5: warning: Variable name `hm` is not explicitly referenced.

Hint: The binding can be removed (if unused) or named `_` (if used implicitly). Alternatively, prefix the name with `_` to silence this warning:
  [apply] _hm

Note: This linter can be disabled with `set_option linter.unusedVariables false`
tests/roadmap/proof-tools/ArrayClients.lean:66:20: warning: Local variable 'unit' resembles constructor 'PUnit.unit' - write '.unit' (with a dot) or 'PUnit.unit' to use the constructor.

Note: This linter can be disabled with `set_option linter.constructorNameAsVariable false`
##[group]Run set -euo pipefail
[36;1mset -euo pipefail[0m
[36;1mlake env lean tests/roadmap/proof-tools/Total.lean 2>&1 | tee "$RUNNER_TEMP/proof-tools/Total.log"[0m
shell: /usr/bin/bash -e {0}
env:
  AIR2LEAN_EXAMPLES: 
##[endgroup]
##[group]Run set -euo pipefail
[36;1mset -euo pipefail[0m
[36;1mmkdir -p "$RUNNER_TEMP/loop-tactics"[0m
[36;1mlake build ZigLean.Sep.LoopTemplate ZigLean.Range Proofs.Lists.Sep 2>&1 | tee "$RUNNER_TEMP/loop-tactics/build.log"[0m
[36;1mlake env lean tests/roadmap/loop-tactics/Template.lean 2>&1 | tee "$RUNNER_TEMP/loop-tactics/Template.log"[0m
[36;1mlake env lean tests/roadmap/loop-tactics/Queue.lean 2>&1 | tee "$RUNNER_TEMP/loop-tactics/Queue.log"[0m
shell: /usr/bin/bash -e {0}
env:
  AIR2LEAN_EXAMPLES: 
##[endgroup]
⚠ [5/57] Replayed ZigLean.Mem.Enc
warning: ZigLean/Mem/Enc.lean:183:0: Definition `Zig.errorEnc` of class type is semireducible. Most type class instances should be instance-reducible, so consider marking this
definition with `@[instance_reducible]`. If it is intentionally semireducible, this warning can be disabled with `set_option warn.classDefReducibility false`.
warning: ZigLean/Mem/Enc.lean:194:0: Definition `Zig.optionalErrorEnc` of class type is semireducible. Most type class instances should be instance-reducible, so consider marking this
definition with `@[instance_reducible]`. If it is intentionally semireducible, this warning can be disabled with `set_option warn.classDefReducibility false`.
warning: ZigLean/Mem/Enc.lean:226:0: Definition `Zig.Enc.optionWith` of class type is semireducible. Most type class instances should be instance-reducible, so consider marking this
definition with `@[instance_reducible]`. If it is intentionally semireducible, this warning can be disabled with `set_option warn.classDefReducibility false`.
warning: ZigLean/Mem/Enc.lean:231:0: Definition `Zig.Enc.vectorWith` of class type is semireducible. Most type class instances should be instance-reducible, so consider marking this
definition with `@[instance_reducible]`. If it is intentionally semireducible, this warning can be disabled with `set_option warn.classDefReducibility false`.
warning: ZigLean/Mem/Enc.lean:262:0: Definition `Zig.Enc.errorUnionWith` of class type is semireducible. Most type class instances should be instance-reducible, so consider marking this
definition with `@[instance_reducible]`. If it is intentionally semireducible, this warning can be disabled with `set_option warn.classDefReducibility false`.
warning: ZigLean/Mem/Enc.lean:267:0: Definition `Zig.errorUnionEnc` of class type is semireducible. Most type class instances should be instance-reducible, so consider marking this
definition with `@[instance_reducible]`. If it is intentionally semireducible, this warning can be disabled with `set_option warn.classDefReducibility false`.
⚠ [10/57] Replayed ZigLean.Mem.Lemmas
warning: ZigLean/Mem/Lemmas.lean:622:8: This simp argument is unused:
  h

Hint: Omit it from the simp argument list.
  [apply] simp [hm, errOfBytes_errBytes, bind, pure, ExceptT.bind, ExceptT.pure, ExceptT.mk, ExceptT.bindCont]

Note: This linter can be disabled with `set_option linter.unusedSimpArgs false`
warning: ZigLean/Mem/Lemmas.lean:642:10: This simp argument is unused:
  h x rfl

Hint: Omit it from the simp argument list.
  [apply] simp [hm, errOfBytes_errBytes, bind, pure, ExceptT.bind, ExceptT.pure, ExceptT.mk, ExceptT.bindCont]

Note: This linter can be disabled with `set_option linter.unusedSimpArgs false`
warning: ZigLean/Mem/Lemmas.lean:649:55: This simp argument is unused:
  e.property

Hint: Omit it from the simp argument list.
  [apply] simp [Enc.encode, Enc.decode, errOfBytes_errBytes, hm, bind, pure, ExceptT.bind, ExceptT.pure, ExceptT.mk,
    ExceptT.bindCont]

Note: This linter can be disabled with `set_option linter.unusedSimpArgs false`
warning: ZigLean/Mem/Lemmas.lean:660:57: This simp argument is unused:
  x.property

Hint: Omit it from the simp argument list.
  [apply] simp [Enc.encode, Enc.decode, errOfBytes_errBytes, hm, bind, pure, ExceptT.bind, ExceptT.pure, ExceptT.mk,
    ExceptT.bindCont]

Note: This linter can be disabled with `set_option linter.unusedSimpArgs false`
⚠ [12/57] Replayed ZigLean.Sep.Assert
warning: ZigLean/Sep/Assert.lean:101:10: `if_neg` has been deprecated: Use `ite_eq_right` instead
warning: ZigLean/Sep/Assert.lean:102:16: `if_neg` has been deprecated: Use `ite_eq_right` instead
warning: ZigLean/Sep/Assert.lean:106:10: `if_pos` has been deprecated: Use `ite_eq_left` instead
warning: ZigLean/Sep/Assert.lean:106:21: `if_neg` has been deprecated: Use `ite_eq_right` instead
warning: ZigLean/Sep/Assert.lean:107:10: `if_neg` has been deprecated: Use `ite_eq_right` instead
warning: ZigLean/Sep/Assert.lean:109:12: `if_pos` has been deprecated: Use `ite_eq_left` instead
warning: ZigLean/Sep/Assert.lean:115:12: `if_neg` has been deprecated: Use `ite_eq_right` instead
warning: ZigLean/Sep/Assert.lean:115:27: `if_neg` has been deprecated: Use `ite_eq_right` instead
warning: ZigLean/Sep/Assert.lean:120:10: `if_pos` has been deprecated: Use `ite_eq_left` instead
warning: ZigLean/Sep/Assert.lean:120:21: `if_pos` has been deprecated: Use `ite_eq_left` instead
warning: ZigLean/Sep/Assert.lean:120:36: `if_pos` has been deprecated: Use `ite_eq_left` instead
warning: ZigLean/Sep/Assert.lean:122:10: `if_neg` has been deprecated: Use `ite_eq_right` instead
warning: ZigLean/Sep/Assert.lean:122:21: `if_neg` has been deprecated: Use `ite_eq_right` instead
warning: ZigLean/Sep/Assert.lean:127:10: `if_pos` has been deprecated: Use `ite_eq_left` instead
warning: ZigLean/Sep/Assert.lean:127:21: `if_pos` has been deprecated: Use `ite_eq_left` instead
warning: ZigLean/Sep/Assert.lean:127:58: `if_pos` has been deprecated: Use `ite_eq_left` instead
warning: ZigLean/Sep/Assert.lean:132:10: `if_neg` has been deprecated: Use `ite_eq_right` instead
warning: ZigLean/Sep/Assert.lean:132:21: `if_neg` has been deprecated: Use `ite_eq_right` instead
⚠ [20/57] Replayed ZigLean.Permutation
warning: ZigLean/Permutation.lean:35:52: `dif_pos` has been deprecated: Use `dite_eq_left` instead
⚠ [22/57] Replayed ZigLean.Mem.Thread
warning: ZigLean/Mem/Thread.lean:172:24: Variable name `ord` is not explicitly referenced.

Hint: The binding can be removed (if unused) or named `_` (if used implicitly). Alternatively, prefix the name with `_` to silence this warning:
  [apply] _ord

Note: This linter can be disabled with `set_option linter.unusedVariables false`
warning: ZigLean/Mem/Thread.lean:193:25: Variable name `ord` is not explicitly referenced.

Hint: The binding can be removed (if unused) or named `_` (if used implicitly). Alternatively, prefix the name with `_` to silence this warning:
  [apply] _ord

Note: This linter can be disabled with `set_option linter.unusedVariables false`
warning: ZigLean/Mem/Thread.lean:293:24: Variable name `succ` is not explicitly referenced.

Hint: The binding can be removed (if unused) or named `_` (if used implicitly). Alternatively, prefix the name with `_` to silence this warning:
  [apply] _succ

Note: This linter can be disabled with `set_option linter.unusedVariables false`
warning: ZigLean/Mem/Thread.lean:346:28: Variable name `succ` is not explicitly referenced.

Hint: The binding can be removed (if unused) or named `_` (if used implicitly). Alternatively, prefix the name with `_` to silence this warning:
  [apply] _succ

Note: This linter can be disabled with `set_option linter.unusedVariables false`
⚠ [25/57] Replayed ZigLean.Conc.Spawn
warning: ZigLean/Conc/Spawn.lean:123:38: `if_pos` has been deprecated: Use `ite_eq_left` instead
warning: ZigLean/Conc/Spawn.lean:126:38: `if_neg` has been deprecated: Use `ite_eq_right` instead
⚠ [30/57] Replayed ZigLean.Conc.Lemmas
warning: ZigLean/Conc/Lemmas.lean:1509:61: This simp argument is unused:
  Option.bind_some

Hint: Omit it from the simp argument list.
  [apply] simp only [casMarkWrite, zig_unfold, ha, ExceptT.bindCont]

Note: This linter can be disabled with `set_option linter.unusedSimpArgs false`
⚠ [39/57] Replayed ZigLean.Mem.Null
warning: ZigLean/Mem/Null.lean:32:0: Definition `Zig.nullablePtrEnc` of class type is semireducible. Most type class instances should be instance-reducible, so consider marking this
definition with `@[instance_reducible]`. If it is intentionally semireducible, this warning can be disabled with `set_option warn.classDefReducibility false`.
⚠ [40/57] Replayed ZigLean.Mem.ErrWidth
warning: ZigLean/Mem/ErrWidth.lean:69:0: Definition `Zig.errorEncW` of class type is semireducible. Most type class instances should be instance-reducible, so consider marking this
definition with `@[instance_reducible]`. If it is intentionally semireducible, this warning can be disabled with `set_option warn.classDefReducibility false`.
warning: ZigLean/Mem/ErrWidth.lean:80:0: Definition `Zig.optionalErrorEncW` of class type is semireducible. Most type class instances should be instance-reducible, so consider marking this
definition with `@[instance_reducible]`. If it is intentionally semireducible, this warning can be disabled with `set_option warn.classDefReducibility false`.
warning: ZigLean/Mem/ErrWidth.lean:117:0: Definition `Zig.Enc.errorUnionWithW` of class type is semireducible. Most type class instances should be instance-reducible, so consider marking this
definition with `@[instance_reducible]`. If it is intentionally semireducible, this warning can be disabled with `set_option warn.classDefReducibility false`.
warning: ZigLean/Mem/ErrWidth.lean:134:0: Definition `Zig.errorUnionEncW` of class type is semireducible. Most type class instances should be instance-reducible, so consider marking this
definition with `@[instance_reducible]`. If it is intentionally semireducible, this warning can be disabled with `set_option warn.classDefReducibility false`.
✔ [52/58] Built ZigLean.Range (557ms)
✔ [53/59] Built ZigLean.Sep.Sentinel (686ms)
✔ [54/59] Built ZigLean.Sep.Discard (405ms)
✔ [55/63] Built ZigLean.Sep.Try (732ms)
✔ [57/66] Built ZigLean.Sep.LoopTemplate (1.4s)
✔ [58/66] Built ZigLean.Sep.Remap (1.2s)
✔ [59/66] Built ZigLean.Sep.TryAlias (1.4s)
✔ [60/66] Built ZigLean.Sep.Owned (1.2s)
⚠ [61/66] Built ZigLean.Sep.SentinelRealloc (1.4s)
warning: ZigLean/Sep/SentinelRealloc.lean:41:8: `if_pos` has been deprecated: Use `ite_eq_left` instead
warning: ZigLean/Sep/SentinelRealloc.lean:41:19: `if_pos` has been deprecated: Use `ite_eq_left` instead
warning: ZigLean/Sep/SentinelRealloc.lean:42:8: `if_neg` has been deprecated: Use `ite_eq_right` instead
warning: ZigLean/Sep/SentinelRealloc.lean:42:19: `if_neg` has been deprecated: Use `ite_eq_right` instead
warning: ZigLean/Sep/SentinelRealloc.lean:147:10: `if_pos` has been deprecated: Use `ite_eq_left` instead
warning: ZigLean/Sep/SentinelRealloc.lean:155:10: `if_neg` has been deprecated: Use `ite_eq_right` instead
warning: ZigLean/Sep/SentinelRealloc.lean:295:4: `if_neg` has been deprecated: Use `ite_eq_right` instead
warning: ZigLean/Sep/SentinelRealloc.lean:303:4: `if_neg` has been deprecated: Use `ite_eq_right` instead
✔ [62/66] Built ZigLean.Sep.ArenaClient (1.2s)
✔ [63/66] Built ZigLean.Sep.RawAlloc (660ms)
✔ [64/66] Built Proofs.Lists.Gen (4.5s)
✔ [65/66] Built ZigLean.Sep (250ms)
✔ [66/66] Built Proofs.Lists.Sep (632ms)
Build completed successfully (66 jobs).
##[group]Run python3 tests/usability/cli.py
[36;1mpython3 tests/usability/cli.py[0m
shell: /usr/bin/bash -e {0}
env:
  AIR2LEAN_EXAMPLES: 
##[endgroup]
First-use CLI diagnostics passed
##[group]Run set -euo pipefail
[36;1mset -euo pipefail[0m
[36;1mlake env lean --run tests/roadmap/zig017/Tags.lean[0m
[36;1mpython3 -B tests/roadmap/zig017/test_cli.py "$PWD/.lake/build/bin/air2lean" --elaborate[0m
shell: /usr/bin/bash -e {0}
env:
  AIR2LEAN_EXAMPLES: 
##[endgroup]
Zig 0.17.0 tag and divCeil regressions passed (131072 divCeil cases)
62 Zig 0.17.0 translator checks passed
##[group]Run set -euo pipefail
[36;1mset -euo pipefail[0m
[36;1mtests/roadmap/bitcast-017/check.sh[0m
[36;1mAIR2LEAN_ZIG_NATIVE="/home/runner/work/air2lean/air2lean/host-zig/zig" tests/roadmap/bitcast-017/check.sh --native[0m
[36;1m# @divCeil: committed compiler-exported AIR, translation and native differential.[0m
[36;1mAIR2LEAN_ZIG_NATIVE="/home/runner/work/air2lean/air2lean/host-zig/zig" tests/roadmap/zig017/divceil/check.sh[0m
shell: /usr/bin/bash -e {0}
env:
  AIR2LEAN_EXAMPLES: 
##[endgroup]
real 0.17.0 AIR bitcast translations passed
'Zig.BitCast.encode_array_eq_intBytes_ofLanes' depends on axioms: [propext, Classical.choice, Quot.sound]
'Zig.BitCast.encode_vec_eq_intBytes_ofLanes' depends on axioms: [propext, Quot.sound]
'Zig.BitCast.encode_ofLanes_eq_encode_array' depends on axioms: [propext, Classical.choice, Quot.sound]
'Zig.BitCast.toLanes_ofLanes' depends on axioms: [propext, Classical.choice, Quot.sound]
'Zig.BitCast.ofLanes_toLanes' depends on axioms: [propext, Classical.choice, Quot.sound]
'Zig.BitCast.toBools_ofBools' depends on axioms: [propext, Classical.choice, Quot.sound]
'Zig.BitCast.ofBools_toBools' depends on axioms: [propext, Classical.choice, Quot.sound]
'Zig.BitCast.getLsbD_ofLanes' depends on axioms: [propext, Quot.sound]
0.17 bitcast checker/emitter regressions passed
0.17 bitcast emitted runtime values passed
1/1 bitcast017.test.logical bit order...OK
All 1 tests passed.
divCeil differential: 1562 values equal, 90 safety panics agree (1652 inputs)
##[group]Run if [ '0.17.0' = '0.16.0' ]; then
[36;1mif [ '0.17.0' = '0.16.0' ]; then[0m
[36;1m  scripts/progress-hints.sh full[0m
[36;1melse[0m
[36;1m  scripts/progress-hints.sh[0m
[36;1mfi[0m
shell: /usr/bin/bash -e {0}
env:
  AIR2LEAN_EXAMPLES: 
  AIR2LEAN_ZIG_AIR: /home/runner/work/air2lean/air2lean/zig-air-0.17.0/bin/zig
  AIR2LEAN_ZIG: /home/runner/work/air2lean/air2lean/host-zig/zig
  AIR2LEAN_PROGRESS_ARTIFACT_DIR: /home/runner/work/_temp/progress-qualification
##[endgroup]
Progress qualification artifacts: /home/runner/work/_temp/progress-qualification/progress-hints-lxy85sdg
Progress qualification passed: /home/runner/work/_temp/progress-qualification/progress-hints-lxy85sdg/report.json
##[group]Run lake env lean tests/roadmap/progress/Total.lean
[36;1mlake env lean tests/roadmap/progress/Total.lean[0m
shell: /usr/bin/bash -e {0}
env:
  AIR2LEAN_EXAMPLES: 
##[endgroup]
##[group]Run set -euo pipefail
[36;1mset -euo pipefail[0m
[36;1mlake build ZigLean.Conc.TimedBudget ZigLean.Conc.TimedCall[0m
[36;1mlake env lean tests/roadmap/deadline-cases/Contracts.lean[0m
[36;1mlake env lean --run tests/roadmap/deadline-cases/Runtime.lean[0m
[36;1m# Boundary and recheck mutants of the budget path must fail its soundness proofs.[0m
[36;1mpython3 -B tests/roadmap/deadline-cases/mutations.py[0m
shell: /usr/bin/bash -e {0}
env:
  AIR2LEAN_EXAMPLES: 
##[endgroup]
⚠ [6/14] Replayed ZigLean.Mem.Enc
warning: ZigLean/Mem/Enc.lean:183:0: Definition `Zig.errorEnc` of class type is semireducible. Most type class instances should be instance-reducible, so consider marking this
definition with `@[instance_reducible]`. If it is intentionally semireducible, this warning can be disabled with `set_option warn.classDefReducibility false`.
warning: ZigLean/Mem/Enc.lean:194:0: Definition `Zig.optionalErrorEnc` of class type is semireducible. Most type class instances should be instance-reducible, so consider marking this
definition with `@[instance_reducible]`. If it is intentionally semireducible, this warning can be disabled with `set_option warn.classDefReducibility false`.
warning: ZigLean/Mem/Enc.lean:226:0: Definition `Zig.Enc.optionWith` of class type is semireducible. Most type class instances should be instance-reducible, so consider marking this
definition with `@[instance_reducible]`. If it is intentionally semireducible, this warning can be disabled with `set_option warn.classDefReducibility false`.
warning: ZigLean/Mem/Enc.lean:231:0: Definition `Zig.Enc.vectorWith` of class type is semireducible. Most type class instances should be instance-reducible, so consider marking this
definition with `@[instance_reducible]`. If it is intentionally semireducible, this warning can be disabled with `set_option warn.classDefReducibility false`.
warning: ZigLean/Mem/Enc.lean:262:0: Definition `Zig.Enc.errorUnionWith` of class type is semireducible. Most type class instances should be instance-reducible, so consider marking this
definition with `@[instance_reducible]`. If it is intentionally semireducible, this warning can be disabled with `set_option warn.classDefReducibility false`.
warning: ZigLean/Mem/Enc.lean:267:0: Definition `Zig.errorUnionEnc` of class type is semireducible. Most type class instances should be instance-reducible, so consider marking this
definition with `@[instance_reducible]`. If it is intentionally semireducible, this warning can be disabled with `set_option warn.classDefReducibility false`.
⚠ [8/14] Replayed ZigLean.Mem.Thread
warning: ZigLean/Mem/Thread.lean:172:24: Variable name `ord` is not explicitly referenced.

Hint: The binding can be removed (if unused) or named `_` (if used implicitly). Alternatively, prefix the name with `_` to silence this warning:
  [apply] _ord

Note: This linter can be disabled with `set_option linter.unusedVariables false`
warning: ZigLean/Mem/Thread.lean:193:25: Variable name `ord` is not explicitly referenced.

Hint: The binding can be removed (if unused) or named `_` (if used implicitly). Alternatively, prefix the name with `_` to silence this warning:
  [apply] _ord

Note: This linter can be disabled with `set_option linter.unusedVariables false`
warning: ZigLean/Mem/Thread.lean:293:24: Variable name `succ` is not explicitly referenced.

Hint: The binding can be removed (if unused) or named `_` (if used implicitly). Alternatively, prefix the name with `_` to silence this warning:
  [apply] _succ

Note: This linter can be disabled with `set_option linter.unusedVariables false`
warning: ZigLean/Mem/Thread.lean:346:28: Variable name `succ` is not explicitly referenced.

Hint: The binding can be removed (if unused) or named `_` (if used implicitly). Alternatively, prefix the name with `_` to silence this warning:
  [apply] _succ

Note: This linter can be disabled with `set_option linter.unusedVariables false`
✔ [11/14] Built ZigLean.Time (218ms)
✔ [12/14] Built ZigLean.Conc.TimedSched (413ms)
✔ [13/14] Built ZigLean.Conc.TimedCall (305ms)
✔ [14/14] Built ZigLean.Conc.TimedBudget (3.1s)
Build completed successfully (14 jobs).
Application type mismatch: The argument
  { nanoseconds := 10 }
has type
  WallTimestamp
but is expected to have type
  Time.Timestamp
in the application
  TimedBudget.loop countdown { nanoseconds := 10 }
TimedBudget.loop countdown sorry 3 0 : Program (Verdict Nat Nat)
Application type mismatch: The argument
  { nanoseconds := 10 }
has type
  MonoDuration
but is expected to have type
  Time.Timestamp
in the application
  TimedBudget.loop countdown { nanoseconds := 10 }
TimedBudget.loop countdown sorry 3 0 : Program (Verdict Nat Nat)
Application type mismatch: The argument
  ts 10
has type
  Time.Timestamp
but is expected to have type
  MonoDuration
in the application
  solveWithin countdown (ts 10)
solveWithin countdown sorry 3 0 : Program (Verdict Nat Nat)
C04 deadline case regressions passed
boundary-solves-at-deadline: killed by loopInv_step, loop_decides_from
paused-expires-without-recheck: killed by pausedInv_step
##[group]Run bash tests/roadmap/idle-loops/check.sh
[36;1mbash tests/roadmap/idle-loops/check.sh[0m
shell: /usr/bin/bash -e {0}
env:
  AIR2LEAN_EXAMPLES: 
##[endgroup]
C03 idle-loop mutants rejected (idle-loop-skipped, relaxed-publish)
idle-loop translation, safety, progress-under-premise, starvation and mutant checks passed
##[group]Run set -euo pipefail
[36;1mset -euo pipefail[0m
[36;1mmkdir -p "$AIR2LEAN_ALLOCATION_REPORT_DIR"[0m
[36;1mcp docs/allocation-policy-report.json "$AIR2LEAN_ALLOCATION_REPORT_DIR/source-qualification-status.json"[0m
[36;1mpython3 tests/roadmap/allocation-policy/static.py 2>&1 | tee "$AIR2LEAN_ALLOCATION_REPORT_DIR/static.log"[0m
[36;1mbash tests/roadmap/allocation-policy/check.sh 2>&1 | tee "$AIR2LEAN_ALLOCATION_REPORT_DIR/check.log"[0m
[36;1mpython3 tests/roadmap/allocation-policy/mutations.py 2>&1 | tee "$AIR2LEAN_ALLOCATION_REPORT_DIR/mutations.log"[0m
shell: /usr/bin/bash -e {0}
env:
  AIR2LEAN_EXAMPLES: 
  AIR2LEAN_ALLOCATION_REPORT_DIR: /home/runner/work/_temp/allocation-policy-0.17.0
##[endgroup]
.........
----------------------------------------------------------------------
Ran 9 tests in 0.001s

OK
⚠ [7/51] Replayed ZigLean.Mem.Enc
warning: ZigLean/Mem/Enc.lean:183:0: Definition `Zig.errorEnc` of class type is semireducible. Most type class instances should be instance-reducible, so consider marking this
definition with `@[instance_reducible]`. If it is intentionally semireducible, this warning can be disabled with `set_option warn.classDefReducibility false`.
warning: ZigLean/Mem/Enc.lean:194:0: Definition `Zig.optionalErrorEnc` of class type is semireducible. Most type class instances should be instance-reducible, so consider marking this
definition with `@[instance_reducible]`. If it is intentionally semireducible, this warning can be disabled with `set_option warn.classDefReducibility false`.
warning: ZigLean/Mem/Enc.lean:226:0: Definition `Zig.Enc.optionWith` of class type is semireducible. Most type class instances should be instance-reducible, so consider marking this
definition with `@[instance_reducible]`. If it is intentionally semireducible, this warning can be disabled with `set_option warn.classDefReducibility false`.
warning: ZigLean/Mem/Enc.lean:231:0: Definition `Zig.Enc.vectorWith` of class type is semireducible. Most type class instances should be instance-reducible, so consider marking this
definition with `@[instance_reducible]`. If it is intentionally semireducible, this warning can be disabled with `set_option warn.classDefReducibility false`.
warning: ZigLean/Mem/Enc.lean:262:0: Definition `Zig.Enc.errorUnionWith` of class type is semireducible. Most type class instances should be instance-reducible, so consider marking this
definition with `@[instance_reducible]`. If it is intentionally semireducible, this warning can be disabled with `set_option warn.classDefReducibility false`.
warning: ZigLean/Mem/Enc.lean:267:0: Definition `Zig.errorUnionEnc` of class type is semireducible. Most type class instances should be instance-reducible, so consider marking this
definition with `@[instance_reducible]`. If it is intentionally semireducible, this warning can be disabled with `set_option warn.classDefReducibility false`.
⚠ [10/51] Replayed ZigLean.Permutation
warning: ZigLean/Permutation.lean:35:52: `dif_pos` has been deprecated: Use `dite_eq_left` instead
⚠ [13/51] Replayed ZigLean.Mem.Thread
warning: ZigLean/Mem/Thread.lean:172:24: Variable name `ord` is not explicitly referenced.

Hint: The binding can be removed (if unused) or named `_` (if used implicitly). Alternatively, prefix the name with `_` to silence this warning:
  [apply] _ord

Note: This linter can be disabled with `set_option linter.unusedVariables false`
warning: ZigLean/Mem/Thread.lean:193:25: Variable name `ord` is not explicitly referenced.

Hint: The binding can be removed (if unused) or named `_` (if used implicitly). Alternatively, prefix the name with `_` to silence this warning:
  [apply] _ord

Note: This linter can be disabled with `set_option linter.unusedVariables false`
warning: ZigLean/Mem/Thread.lean:293:24: Variable name `succ` is not explicitly referenced.

Hint: The binding can be removed (if unused) or named `_` (if used implicitly). Alternatively, prefix the name with `_` to silence this warning:
  [apply] _succ

Note: This linter can be disabled with `set_option linter.unusedVariables false`
warning: ZigLean/Mem/Thread.lean:346:28: Variable name `succ` is not explicitly referenced.

Hint: The binding can be removed (if unused) or named `_` (if used implicitly). Alternatively, prefix the name with `_` to silence this warning:
  [apply] _succ

Note: This linter can be disabled with `set_option linter.unusedVariables false`
⚠ [16/51] Replayed ZigLean.Conc.Spawn
warning: ZigLean/Conc/Spawn.lean:123:38: `if_pos` has been deprecated: Use `ite_eq_left` instead
warning: ZigLean/Conc/Spawn.lean:126:38: `if_neg` has been deprecated: Use `ite_eq_right` instead
⚠ [24/51] Replayed ZigLean.Mem.Lemmas
warning: ZigLean/Mem/Lemmas.lean:622:8: This simp argument is unused:
  h

Hint: Omit it from the simp argument list.
  [apply] simp [hm, errOfBytes_errBytes, bind, pure, ExceptT.bind, ExceptT.pure, ExceptT.mk, ExceptT.bindCont]

Note: This linter can be disabled with `set_option linter.unusedSimpArgs false`
warning: ZigLean/Mem/Lemmas.lean:642:10: This simp argument is unused:
  h x rfl

Hint: Omit it from the simp argument list.
  [apply] simp [hm, errOfBytes_errBytes, bind, pure, ExceptT.bind, ExceptT.pure, ExceptT.mk, ExceptT.bindCont]

Note: This linter can be disabled with `set_option linter.unusedSimpArgs false`
warning: ZigLean/Mem/Lemmas.lean:649:55: This simp argument is unused:
  e.property

Hint: Omit it from the simp argument list.
  [apply] simp [Enc.encode, Enc.decode, errOfBytes_errBytes, hm, bind, pure, ExceptT.bind, ExceptT.pure, ExceptT.mk,
    ExceptT.bindCont]

Note: This linter can be disabled with `set_option linter.unusedSimpArgs false`
warning: ZigLean/Mem/Lemmas.lean:660:57: This simp argument is unused:
  x.property

Hint: Omit it from the simp argument list.
  [apply] simp [Enc.encode, Enc.decode, errOfBytes_errBytes, hm, bind, pure, ExceptT.bind, ExceptT.pure, ExceptT.mk,
    ExceptT.bindCont]

Note: This linter can be disabled with `set_option linter.unusedSimpArgs false`
⚠ [25/51] Replayed ZigLean.Conc.Lemmas
warning: ZigLean/Conc/Lemmas.lean:1509:61: This simp argument is unused:
  Option.bind_some

Hint: Omit it from the simp argument list.
  [apply] simp only [casMarkWrite, zig_unfold, ha, ExceptT.bindCont]

Note: This linter can be disabled with `set_option linter.unusedSimpArgs false`
⚠ [35/51] Replayed ZigLean.Mem.Null
warning: ZigLean/Mem/Null.lean:32:0: Definition `Zig.nullablePtrEnc` of class type is semireducible. Most type class instances should be instance-reducible, so consider marking this
definition with `@[instance_reducible]`. If it is intentionally semireducible, this warning can be disabled with `set_option warn.classDefReducibility false`.
⚠ [36/51] Replayed ZigLean.Mem.ErrWidth
warning: ZigLean/Mem/ErrWidth.lean:69:0: Definition `Zig.errorEncW` of class type is semireducible. Most type class instances should be instance-reducible, so consider marking this
definition with `@[instance_reducible]`. If it is intentionally semireducible, this warning can be disabled with `set_option warn.classDefReducibility false`.
warning: ZigLean/Mem/ErrWidth.lean:80:0: Definition `Zig.optionalErrorEncW` of class type is semireducible. Most type class instances should be instance-reducible, so consider marking this
definition with `@[instance_reducible]`. If it is intentionally semireducible, this warning can be disabled with `set_option warn.classDefReducibility false`.
warning: ZigLean/Mem/ErrWidth.lean:117:0: Definition `Zig.Enc.errorUnionWithW` of class type is semireducible. Most type class instances should be instance-reducible, so consider marking this
definition with `@[instance_reducible]`. If it is intentionally semireducible, this warning can be disabled with `set_option warn.classDefReducibility false`.
warning: ZigLean/Mem/ErrWidth.lean:134:0: Definition `Zig.errorUnionEncW` of class type is semireducible. Most type class instances should be instance-reducible, so consider marking this
definition with `@[instance_reducible]`. If it is intentionally semireducible, this warning can be disabled with `set_option warn.classDefReducibility false`.
⚠ [48/51] Replayed ZigLean.Sep.Assert
warning: ZigLean/Sep/Assert.lean:101:10: `if_neg` has been deprecated: Use `ite_eq_right` instead
warning: ZigLean/Sep/Assert.lean:102:16: `if_neg` has been deprecated: Use `ite_eq_right` instead
warning: ZigLean/Sep/Assert.lean:106:10: `if_pos` has been deprecated: Use `ite_eq_left` instead
warning: ZigLean/Sep/Assert.lean:106:21: `if_neg` has been deprecated: Use `ite_eq_right` instead
warning: ZigLean/Sep/Assert.lean:107:10: `if_neg` has been deprecated: Use `ite_eq_right` instead
warning: ZigLean/Sep/Assert.lean:109:12: `if_pos` has been deprecated: Use `ite_eq_left` instead
warning: ZigLean/Sep/Assert.lean:115:12: `if_neg` has been deprecated: Use `ite_eq_right` instead
warning: ZigLean/Sep/Assert.lean:115:27: `if_neg` has been deprecated: Use `ite_eq_right` instead
warning: ZigLean/Sep/Assert.lean:120:10: `if_pos` has been deprecated: Use `ite_eq_left` instead
warning: ZigLean/Sep/Assert.lean:120:21: `if_pos` has been deprecated: Use `ite_eq_left` instead
warning: ZigLean/Sep/Assert.lean:120:36: `if_pos` has been deprecated: Use `ite_eq_left` instead
warning: ZigLean/Sep/Assert.lean:122:10: `if_neg` has been deprecated: Use `ite_eq_right` instead
warning: ZigLean/Sep/Assert.lean:122:21: `if_neg` has been deprecated: Use `ite_eq_right` instead
warning: ZigLean/Sep/Assert.lean:127:10: `if_pos` has been deprecated: Use `ite_eq_left` instead
warning: ZigLean/Sep/Assert.lean:127:21: `if_pos` has been deprecated: Use `ite_eq_left` instead
warning: ZigLean/Sep/Assert.lean:127:58: `if_pos` has been deprecated: Use `ite_eq_left` instead
warning: ZigLean/Sep/Assert.lean:132:10: `if_neg` has been deprecated: Use `ite_eq_right` instead
warning: ZigLean/Sep/Assert.lean:132:21: `if_neg` has been deprecated: Use `ite_eq_right` instead
Build completed successfully (51 jobs).
⚠ [7/65] Replayed ZigLean.Mem.Enc
warning: ZigLean/Mem/Enc.lean:183:0: Definition `Zig.errorEnc` of class type is semireducible. Most type class instances should be instance-reducible, so consider marking this
definition with `@[instance_reducible]`. If it is intentionally semireducible, this warning can be disabled with `set_option warn.classDefReducibility false`.
warning: ZigLean/Mem/Enc.lean:194:0: Definition `Zig.optionalErrorEnc` of class type is semireducible. Most type class instances should be instance-reducible, so consider marking this
definition with `@[instance_reducible]`. If it is intentionally semireducible, this warning can be disabled with `set_option warn.classDefReducibility false`.
warning: ZigLean/Mem/Enc.lean:226:0: Definition `Zig.Enc.optionWith` of class type is semireducible. Most type class instances should be instance-reducible, so consider marking this
definition with `@[instance_reducible]`. If it is intentionally semireducible, this warning can be disabled with `set_option warn.classDefReducibility false`.
warning: ZigLean/Mem/Enc.lean:231:0: Definition `Zig.Enc.vectorWith` of class type is semireducible. Most type class instances should be instance-reducible, so consider marking this
definition with `@[instance_reducible]`. If it is intentionally semireducible, this warning can be disabled with `set_option warn.classDefReducibility false`.
warning: ZigLean/Mem/Enc.lean:262:0: Definition `Zig.Enc.errorUnionWith` of class type is semireducible. Most type class instances should be instance-reducible, so consider marking this
definition with `@[instance_reducible]`. If it is intentionally semireducible, this warning can be disabled with `set_option warn.classDefReducibility false`.
warning: ZigLean/Mem/Enc.lean:267:0: Definition `Zig.errorUnionEnc` of class type is semireducible. Most type class instances should be instance-reducible, so consider marking this
definition with `@[instance_reducible]`. If it is intentionally semireducible, this warning can be disabled with `set_option warn.classDefReducibility false`.
⚠ [10/65] Replayed ZigLean.Permutation
warning: ZigLean/Permutation.lean:35:52: `dif_pos` has been deprecated: Use `dite_eq_left` instead
⚠ [13/65] Replayed ZigLean.Mem.Thread
warning: ZigLean/Mem/Thread.lean:172:24: Variable name `ord` is not explicitly referenced.

Hint: The binding can be removed (if unused) or named `_` (if used implicitly). Alternatively, prefix the name with `_` to silence this warning:
  [apply] _ord

Note: This linter can be disabled with `set_option linter.unusedVariables false`
warning: ZigLean/Mem/Thread.lean:193:25: Variable name `ord` is not explicitly referenced.

Hint: The binding can be removed (if unused) or named `_` (if used implicitly). Alternatively, prefix the name with `_` to silence this warning:
  [apply] _ord

Note: This linter can be disabled with `set_option linter.unusedVariables false`
warning: ZigLean/Mem/Thread.lean:293:24: Variable name `succ` is not explicitly referenced.

Hint: The binding can be removed (if unused) or named `_` (if used implicitly). Alternatively, prefix the name with `_` to silence this warning:
  [apply] _succ

Note: This linter can be disabled with `set_option linter.unusedVariables false`
warning: ZigLean/Mem/Thread.lean:346:28: Variable name `succ` is not explicitly referenced.

Hint: The binding can be removed (if unused) or named `_` (if used implicitly). Alternatively, prefix the name with `_` to silence this warning:
  [apply] _succ

Note: This linter can be disabled with `set_option linter.unusedVariables false`
⚠ [16/65] Replayed ZigLean.Conc.Spawn
warning: ZigLean/Conc/Spawn.lean:123:38: `if_pos` has been deprecated: Use `ite_eq_left` instead
warning: ZigLean/Conc/Spawn.lean:126:38: `if_neg` has been deprecated: Use `ite_eq_right` instead
⚠ [24/65] Replayed ZigLean.Mem.Lemmas
warning: ZigLean/Mem/Lemmas.lean:622:8: This simp argument is unused:
  h

Hint: Omit it from the simp argument list.
  [apply] simp [hm, errOfBytes_errBytes, bind, pure, ExceptT.bind, ExceptT.pure, ExceptT.mk, ExceptT.bindCont]

Note: This linter can be disabled with `set_option linter.unusedSimpArgs false`
warning: ZigLean/Mem/Lemmas.lean:642:10: This simp argument is unused:
  h x rfl

Hint: Omit it from the simp argument list.
  [apply] simp [hm, errOfBytes_errBytes, bind, pure, ExceptT.bind, ExceptT.pure, ExceptT.mk, ExceptT.bindCont]

Note: This linter can be disabled with `set_option linter.unusedSimpArgs false`
warning: ZigLean/Mem/Lemmas.lean:649:55: This simp argument is unused:
  e.property

Hint: Omit it from the simp argument list.
  [apply] simp [Enc.encode, Enc.decode, errOfBytes_errBytes, hm, bind, pure, ExceptT.bind, ExceptT.pure, ExceptT.mk,
    ExceptT.bindCont]

Note: This linter can be disabled with `set_option linter.unusedSimpArgs false`
warning: ZigLean/Mem/Lemmas.lean:660:57: This simp argument is unused:
  x.property

Hint: Omit it from the simp argument list.
  [apply] simp [Enc.encode, Enc.decode, errOfBytes_errBytes, hm, bind, pure, ExceptT.bind, ExceptT.pure, ExceptT.mk,
    ExceptT.bindCont]

Note: This linter can be disabled with `set_option linter.unusedSimpArgs false`
⚠ [25/65] Replayed ZigLean.Conc.Lemmas
warning: ZigLean/Conc/Lemmas.lean:1509:61: This simp argument is unused:
  Option.bind_some

Hint: Omit it from the simp argument list.
  [apply] simp only [casMarkWrite, zig_unfold, ha, ExceptT.bindCont]

Note: This linter can be disabled with `set_option linter.unusedSimpArgs false`
⚠ [35/65] Replayed ZigLean.Mem.Null
warning: ZigLean/Mem/Null.lean:32:0: Definition `Zig.nullablePtrEnc` of class type is semireducible. Most type class instances should be instance-reducible, so consider marking this
definition with `@[instance_reducible]`. If it is intentionally semireducible, this warning can be disabled with `set_option warn.classDefReducibility false`.
⚠ [36/65] Replayed ZigLean.Mem.ErrWidth
warning: ZigLean/Mem/ErrWidth.lean:69:0: Definition `Zig.errorEncW` of class type is semireducible. Most type class instances should be instance-reducible, so consider marking this
definition with `@[instance_reducible]`. If it is intentionally semireducible, this warning can be disabled with `set_option warn.classDefReducibility false`.
warning: ZigLean/Mem/ErrWidth.lean:80:0: Definition `Zig.optionalErrorEncW` of class type is semireducible. Most type class instances should be instance-reducible, so consider marking this
definition with `@[instance_reducible]`. If it is intentionally semireducible, this warning can be disabled with `set_option warn.classDefReducibility false`.
warning: ZigLean/Mem/ErrWidth.lean:117:0: Definition `Zig.Enc.errorUnionWithW` of class type is semireducible. Most type class instances should be instance-reducible, so consider marking this
definition with `@[instance_reducible]`. If it is intentionally semireducible, this warning can be disabled with `set_option warn.classDefReducibility false`.
warning: ZigLean/Mem/ErrWidth.lean:134:0: Definition `Zig.errorUnionEncW` of class type is semireducible. Most type class instances should be instance-reducible, so consider marking this
definition with `@[instance_reducible]`. If it is intentionally semireducible, this warning can be disabled with `set_option warn.classDefReducibility false`.
⚠ [48/65] Replayed ZigLean.Sep.Assert
warning: ZigLean/Sep/Assert.lean:101:10: `if_neg` has been deprecated: Use `ite_eq_right` instead
warning: ZigLean/Sep/Assert.lean:102:16: `if_neg` has been deprecated: Use `ite_eq_right` instead
warning: ZigLean/Sep/Assert.lean:106:10: `if_pos` has been deprecated: Use `ite_eq_left` instead
warning: ZigLean/Sep/Assert.lean:106:21: `if_neg` has been deprecated: Use `ite_eq_right` instead
warning: ZigLean/Sep/Assert.lean:107:10: `if_neg` has been deprecated: Use `ite_eq_right` instead
warning: ZigLean/Sep/Assert.lean:109:12: `if_pos` has been deprecated: Use `ite_eq_left` instead
warning: ZigLean/Sep/Assert.lean:115:12: `if_neg` has been deprecated: Use `ite_eq_right` instead
warning: ZigLean/Sep/Assert.lean:115:27: `if_neg` has been deprecated: Use `ite_eq_right` instead
warning: ZigLean/Sep/Assert.lean:120:10: `if_pos` has been deprecated: Use `ite_eq_left` instead
warning: ZigLean/Sep/Assert.lean:120:21: `if_pos` has been deprecated: Use `ite_eq_left` instead
warning: ZigLean/Sep/Assert.lean:120:36: `if_pos` has been deprecated: Use `ite_eq_left` instead
warning: ZigLean/Sep/Assert.lean:122:10: `if_neg` has been deprecated: Use `ite_eq_right` instead
warning: ZigLean/Sep/Assert.lean:122:21: `if_neg` has been deprecated: Use `ite_eq_right` instead
warning: ZigLean/Sep/Assert.lean:127:10: `if_pos` has been deprecated: Use `ite_eq_left` instead
warning: ZigLean/Sep/Assert.lean:127:21: `if_pos` has been deprecated: Use `ite_eq_left` instead
warning: ZigLean/Sep/Assert.lean:127:58: `if_pos` has been deprecated: Use `ite_eq_left` instead
warning: ZigLean/Sep/Assert.lean:132:10: `if_neg` has been deprecated: Use `ite_eq_right` instead
warning: ZigLean/Sep/Assert.lean:132:21: `if_neg` has been deprecated: Use `ite_eq_right` instead
⚠ [58/65] Replayed ZigLean.Sep.SentinelRealloc
warning: ZigLean/Sep/SentinelRealloc.lean:41:8: `if_pos` has been deprecated: Use `ite_eq_left` instead
warning: ZigLean/Sep/SentinelRealloc.lean:41:19: `if_pos` has been deprecated: Use `ite_eq_left` instead
warning: ZigLean/Sep/SentinelRealloc.lean:42:8: `if_neg` has been deprecated: Use `ite_eq_right` instead
warning: ZigLean/Sep/SentinelRealloc.lean:42:19: `if_neg` has been deprecated: Use `ite_eq_right` instead
warning: ZigLean/Sep/SentinelRealloc.lean:147:10: `if_pos` has been deprecated: Use `ite_eq_left` instead
warning: ZigLean/Sep/SentinelRealloc.lean:155:10: `if_neg` has been deprecated: Use `ite_eq_right` instead
warning: ZigLean/Sep/SentinelRealloc.lean:295:4: `if_neg` has been deprecated: Use `ite_eq_right` instead
warning: ZigLean/Sep/SentinelRealloc.lean:303:4: `if_neg` has been deprecated: Use `ite_eq_right` instead
⚠ [64/65] Built Proofs.Lists.Append (3.5s)
warning: Proofs/Lists/Append.lean:81:68: This simp argument is unused:
  lockBytes_size

Hint: Omit it from the simp argument list.
  [apply] simp [hdrBytes, Array.extract_append, enc_ptr_size, enc_u64_size]

Note: This linter can be disabled with `set_option linter.unusedSimpArgs false`
warning: Proofs/Lists/Append.lean:85:82: This simp argument is unused:
  lockBytes_size

Hint: Omit it from the simp argument list.
  [apply] simp [hdrBytes, Array.extract_append, enc_ptr_size, enc_u64_size, extract_none]

Note: This linter can be disabled with `set_option linter.unusedSimpArgs false`
warning: Proofs/Lists/Append.lean:89:82: This simp argument is unused:
  lockBytes_size

Hint: Omit it from the simp argument list.
  [apply] simp [hdrBytes, Array.extract_append, enc_ptr_size, enc_u64_size, extract_none]

Note: This linter can be disabled with `set_option linter.unusedSimpArgs false`
warning: Proofs/Lists/Append.lean:93:68: This simp argument is unused:
  lockBytes_size

Hint: Omit it from the simp argument list.
  [apply] simp [hdrBytes, Array.extract_append, enc_ptr_size, enc_u64_size]

Note: This linter can be disabled with `set_option linter.unusedSimpArgs false`
warning: Proofs/Lists/Append.lean:151:80: This simp argument is unused:
  extract_none

Hint: Omit it from the simp argument list.
  [apply] simp [writeBytes, hdrBytes, Array.extract_append, enc_ptr_size, enc_u64_size, extract_past, extract_full,
    add24_sub]

Note: This linter can be disabled with `set_option linter.unusedSimpArgs false`
warning: Proofs/Lists/Append.lean:156:80: This simp argument is unused:
  extract_none

Hint: Omit it from the simp argument list.
  [apply] simp [writeBytes, hdrBytes, Array.extract_append, enc_ptr_size, enc_u64_size, extract_past, extract_full,
    add24_sub]

Note: This linter can be disabled with `set_option linter.unusedSimpArgs false`
warning: Proofs/Lists/Append.lean:161:80: This simp argument is unused:
  extract_none

Hint: Omit it from the simp argument list.
  [apply] simp [writeBytes, hdrBytes, Array.extract_append, enc_ptr_size, enc_u64_size, extract_past, extract_full,
    add24_sub]

Note: This linter can be disabled with `set_option linter.unusedSimpArgs false`
warning: Proofs/Lists/Append.lean:515:78: This simp argument is unused:
  l₀

Hint: Omit it from the simp argument list.
  [apply] simp [array_list_Aligned_u32_null_ensureTotalCapacityPrecise, zig_unfold, hun, l₁, l₂, hdrVal, hge,
    array_list_Aligned_u32_null_allocatedSlice, Allocator.remap, hg0, ha₃, Zig.unwrapErr]

Note: This linter can be disabled with `set_option linter.unusedSimpArgs false`
warning: Proofs/Lists/Append.lean:515:82: This simp argument is unused:
  hun

Hint: Omit it from the simp argument list.
  [apply] simp [array_list_Aligned_u32_null_ensureTotalCapacityPrecise, zig_unfold, l₀, l₁, l₂, hdrVal, hge,
    array_list_Aligned_u32_null_allocatedSlice, Allocator.remap, hg0, ha₃, Zig.unwrapErr]

Note: This linter can be disabled with `set_option linter.unusedSimpArgs false`
warning: Proofs/Lists/Append.lean:582:82: This simp argument is unused:
  l₀

Hint: Omit it from the simp argument list.
  [apply] simp [array_list_Aligned_u32_null_ensureTotalCapacityPrecise, zig_unfold, hun, l₁, l₂, hdrVal, hge,
    array_list_Aligned_u32_null_allocatedSlice, Allocator.remap, hg0, ha₃, l₄, l₅, hsl, r₁, r₂, hor, memmove,
    Allocator.free, hc0, s₆, s₇, Zig.le, BitVec.ule]

Note: This linter can be disabled with `set_option linter.unusedSimpArgs false`
warning: Proofs/Lists/Append.lean:582:86: This simp argument is unused:
  hun

Hint: Omit it from the simp argument list.
  [apply] simp [array_list_Aligned_u32_null_ensureTotalCapacityPrecise, zig_unfold, l₀, l₁, l₂, hdrVal, hge,
    array_list_Aligned_u32_null_allocatedSlice, Allocator.remap, hg0, ha₃, l₄, l₅, hsl, r₁, r₂, hor, memmove,
    Allocator.free, hc0, s₆, s₇, Zig.le, BitVec.ule]

Note: This linter can be disabled with `set_option linter.unusedSimpArgs false`
warning: Proofs/Lists/Append.lean:648:82: This simp argument is unused:
  l₀

Hint: Omit it from the simp argument list.
  [apply] simp [array_list_Aligned_u32_null_ensureTotalCapacityPrecise, zig_unfold, hun, l₁, l₂, hdrVal, hge,
    array_list_Aligned_u32_null_allocatedSlice, Allocator.remap, hg0, ha₃, l₄, l₅, hsl, r₁, r₂, hle1, mv, fr, s₈, s₉,
    Zig.le, BitVec.ule, show len.toNat ≤ g.toNat by omega]

Note: This linter can be disabled with `set_option linter.unusedSimpArgs false`
warning: Proofs/Lists/Append.lean:648:86: This simp argument is unused:
  hun

Hint: Omit it from the simp argument list.
  [apply] simp [array_list_Aligned_u32_null_ensureTotalCapacityPrecise, zig_unfold, l₀, l₁, l₂, hdrVal, hge,
    array_list_Aligned_u32_null_allocatedSlice, Allocator.remap, hg0, ha₃, l₄, l₅, hsl, r₁, r₂, hle1, mv, fr, s₈, s₉,
    Zig.le, BitVec.ule, show len.toNat ≤ g.toNat by omega]

Note: This linter can be disabled with `set_option linter.unusedSimpArgs false`
✔ [65/65] Built Proofs.Lists.Policy (398ms)
Build completed successfully (65 jobs).
ok oracle-even-indices
ok oracle-by-size
ok oracle-all
ok list-as-oracle
ok budget
ok default-uncapped
ok harness-cap
ok large-dupe
ok append-loop-several-failures
10 exact policy comparisons; 0 exclusions; 0 capped searches
ignore-failure-trace: detected by fixture outcome/ownership assertion
ignore-request-cap: detected by fixture outcome/ownership assertion
omit-live-removal: detected by fixture outcome/ownership assertion
##[group]Run bash tests/roadmap/allocator-identity/check.sh
[36;1mbash tests/roadmap/allocator-identity/check.sh[0m
shell: /usr/bin/bash -e {0}
env:
  AIR2LEAN_EXAMPLES: 
##[endgroup]
⚠ [6/20] Replayed ZigLean.Mem.Enc
warning: ZigLean/Mem/Enc.lean:183:0: Definition `Zig.errorEnc` of class type is semireducible. Most type class instances should be instance-reducible, so consider marking this
definition with `@[instance_reducible]`. If it is intentionally semireducible, this warning can be disabled with `set_option warn.classDefReducibility false`.
warning: ZigLean/Mem/Enc.lean:194:0: Definition `Zig.optionalErrorEnc` of class type is semireducible. Most type class instances should be instance-reducible, so consider marking this
definition with `@[instance_reducible]`. If it is intentionally semireducible, this warning can be disabled with `set_option warn.classDefReducibility false`.
warning: ZigLean/Mem/Enc.lean:226:0: Definition `Zig.Enc.optionWith` of class type is semireducible. Most type class instances should be instance-reducible, so consider marking this
definition with `@[instance_reducible]`. If it is intentionally semireducible, this warning can be disabled with `set_option warn.classDefReducibility false`.
warning: ZigLean/Mem/Enc.lean:231:0: Definition `Zig.Enc.vectorWith` of class type is semireducible. Most type class instances should be instance-reducible, so consider marking this
definition with `@[instance_reducible]`. If it is intentionally semireducible, this warning can be disabled with `set_option warn.classDefReducibility false`.
warning: ZigLean/Mem/Enc.lean:262:0: Definition `Zig.Enc.errorUnionWith` of class type is semireducible. Most type class instances should be instance-reducible, so consider marking this
definition with `@[instance_reducible]`. If it is intentionally semireducible, this warning can be disabled with `set_option warn.classDefReducibility false`.
warning: ZigLean/Mem/Enc.lean:267:0: Definition `Zig.errorUnionEnc` of class type is semireducible. Most type class instances should be instance-reducible, so consider marking this
definition with `@[instance_reducible]`. If it is intentionally semireducible, this warning can be disabled with `set_option warn.classDefReducibility false`.
⚠ [11/20] Replayed ZigLean.Mem.Lemmas
warning: ZigLean/Mem/Lemmas.lean:622:8: This simp argument is unused:
  h

Hint: Omit it from the simp argument list.
  [apply] simp [hm, errOfBytes_errBytes, bind, pure, ExceptT.bind, ExceptT.pure, ExceptT.mk, ExceptT.bindCont]

Note: This linter can be disabled with `set_option linter.unusedSimpArgs false`
warning: ZigLean/Mem/Lemmas.lean:642:10: This simp argument is unused:
  h x rfl

Hint: Omit it from the simp argument list.
  [apply] simp [hm, errOfBytes_errBytes, bind, pure, ExceptT.bind, ExceptT.pure, ExceptT.mk, ExceptT.bindCont]

Note: This linter can be disabled with `set_option linter.unusedSimpArgs false`
warning: ZigLean/Mem/Lemmas.lean:649:55: This simp argument is unused:
  e.property

Hint: Omit it from the simp argument list.
  [apply] simp [Enc.encode, Enc.decode, errOfBytes_errBytes, hm, bind, pure, ExceptT.bind, ExceptT.pure, ExceptT.mk,
    ExceptT.bindCont]

Note: This linter can be disabled with `set_option linter.unusedSimpArgs false`
warning: ZigLean/Mem/Lemmas.lean:660:57: This simp argument is unused:
  x.property

Hint: Omit it from the simp argument list.
  [apply] simp [Enc.encode, Enc.decode, errOfBytes_errBytes, hm, bind, pure, ExceptT.bind, ExceptT.pure, ExceptT.mk,
    ExceptT.bindCont]

Note: This linter can be disabled with `set_option linter.unusedSimpArgs false`
⚠ [13/20] Replayed ZigLean.Sep.Assert
warning: ZigLean/Sep/Assert.lean:101:10: `if_neg` has been deprecated: Use `ite_eq_right` instead
warning: ZigLean/Sep/Assert.lean:102:16: `if_neg` has been deprecated: Use `ite_eq_right` instead
warning: ZigLean/Sep/Assert.lean:106:10: `if_pos` has been deprecated: Use `ite_eq_left` instead
warning: ZigLean/Sep/Assert.lean:106:21: `if_neg` has been deprecated: Use `ite_eq_right` instead
warning: ZigLean/Sep/Assert.lean:107:10: `if_neg` has been deprecated: Use `ite_eq_right` instead
warning: ZigLean/Sep/Assert.lean:109:12: `if_pos` has been deprecated: Use `ite_eq_left` instead
warning: ZigLean/Sep/Assert.lean:115:12: `if_neg` has been deprecated: Use `ite_eq_right` instead
warning: ZigLean/Sep/Assert.lean:115:27: `if_neg` has been deprecated: Use `ite_eq_right` instead
warning: ZigLean/Sep/Assert.lean:120:10: `if_pos` has been deprecated: Use `ite_eq_left` instead
warning: ZigLean/Sep/Assert.lean:120:21: `if_pos` has been deprecated: Use `ite_eq_left` instead
warning: ZigLean/Sep/Assert.lean:120:36: `if_pos` has been deprecated: Use `ite_eq_left` instead
warning: ZigLean/Sep/Assert.lean:122:10: `if_neg` has been deprecated: Use `ite_eq_right` instead
warning: ZigLean/Sep/Assert.lean:122:21: `if_neg` has been deprecated: Use `ite_eq_right` instead
warning: ZigLean/Sep/Assert.lean:127:10: `if_pos` has been deprecated: Use `ite_eq_left` instead
warning: ZigLean/Sep/Assert.lean:127:21: `if_pos` has been deprecated: Use `ite_eq_left` instead
warning: ZigLean/Sep/Assert.lean:127:58: `if_pos` has been deprecated: Use `ite_eq_left` instead
warning: ZigLean/Sep/Assert.lean:132:10: `if_neg` has been deprecated: Use `ite_eq_right` instead
warning: ZigLean/Sep/Assert.lean:132:21: `if_neg` has been deprecated: Use `ite_eq_right` instead
Build completed successfully (20 jobs).
'Zig.AllocRef.free_foreign' depends on axioms: [propext, Quot.sound]
'Zig.AllocRef.destroy_foreign' depends on axioms: [propext, Quot.sound]
'Zig.AllocRef.remap_foreign' depends on axioms: [propext, Quot.sound]
'Zig.Mem.heap_resetOwned' depends on axioms: [propext, Quot.sound]
'Zig.Mem.resetOwned_other' depends on axioms: [propext, Quot.sound]
'Zig.Mem.resetOwned_access_own' depends on axioms: [propext, Quot.sound]
'Zig.Mem.resetOwned_access_other' depends on axioms: [propext, Quot.sound]
'Zig.Owned.reset_spec' depends on axioms: [propext, Quot.sound]
'Zig.Arena.deinit_spec' depends on axioms: [propext, Quot.sound]
'Zig.ownedRawAlloc_fixedBuffer_run' depends on axioms: [propext, Quot.sound]
'Zig.handleRequest_spec' depends on axioms: [propext, Classical.choice, Quot.sound]
'Zig.session_spec' depends on axioms: [propext, Classical.choice, Quot.sound]
'Zig.session_restores' depends on axioms: [propext, Classical.choice, Quot.sound]
std-free-std: ok
arena-free-own: ok
arena-block-std-free: illegal
std-block-arena-free: illegal
arena-block-other-arena-free: illegal
arena-double-free: illegal
arena-remap-std-block: illegal
std-remap-arena-block: illegal
reset-own-block: illegal
reset-other-arena-block: ok
reset-std-block: ok
alloc-after-deinit: illegal
fixed-buffer-lifo: [true, true, false, true, false]
session: [ok 6, ok 260, ok 7]
session-failures: [error OutOfMemory, ok 260, error OutOfMemory]
##[group]Run scripts/check.sh
[36;1mscripts/check.sh[0m
shell: /usr/bin/bash -e {0}
env:
  AIR2LEAN_EXAMPLES: 
  AIR2LEAN_CI: 1
  AIR2LEAN_ZIG_VERSION: 0.17.0
  AIR2LEAN_DIFF: 1
  AIR2LEAN_OUT_DIR: /home/runner/work/_temp/air-out
##[endgroup]
== asm: dumping AIR ==
== asm: validating profiles and translating to Lean ==
⚠ [19/56] Replayed ZigLean.Mem.Enc
warning: ZigLean/Mem/Enc.lean:183:0: Definition `Zig.errorEnc` of class type is semireducible. Most type class instances should be instance-reducible, so consider marking this
definition with `@[instance_reducible]`. If it is intentionally semireducible, this warning can be disabled with `set_option warn.classDefReducibility false`.
warning: ZigLean/Mem/Enc.lean:194:0: Definition `Zig.optionalErrorEnc` of class type is semireducible. Most type class instances should be instance-reducible, so consider marking this
definition with `@[instance_reducible]`. If it is intentionally semireducible, this warning can be disabled with `set_option warn.classDefReducibility false`.
warning: ZigLean/Mem/Enc.lean:226:0: Definition `Zig.Enc.optionWith` of class type is semireducible. Most type class instances should be instance-reducible, so consider marking this
definition with `@[instance_reducible]`. If it is intentionally semireducible, this warning can be disabled with `set_option warn.classDefReducibility false`.
warning: ZigLean/Mem/Enc.lean:231:0: Definition `Zig.Enc.vectorWith` of class type is semireducible. Most type class instances should be instance-reducible, so consider marking this
definition with `@[instance_reducible]`. If it is intentionally semireducible, this warning can be disabled with `set_option warn.classDefReducibility false`.
warning: ZigLean/Mem/Enc.lean:262:0: Definition `Zig.Enc.errorUnionWith` of class type is semireducible. Most type class instances should be instance-reducible, so consider marking this
definition with `@[instance_reducible]`. If it is intentionally semireducible, this warning can be disabled with `set_option warn.classDefReducibility false`.
warning: ZigLean/Mem/Enc.lean:267:0: Definition `Zig.errorUnionEnc` of class type is semireducible. Most type class instances should be instance-reducible, so consider marking this
definition with `@[instance_reducible]`. If it is intentionally semireducible, this warning can be disabled with `set_option warn.classDefReducibility false`.
⚠ [20/56] Replayed ZigLean.Mem.ErrWidth
warning: ZigLean/Mem/ErrWidth.lean:69:0: Definition `Zig.errorEncW` of class type is semireducible. Most type class instances should be instance-reducible, so consider marking this
definition with `@[instance_reducible]`. If it is intentionally semireducible, this warning can be disabled with `set_option warn.classDefReducibility false`.
warning: ZigLean/Mem/ErrWidth.lean:80:0: Definition `Zig.optionalErrorEncW` of class type is semireducible. Most type class instances should be instance-reducible, so consider marking this
definition with `@[instance_reducible]`. If it is intentionally semireducible, this warning can be disabled with `set_option warn.classDefReducibility false`.
warning: ZigLean/Mem/ErrWidth.lean:117:0: Definition `Zig.Enc.errorUnionWithW` of class type is semireducible. Most type class instances should be instance-reducible, so consider marking this
definition with `@[instance_reducible]`. If it is intentionally semireducible, this warning can be disabled with `set_option warn.classDefReducibility false`.
warning: ZigLean/Mem/ErrWidth.lean:134:0: Definition `Zig.errorUnionEncW` of class type is semireducible. Most type class instances should be instance-reducible, so consider marking this
definition with `@[instance_reducible]`. If it is intentionally semireducible, this warning can be disabled with `set_option warn.classDefReducibility false`.
⚠ [22/56] Replayed Air2Lean.Check
warning: Air2Lean/Check.lean:992:15: Variable name `v` is not explicitly referenced.

Hint: The binding can be removed (if unused) or named `_` (if used implicitly). Alternatively, prefix the name with `_` to silence this warning:
  [apply] _v

Note: This linter can be disabled with `set_option linter.unusedVariables false`
== asm: checking against golden (tests/golden/asm/air, then tests/golden/0.17.0/asm/air, then tests/golden/0.17.0/asm/air-linux) ==
== atomics: dumping AIR ==
== atomics: validating profiles and translating to Lean ==
⚠ [19/56] Replayed ZigLean.Mem.Enc
warning: ZigLean/Mem/Enc.lean:183:0: Definition `Zig.errorEnc` of class type is semireducible. Most type class instances should be instance-reducible, so consider marking this
definition with `@[instance_reducible]`. If it is intentionally semireducible, this warning can be disabled with `set_option warn.classDefReducibility false`.
warning: ZigLean/Mem/Enc.lean:194:0: Definition `Zig.optionalErrorEnc` of class type is semireducible. Most type class instances should be instance-reducible, so consider marking this
definition with `@[instance_reducible]`. If it is intentionally semireducible, this warning can be disabled with `set_option warn.classDefReducibility false`.
warning: ZigLean/Mem/Enc.lean:226:0: Definition `Zig.Enc.optionWith` of class type is semireducible. Most type class instances should be instance-reducible, so consider marking this
definition with `@[instance_reducible]`. If it is intentionally semireducible, this warning can be disabled with `set_option warn.classDefReducibility false`.
warning: ZigLean/Mem/Enc.lean:231:0: Definition `Zig.Enc.vectorWith` of class type is semireducible. Most type class instances should be instance-reducible, so consider marking this
definition with `@[instance_reducible]`. If it is intentionally semireducible, this warning can be disabled with `set_option warn.classDefReducibility false`.
warning: ZigLean/Mem/Enc.lean:262:0: Definition `Zig.Enc.errorUnionWith` of class type is semireducible. Most type class instances should be instance-reducible, so consider marking this
definition with `@[instance_reducible]`. If it is intentionally semireducible, this warning can be disabled with `set_option warn.classDefReducibility false`.
warning: ZigLean/Mem/Enc.lean:267:0: Definition `Zig.errorUnionEnc` of class type is semireducible. Most type class instances should be instance-reducible, so consider marking this
definition with `@[instance_reducible]`. If it is intentionally semireducible, this warning can be disabled with `set_option warn.classDefReducibility false`.
⚠ [20/56] Replayed ZigLean.Mem.ErrWidth
warning: ZigLean/Mem/ErrWidth.lean:69:0: Definition `Zig.errorEncW` of class type is semireducible. Most type class instances should be instance-reducible, so consider marking this
definition with `@[instance_reducible]`. If it is intentionally semireducible, this warning can be disabled with `set_option warn.classDefReducibility false`.
warning: ZigLean/Mem/ErrWidth.lean:80:0: Definition `Zig.optionalErrorEncW` of class type is semireducible. Most type class instances should be instance-reducible, so consider marking this
definition with `@[instance_reducible]`. If it is intentionally semireducible, this warning can be disabled with `set_option warn.classDefReducibility false`.
warning: ZigLean/Mem/ErrWidth.lean:117:0: Definition `Zig.Enc.errorUnionWithW` of class type is semireducible. Most type class instances should be instance-reducible, so consider marking this
definition with `@[instance_reducible]`. If it is intentionally semireducible, this warning can be disabled with `set_option warn.classDefReducibility false`.
warning: ZigLean/Mem/ErrWidth.lean:134:0: Definition `Zig.errorUnionEncW` of class type is semireducible. Most type class instances should be instance-reducible, so consider marking this
definition with `@[instance_reducible]`. If it is intentionally semireducible, this warning can be disabled with `set_option warn.classDefReducibility false`.
⚠ [22/56] Replayed Air2Lean.Check
warning: Air2Lean/Check.lean:992:15: Variable name `v` is not explicitly referenced.

Hint: The binding can be removed (if unused) or named `_` (if used implicitly). Alternatively, prefix the name with `_` to silence this warning:
  [apply] _v

Note: This linter can be disabled with `set_option linter.unusedVariables false`
== atomics: checking against golden (tests/golden/atomics/air, then tests/golden/0.17.0/atomics/air, then tests/golden/0.17.0/atomics/air-linux) ==
== basic: dumping AIR ==
== basic: validating profiles and translating to Lean ==
⚠ [19/56] Replayed ZigLean.Mem.Enc
warning: ZigLean/Mem/Enc.lean:183:0: Definition `Zig.errorEnc` of class type is semireducible. Most type class instances should be instance-reducible, so consider marking this
definition with `@[instance_reducible]`. If it is intentionally semireducible, this warning can be disabled with `set_option warn.classDefReducibility false`.
warning: ZigLean/Mem/Enc.lean:194:0: Definition `Zig.optionalErrorEnc` of class type is semireducible. Most type class instances should be instance-reducible, so consider marking this
definition with `@[instance_reducible]`. If it is intentionally semireducible, this warning can be disabled with `set_option warn.classDefReducibility false`.
warning: ZigLean/Mem/Enc.lean:226:0: Definition `Zig.Enc.optionWith` of class type is semireducible. Most type class instances should be instance-reducible, so consider marking this
definition with `@[instance_reducible]`. If it is intentionally semireducible, this warning can be disabled with `set_option warn.classDefReducibility false`.
warning: ZigLean/Mem/Enc.lean:231:0: Definition `Zig.Enc.vectorWith` of class type is semireducible. Most type class instances should be instance-reducible, so consider marking this
definition with `@[instance_reducible]`. If it is intentionally semireducible, this warning can be disabled with `set_option warn.classDefReducibility false`.
warning: ZigLean/Mem/Enc.lean:262:0: Definition `Zig.Enc.errorUnionWith` of class type is semireducible. Most type class instances should be instance-reducible, so consider marking this
definition with `@[instance_reducible]`. If it is intentionally semireducible, this warning can be disabled with `set_option warn.classDefReducibility false`.
warning: ZigLean/Mem/Enc.lean:267:0: Definition `Zig.errorUnionEnc` of class type is semireducible. Most type class instances should be instance-reducible, so consider marking this
definition with `@[instance_reducible]`. If it is intentionally semireducible, this warning can be disabled with `set_option warn.classDefReducibility false`.
⚠ [20/56] Replayed ZigLean.Mem.ErrWidth
warning: ZigLean/Mem/ErrWidth.lean:69:0: Definition `Zig.errorEncW` of class type is semireducible. Most type class instances should be instance-reducible, so consider marking this
definition with `@[instance_reducible]`. If it is intentionally semireducible, this warning can be disabled with `set_option warn.classDefReducibility false`.
warning: ZigLean/Mem/ErrWidth.lean:80:0: Definition `Zig.optionalErrorEncW` of class type is semireducible. Most type class instances should be instance-reducible, so consider marking this
definition with `@[instance_reducible]`. If it is intentionally semireducible, this warning can be disabled with `set_option warn.classDefReducibility false`.
warning: ZigLean/Mem/ErrWidth.lean:117:0: Definition `Zig.Enc.errorUnionWithW` of class type is semireducible. Most type class instances should be instance-reducible, so consider marking this
definition with `@[instance_reducible]`. If it is intentionally semireducible, this warning can be disabled with `set_option warn.classDefReducibility false`.
warning: ZigLean/Mem/ErrWidth.lean:134:0: Definition `Zig.errorUnionEncW` of class type is semireducible. Most type class instances should be instance-reducible, so consider marking this
definition with `@[instance_reducible]`. If it is intentionally semireducible, this warning can be disabled with `set_option warn.classDefReducibility false`.
⚠ [22/56] Replayed Air2Lean.Check
warning: Air2Lean/Check.lean:992:15: Variable name `v` is not explicitly referenced.

Hint: The binding can be removed (if unused) or named `_` (if used implicitly). Alternatively, prefix the name with `_` to silence this warning:
  [apply] _v

Note: This linter can be disabled with `set_option linter.unusedVariables false`
== basic: checking against golden (tests/golden/basic/air, then tests/golden/0.17.0/basic/air, then tests/golden/0.17.0/basic/air-linux) ==
== errors: dumping AIR ==
== errors: validating profiles and translating to Lean ==
⚠ [19/56] Replayed ZigLean.Mem.Enc
warning: ZigLean/Mem/Enc.lean:183:0: Definition `Zig.errorEnc` of class type is semireducible. Most type class instances should be instance-reducible, so consider marking this
definition with `@[instance_reducible]`. If it is intentionally semireducible, this warning can be disabled with `set_option warn.classDefReducibility false`.
warning: ZigLean/Mem/Enc.lean:194:0: Definition `Zig.optionalErrorEnc` of class type is semireducible. Most type class instances should be instance-reducible, so consider marking this
definition with `@[instance_reducible]`. If it is intentionally semireducible, this warning can be disabled with `set_option warn.classDefReducibility false`.
warning: ZigLean/Mem/Enc.lean:226:0: Definition `Zig.Enc.optionWith` of class type is semireducible. Most type class instances should be instance-reducible, so consider marking this
definition with `@[instance_reducible]`. If it is intentionally semireducible, this warning can be disabled with `set_option warn.classDefReducibility false`.
warning: ZigLean/Mem/Enc.lean:231:0: Definition `Zig.Enc.vectorWith` of class type is semireducible. Most type class instances should be instance-reducible, so consider marking this
definition with `@[instance_reducible]`. If it is intentionally semireducible, this warning can be disabled with `set_option warn.classDefReducibility false`.
warning: ZigLean/Mem/Enc.lean:262:0: Definition `Zig.Enc.errorUnionWith` of class type is semireducible. Most type class instances should be instance-reducible, so consider marking this
definition with `@[instance_reducible]`. If it is intentionally semireducible, this warning can be disabled with `set_option warn.classDefReducibility false`.
warning: ZigLean/Mem/Enc.lean:267:0: Definition `Zig.errorUnionEnc` of class type is semireducible. Most type class instances should be instance-reducible, so consider marking this
definition with `@[instance_reducible]`. If it is intentionally semireducible, this warning can be disabled with `set_option warn.classDefReducibility false`.
⚠ [20/56] Replayed ZigLean.Mem.ErrWidth
warning: ZigLean/Mem/ErrWidth.lean:69:0: Definition `Zig.errorEncW` of class type is semireducible. Most type class instances should be instance-reducible, so consider marking this
definition with `@[instance_reducible]`. If it is intentionally semireducible, this warning can be disabled with `set_option warn.classDefReducibility false`.
warning: ZigLean/Mem/ErrWidth.lean:80:0: Definition `Zig.optionalErrorEncW` of class type is semireducible. Most type class instances should be instance-reducible, so consider marking this
definition with `@[instance_reducible]`. If it is intentionally semireducible, this warning can be disabled with `set_option warn.classDefReducibility false`.
warning: ZigLean/Mem/ErrWidth.lean:117:0: Definition `Zig.Enc.errorUnionWithW` of class type is semireducible. Most type class instances should be instance-reducible, so consider marking this
definition with `@[instance_reducible]`. If it is intentionally semireducible, this warning can be disabled with `set_option warn.classDefReducibility false`.
warning: ZigLean/Mem/ErrWidth.lean:134:0: Definition `Zig.errorUnionEncW` of class type is semireducible. Most type class instances should be instance-reducible, so consider marking this
definition with `@[instance_reducible]`. If it is intentionally semireducible, this warning can be disabled with `set_option warn.classDefReducibility false`.
⚠ [22/56] Replayed Air2Lean.Check
warning: Air2Lean/Check.lean:992:15: Variable name `v` is not explicitly referenced.

Hint: The binding can be removed (if unused) or named `_` (if used implicitly). Alternatively, prefix the name with `_` to silence this warning:
  [apply] _v

Note: This linter can be disabled with `set_option linter.unusedVariables false`
== errors: checking against golden (tests/golden/errors/air, then tests/golden/0.17.0/errors/air, then tests/golden/0.17.0/errors/air-linux) ==
== floatconv: dumping AIR ==
== floatconv: validating profiles and translating to Lean ==
⚠ [19/56] Replayed ZigLean.Mem.Enc
warning: ZigLean/Mem/Enc.lean:183:0: Definition `Zig.errorEnc` of class type is semireducible. Most type class instances should be instance-reducible, so consider marking this
definition with `@[instance_reducible]`. If it is intentionally semireducible, this warning can be disabled with `set_option warn.classDefReducibility false`.
warning: ZigLean/Mem/Enc.lean:194:0: Definition `Zig.optionalErrorEnc` of class type is semireducible. Most type class instances should be instance-reducible, so consider marking this
definition with `@[instance_reducible]`. If it is intentionally semireducible, this warning can be disabled with `set_option warn.classDefReducibility false`.
warning: ZigLean/Mem/Enc.lean:226:0: Definition `Zig.Enc.optionWith` of class type is semireducible. Most type class instances should be instance-reducible, so consider marking this
definition with `@[instance_reducible]`. If it is intentionally semireducible, this warning can be disabled with `set_option warn.classDefReducibility false`.
warning: ZigLean/Mem/Enc.lean:231:0: Definition `Zig.Enc.vectorWith` of class type is semireducible. Most type class instances should be instance-reducible, so consider marking this
definition with `@[instance_reducible]`. If it is intentionally semireducible, this warning can be disabled with `set_option warn.classDefReducibility false`.
warning: ZigLean/Mem/Enc.lean:262:0: Definition `Zig.Enc.errorUnionWith` of class type is semireducible. Most type class instances should be instance-reducible, so consider marking this
definition with `@[instance_reducible]`. If it is intentionally semireducible, this warning can be disabled with `set_option warn.classDefReducibility false`.
warning: ZigLean/Mem/Enc.lean:267:0: Definition `Zig.errorUnionEnc` of class type is semireducible. Most type class instances should be instance-reducible, so consider marking this
definition with `@[instance_reducible]`. If it is intentionally semireducible, this warning can be disabled with `set_option warn.classDefReducibility false`.
⚠ [20/56] Replayed ZigLean.Mem.ErrWidth
warning: ZigLean/Mem/ErrWidth.lean:69:0: Definition `Zig.errorEncW` of class type is semireducible. Most type class instances should be instance-reducible, so consider marking this
definition with `@[instance_reducible]`. If it is intentionally semireducible, this warning can be disabled with `set_option warn.classDefReducibility false`.
warning: ZigLean/Mem/ErrWidth.lean:80:0: Definition `Zig.optionalErrorEncW` of class type is semireducible. Most type class instances should be instance-reducible, so consider marking this
definition with `@[instance_reducible]`. If it is intentionally semireducible, this warning can be disabled with `set_option warn.classDefReducibility false`.
warning: ZigLean/Mem/ErrWidth.lean:117:0: Definition `Zig.Enc.errorUnionWithW` of class type is semireducible. Most type class instances should be instance-reducible, so consider marking this
definition with `@[instance_reducible]`. If it is intentionally semireducible, this warning can be disabled with `set_option warn.classDefReducibility false`.
warning: ZigLean/Mem/ErrWidth.lean:134:0: Definition `Zig.errorUnionEncW` of class type is semireducible. Most type class instances should be instance-reducible, so consider marking this
definition with `@[instance_reducible]`. If it is intentionally semireducible, this warning can be disabled with `set_option warn.classDefReducibility false`.
⚠ [22/56] Replayed Air2Lean.Check
warning: Air2Lean/Check.lean:992:15: Variable name `v` is not explicitly referenced.

Hint: The binding can be removed (if unused) or named `_` (if used implicitly). Alternatively, prefix the name with `_` to silence this warning:
  [apply] _v

Note: This linter can be disabled with `set_option linter.unusedVariables false`
== floatconv: checking against golden (tests/golden/floatconv/air, then tests/golden/0.17.0/floatconv/air, then tests/golden/0.17.0/floatconv/air-linux) ==
== floatops: dumping AIR ==
== floatops: validating profiles and translating to Lean ==
⚠ [19/56] Replayed ZigLean.Mem.Enc
warning: ZigLean/Mem/Enc.lean:183:0: Definition `Zig.errorEnc` of class type is semireducible. Most type class instances should be instance-reducible, so consider marking this
definition with `@[instance_reducible]`. If it is intentionally semireducible, this warning can be disabled with `set_option warn.classDefReducibility false`.
warning: ZigLean/Mem/Enc.lean:194:0: Definition `Zig.optionalErrorEnc` of class type is semireducible. Most type class instances should be instance-reducible, so consider marking this
definition with `@[instance_reducible]`. If it is intentionally semireducible, this warning can be disabled with `set_option warn.classDefReducibility false`.
warning: ZigLean/Mem/Enc.lean:226:0: Definition `Zig.Enc.optionWith` of class type is semireducible. Most type class instances should be instance-reducible, so consider marking this
definition with `@[instance_reducible]`. If it is intentionally semireducible, this warning can be disabled with `set_option warn.classDefReducibility false`.
warning: ZigLean/Mem/Enc.lean:231:0: Definition `Zig.Enc.vectorWith` of class type is semireducible. Most type class instances should be instance-reducible, so consider marking this
definition with `@[instance_reducible]`. If it is intentionally semireducible, this warning can be disabled with `set_option warn.classDefReducibility false`.
warning: ZigLean/Mem/Enc.lean:262:0: Definition `Zig.Enc.errorUnionWith` of class type is semireducible. Most type class instances should be instance-reducible, so consider marking this
definition with `@[instance_reducible]`. If it is intentionally semireducible, this warning can be disabled with `set_option warn.classDefReducibility false`.
warning: ZigLean/Mem/Enc.lean:267:0: Definition `Zig.errorUnionEnc` of class type is semireducible. Most type class instances should be instance-reducible, so consider marking this
definition with `@[instance_reducible]`. If it is intentionally semireducible, this warning can be disabled with `set_option warn.classDefReducibility false`.
⚠ [20/56] Replayed ZigLean.Mem.ErrWidth
warning: ZigLean/Mem/ErrWidth.lean:69:0: Definition `Zig.errorEncW` of class type is semireducible. Most type class instances should be instance-reducible, so consider marking this
definition with `@[instance_reducible]`. If it is intentionally semireducible, this warning can be disabled with `set_option warn.classDefReducibility false`.
warning: ZigLean/Mem/ErrWidth.lean:80:0: Definition `Zig.optionalErrorEncW` of class type is semireducible. Most type class instances should be instance-reducible, so consider marking this
definition with `@[instance_reducible]`. If it is intentionally semireducible, this warning can be disabled with `set_option warn.classDefReducibility false`.
warning: ZigLean/Mem/ErrWidth.lean:117:0: Definition `Zig.Enc.errorUnionWithW` of class type is semireducible. Most type class instances should be instance-reducible, so consider marking this
definition with `@[instance_reducible]`. If it is intentionally semireducible, this warning can be disabled with `set_option warn.classDefReducibility false`.
warning: ZigLean/Mem/ErrWidth.lean:134:0: Definition `Zig.errorUnionEncW` of class type is semireducible. Most type class instances should be instance-reducible, so consider marking this
definition with `@[instance_reducible]`. If it is intentionally semireducible, this warning can be disabled with `set_option warn.classDefReducibility false`.
⚠ [22/56] Replayed Air2Lean.Check
warning: Air2Lean/Check.lean:992:15: Variable name `v` is not explicitly referenced.

Hint: The binding can be removed (if unused) or named `_` (if used implicitly). Alternatively, prefix the name with `_` to silence this warning:
  [apply] _v

Note: This linter can be disabled with `set_option linter.unusedVariables false`
== floatops: checking against golden (tests/golden/floatops/air, then tests/golden/0.17.0/floatops/air, then tests/golden/0.17.0/floatops/air-linux) ==
== floats: dumping AIR ==
== floats: validating profiles and translating to Lean ==
⚠ [19/56] Replayed ZigLean.Mem.Enc
warning: ZigLean/Mem/Enc.lean:183:0: Definition `Zig.errorEnc` of class type is semireducible. Most type class instances should be instance-reducible, so consider marking this
definition with `@[instance_reducible]`. If it is intentionally semireducible, this warning can be disabled with `set_option warn.classDefReducibility false`.
warning: ZigLean/Mem/Enc.lean:194:0: Definition `Zig.optionalErrorEnc` of class type is semireducible. Most type class instances should be instance-reducible, so consider marking this
definition with `@[instance_reducible]`. If it is intentionally semireducible, this warning can be disabled with `set_option warn.classDefReducibility false`.
warning: ZigLean/Mem/Enc.lean:226:0: Definition `Zig.Enc.optionWith` of class type is semireducible. Most type class instances should be instance-reducible, so consider marking this
definition with `@[instance_reducible]`. If it is intentionally semireducible, this warning can be disabled with `set_option warn.classDefReducibility false`.
warning: ZigLean/Mem/Enc.lean:231:0: Definition `Zig.Enc.vectorWith` of class type is semireducible. Most type class instances should be instance-reducible, so consider marking this
definition with `@[instance_reducible]`. If it is intentionally semireducible, this warning can be disabled with `set_option warn.classDefReducibility false`.
warning: ZigLean/Mem/Enc.lean:262:0: Definition `Zig.Enc.errorUnionWith` of class type is semireducible. Most type class instances should be instance-reducible, so consider marking this
definition with `@[instance_reducible]`. If it is intentionally semireducible, this warning can be disabled with `set_option warn.classDefReducibility false`.
warning: ZigLean/Mem/Enc.lean:267:0: Definition `Zig.errorUnionEnc` of class type is semireducible. Most type class instances should be instance-reducible, so consider marking this
definition with `@[instance_reducible]`. If it is intentionally semireducible, this warning can be disabled with `set_option warn.classDefReducibility false`.
⚠ [20/56] Replayed ZigLean.Mem.ErrWidth
warning: ZigLean/Mem/ErrWidth.lean:69:0: Definition `Zig.errorEncW` of class type is semireducible. Most type class instances should be instance-reducible, so consider marking this
definition with `@[instance_reducible]`. If it is intentionally semireducible, this warning can be disabled with `set_option warn.classDefReducibility false`.
warning: ZigLean/Mem/ErrWidth.lean:80:0: Definition `Zig.optionalErrorEncW` of class type is semireducible. Most type class instances should be instance-reducible, so consider marking this
definition with `@[instance_reducible]`. If it is intentionally semireducible, this warning can be disabled with `set_option warn.classDefReducibility false`.
warning: ZigLean/Mem/ErrWidth.lean:117:0: Definition `Zig.Enc.errorUnionWithW` of class type is semireducible. Most type class instances should be instance-reducible, so consider marking this
definition with `@[instance_reducible]`. If it is intentionally semireducible, this warning can be disabled with `set_option warn.classDefReducibility false`.
warning: ZigLean/Mem/ErrWidth.lean:134:0: Definition `Zig.errorUnionEncW` of class type is semireducible. Most type class instances should be instance-reducible, so consider marking this
definition with `@[instance_reducible]`. If it is intentionally semireducible, this warning can be disabled with `set_option warn.classDefReducibility false`.
⚠ [22/56] Replayed Air2Lean.Check
warning: Air2Lean/Check.lean:992:15: Variable name `v` is not explicitly referenced.

Hint: The binding can be removed (if unused) or named `_` (if used implicitly). Alternatively, prefix the name with `_` to silence this warning:
  [apply] _v

Note: This linter can be disabled with `set_option linter.unusedVariables false`
== floats: checking against golden (tests/golden/floats/air, then tests/golden/0.17.0/floats/air, then tests/golden/0.17.0/floats/air-linux) ==
== iogroup: dumping AIR ==
== iogroup: validating profiles and translating to Lean ==
⚠ [19/56] Replayed ZigLean.Mem.Enc
warning: ZigLean/Mem/Enc.lean:183:0: Definition `Zig.errorEnc` of class type is semireducible. Most type class instances should be instance-reducible, so consider marking this
definition with `@[instance_reducible]`. If it is intentionally semireducible, this warning can be disabled with `set_option warn.classDefReducibility false`.
warning: ZigLean/Mem/Enc.lean:194:0: Definition `Zig.optionalErrorEnc` of class type is semireducible. Most type class instances should be instance-reducible, so consider marking this
definition with `@[instance_reducible]`. If it is intentionally semireducible, this warning can be disabled with `set_option warn.classDefReducibility false`.
warning: ZigLean/Mem/Enc.lean:226:0: Definition `Zig.Enc.optionWith` of class type is semireducible. Most type class instances should be instance-reducible, so consider marking this
definition with `@[instance_reducible]`. If it is intentionally semireducible, this warning can be disabled with `set_option warn.classDefReducibility false`.
warning: ZigLean/Mem/Enc.lean:231:0: Definition `Zig.Enc.vectorWith` of class type is semireducible. Most type class instances should be instance-reducible, so consider marking this
definition with `@[instance_reducible]`. If it is intentionally semireducible, this warning can be disabled with `set_option warn.classDefReducibility false`.
warning: ZigLean/Mem/Enc.lean:262:0: Definition `Zig.Enc.errorUnionWith` of class type is semireducible. Most type class instances should be instance-reducible, so consider marking this
definition with `@[instance_reducible]`. If it is intentionally semireducible, this warning can be disabled with `set_option warn.classDefReducibility false`.
warning: ZigLean/Mem/Enc.lean:267:0: Definition `Zig.errorUnionEnc` of class type is semireducible. Most type class instances should be instance-reducible, so consider marking this
definition with `@[instance_reducible]`. If it is intentionally semireducible, this warning can be disabled with `set_option warn.classDefReducibility false`.
⚠ [20/56] Replayed ZigLean.Mem.ErrWidth
warning: ZigLean/Mem/ErrWidth.lean:69:0: Definition `Zig.errorEncW` of class type is semireducible. Most type class instances should be instance-reducible, so consider marking this
definition with `@[instance_reducible]`. If it is intentionally semireducible, this warning can be disabled with `set_option warn.classDefReducibility false`.
warning: ZigLean/Mem/ErrWidth.lean:80:0: Definition `Zig.optionalErrorEncW` of class type is semireducible. Most type class instances should be instance-reducible, so consider marking this
definition with `@[instance_reducible]`. If it is intentionally semireducible, this warning can be disabled with `set_option warn.classDefReducibility false`.
warning: ZigLean/Mem/ErrWidth.lean:117:0: Definition `Zig.Enc.errorUnionWithW` of class type is semireducible. Most type class instances should be instance-reducible, so consider marking this
definition with `@[instance_reducible]`. If it is intentionally semireducible, this warning can be disabled with `set_option warn.classDefReducibility false`.
warning: ZigLean/Mem/ErrWidth.lean:134:0: Definition `Zig.errorUnionEncW` of class type is semireducible. Most type class instances should be instance-reducible, so consider marking this
definition with `@[instance_reducible]`. If it is intentionally semireducible, this warning can be disabled with `set_option warn.classDefReducibility false`.
⚠ [22/56] Replayed Air2Lean.Check
warning: Air2Lean/Check.lean:992:15: Variable name `v` is not explicitly referenced.

Hint: The binding can be removed (if unused) or named `_` (if used implicitly). Alternatively, prefix the name with `_` to silence this warning:
  [apply] _v

Note: This linter can be disabled with `set_option linter.unusedVariables false`
== iogroup: checking against golden (tests/golden/iogroup/air, then tests/golden/0.17.0/iogroup/air, then tests/golden/0.17.0/iogroup/air-linux) ==
== layout: dumping AIR ==
== layout: validating profiles and translating to Lean ==
⚠ [19/56] Replayed ZigLean.Mem.Enc
warning: ZigLean/Mem/Enc.lean:183:0: Definition `Zig.errorEnc` of class type is semireducible. Most type class instances should be instance-reducible, so consider marking this
definition with `@[instance_reducible]`. If it is intentionally semireducible, this warning can be disabled with `set_option warn.classDefReducibility false`.
warning: ZigLean/Mem/Enc.lean:194:0: Definition `Zig.optionalErrorEnc` of class type is semireducible. Most type class instances should be instance-reducible, so consider marking this
definition with `@[instance_reducible]`. If it is intentionally semireducible, this warning can be disabled with `set_option warn.classDefReducibility false`.
warning: ZigLean/Mem/Enc.lean:226:0: Definition `Zig.Enc.optionWith` of class type is semireducible. Most type class instances should be instance-reducible, so consider marking this
definition with `@[instance_reducible]`. If it is intentionally semireducible, this warning can be disabled with `set_option warn.classDefReducibility false`.
warning: ZigLean/Mem/Enc.lean:231:0: Definition `Zig.Enc.vectorWith` of class type is semireducible. Most type class instances should be instance-reducible, so consider marking this
definition with `@[instance_reducible]`. If it is intentionally semireducible, this warning can be disabled with `set_option warn.classDefReducibility false`.
warning: ZigLean/Mem/Enc.lean:262:0: Definition `Zig.Enc.errorUnionWith` of class type is semireducible. Most type class instances should be instance-reducible, so consider marking this
definition with `@[instance_reducible]`. If it is intentionally semireducible, this warning can be disabled with `set_option warn.classDefReducibility false`.
warning: ZigLean/Mem/Enc.lean:267:0: Definition `Zig.errorUnionEnc` of class type is semireducible. Most type class instances should be instance-reducible, so consider marking this
definition with `@[instance_reducible]`. If it is intentionally semireducible, this warning can be disabled with `set_option warn.classDefReducibility false`.
⚠ [20/56] Replayed ZigLean.Mem.ErrWidth
warning: ZigLean/Mem/ErrWidth.lean:69:0: Definition `Zig.errorEncW` of class type is semireducible. Most type class instances should be instance-reducible, so consider marking this
definition with `@[instance_reducible]`. If it is intentionally semireducible, this warning can be disabled with `set_option warn.classDefReducibility false`.
warning: ZigLean/Mem/ErrWidth.lean:80:0: Definition `Zig.optionalErrorEncW` of class type is semireducible. Most type class instances should be instance-reducible, so consider marking this
definition with `@[instance_reducible]`. If it is intentionally semireducible, this warning can be disabled with `set_option warn.classDefReducibility false`.
warning: ZigLean/Mem/ErrWidth.lean:117:0: Definition `Zig.Enc.errorUnionWithW` of class type is semireducible. Most type class instances should be instance-reducible, so consider marking this
definition with `@[instance_reducible]`. If it is intentionally semireducible, this warning can be disabled with `set_option warn.classDefReducibility false`.
warning: ZigLean/Mem/ErrWidth.lean:134:0: Definition `Zig.errorUnionEncW` of class type is semireducible. Most type class instances should be instance-reducible, so consider marking this
definition with `@[instance_reducible]`. If it is intentionally semireducible, this warning can be disabled with `set_option warn.classDefReducibility false`.
⚠ [22/56] Replayed Air2Lean.Check
warning: Air2Lean/Check.lean:992:15: Variable name `v` is not explicitly referenced.

Hint: The binding can be removed (if unused) or named `_` (if used implicitly). Alternatively, prefix the name with `_` to silence this warning:
  [apply] _v

Note: This linter can be disabled with `set_option linter.unusedVariables false`
== layout: checking against golden (tests/golden/layout/air, then tests/golden/0.17.0/layout/air, then tests/golden/0.17.0/layout/air-linux) ==
== lists: dumping AIR ==
== lists: validating profiles and translating to Lean ==
⚠ [19/56] Replayed ZigLean.Mem.Enc
warning: ZigLean/Mem/Enc.lean:183:0: Definition `Zig.errorEnc` of class type is semireducible. Most type class instances should be instance-reducible, so consider marking this
definition with `@[instance_reducible]`. If it is intentionally semireducible, this warning can be disabled with `set_option warn.classDefReducibility false`.
warning: ZigLean/Mem/Enc.lean:194:0: Definition `Zig.optionalErrorEnc` of class type is semireducible. Most type class instances should be instance-reducible, so consider marking this
definition with `@[instance_reducible]`. If it is intentionally semireducible, this warning can be disabled with `set_option warn.classDefReducibility false`.
warning: ZigLean/Mem/Enc.lean:226:0: Definition `Zig.Enc.optionWith` of class type is semireducible. Most type class instances should be instance-reducible, so consider marking this
definition with `@[instance_reducible]`. If it is intentionally semireducible, this warning can be disabled with `set_option warn.classDefReducibility false`.
warning: ZigLean/Mem/Enc.lean:231:0: Definition `Zig.Enc.vectorWith` of class type is semireducible. Most type class instances should be instance-reducible, so consider marking this
definition with `@[instance_reducible]`. If it is intentionally semireducible, this warning can be disabled with `set_option warn.classDefReducibility false`.
warning: ZigLean/Mem/Enc.lean:262:0: Definition `Zig.Enc.errorUnionWith` of class type is semireducible. Most type class instances should be instance-reducible, so consider marking this
definition with `@[instance_reducible]`. If it is intentionally semireducible, this warning can be disabled with `set_option warn.classDefReducibility false`.
warning: ZigLean/Mem/Enc.lean:267:0: Definition `Zig.errorUnionEnc` of class type is semireducible. Most type class instances should be instance-reducible, so consider marking this
definition with `@[instance_reducible]`. If it is intentionally semireducible, this warning can be disabled with `set_option warn.classDefReducibility false`.
⚠ [20/56] Replayed ZigLean.Mem.ErrWidth
warning: ZigLean/Mem/ErrWidth.lean:69:0: Definition `Zig.errorEncW` of class type is semireducible. Most type class instances should be instance-reducible, so consider marking this
definition with `@[instance_reducible]`. If it is intentionally semireducible, this warning can be disabled with `set_option warn.classDefReducibility false`.
warning: ZigLean/Mem/ErrWidth.lean:80:0: Definition `Zig.optionalErrorEncW` of class type is semireducible. Most type class instances should be instance-reducible, so consider marking this
definition with `@[instance_reducible]`. If it is intentionally semireducible, this warning can be disabled with `set_option warn.classDefReducibility false`.
warning: ZigLean/Mem/ErrWidth.lean:117:0: Definition `Zig.Enc.errorUnionWithW` of class type is semireducible. Most type class instances should be instance-reducible, so consider marking this
definition with `@[instance_reducible]`. If it is intentionally semireducible, this warning can be disabled with `set_option warn.classDefReducibility false`.
warning: ZigLean/Mem/ErrWidth.lean:134:0: Definition `Zig.errorUnionEncW` of class type is semireducible. Most type class instances should be instance-reducible, so consider marking this
definition with `@[instance_reducible]`. If it is intentionally semireducible, this warning can be disabled with `set_option warn.classDefReducibility false`.
⚠ [22/56] Replayed Air2Lean.Check
warning: Air2Lean/Check.lean:992:15: Variable name `v` is not explicitly referenced.

Hint: The binding can be removed (if unused) or named `_` (if used implicitly). Alternatively, prefix the name with `_` to silence this warning:
  [apply] _v

Note: This linter can be disabled with `set_option linter.unusedVariables false`
== lists: checking against golden (tests/golden/lists/air, then tests/golden/0.17.0/lists/air, then tests/golden/0.17.0/lists/air-linux) ==
== options: dumping AIR ==
== options: validating profiles and translating to Lean ==
⚠ [19/56] Replayed ZigLean.Mem.Enc
warning: ZigLean/Mem/Enc.lean:183:0: Definition `Zig.errorEnc` of class type is semireducible. Most type class instances should be instance-reducible, so consider marking this
definition with `@[instance_reducible]`. If it is intentionally semireducible, this warning can be disabled with `set_option warn.classDefReducibility false`.
warning: ZigLean/Mem/Enc.lean:194:0: Definition `Zig.optionalErrorEnc` of class type is semireducible. Most type class instances should be instance-reducible, so consider marking this
definition with `@[instance_reducible]`. If it is intentionally semireducible, this warning can be disabled with `set_option warn.classDefReducibility false`.
warning: ZigLean/Mem/Enc.lean:226:0: Definition `Zig.Enc.optionWith` of class type is semireducible. Most type class instances should be instance-reducible, so consider marking this
definition with `@[instance_reducible]`. If it is intentionally semireducible, this warning can be disabled with `set_option warn.classDefReducibility false`.
warning: ZigLean/Mem/Enc.lean:231:0: Definition `Zig.Enc.vectorWith` of class type is semireducible. Most type class instances should be instance-reducible, so consider marking this
definition with `@[instance_reducible]`. If it is intentionally semireducible, this warning can be disabled with `set_option warn.classDefReducibility false`.
warning: ZigLean/Mem/Enc.lean:262:0: Definition `Zig.Enc.errorUnionWith` of class type is semireducible. Most type class instances should be instance-reducible, so consider marking this
definition with `@[instance_reducible]`. If it is intentionally semireducible, this warning can be disabled with `set_option warn.classDefReducibility false`.
warning: ZigLean/Mem/Enc.lean:267:0: Definition `Zig.errorUnionEnc` of class type is semireducible. Most type class instances should be instance-reducible, so consider marking this
definition with `@[instance_reducible]`. If it is intentionally semireducible, this warning can be disabled with `set_option warn.classDefReducibility false`.
⚠ [20/56] Replayed ZigLean.Mem.ErrWidth
warning: ZigLean/Mem/ErrWidth.lean:69:0: Definition `Zig.errorEncW` of class type is semireducible. Most type class instances should be instance-reducible, so consider marking this
definition with `@[instance_reducible]`. If it is intentionally semireducible, this warning can be disabled with `set_option warn.classDefReducibility false`.
warning: ZigLean/Mem/ErrWidth.lean:80:0: Definition `Zig.optionalErrorEncW` of class type is semireducible. Most type class instances should be instance-reducible, so consider marking this
definition with `@[instance_reducible]`. If it is intentionally semireducible, this warning can be disabled with `set_option warn.classDefReducibility false`.
warning: ZigLean/Mem/ErrWidth.lean:117:0: Definition `Zig.Enc.errorUnionWithW` of class type is semireducible. Most type class instances should be instance-reducible, so consider marking this
definition with `@[instance_reducible]`. If it is intentionally semireducible, this warning can be disabled with `set_option warn.classDefReducibility false`.
warning: ZigLean/Mem/ErrWidth.lean:134:0: Definition `Zig.errorUnionEncW` of class type is semireducible. Most type class instances should be instance-reducible, so consider marking this
definition with `@[instance_reducible]`. If it is intentionally semireducible, this warning can be disabled with `set_option warn.classDefReducibility false`.
⚠ [22/56] Replayed Air2Lean.Check
warning: Air2Lean/Check.lean:992:15: Variable name `v` is not explicitly referenced.

Hint: The binding can be removed (if unused) or named `_` (if used implicitly). Alternatively, prefix the name with `_` to silence this warning:
  [apply] _v

Note: This linter can be disabled with `set_option linter.unusedVariables false`
== options: checking against golden (tests/golden/options/air, then tests/golden/0.17.0/options/air, then tests/golden/0.17.0/options/air-linux) ==
== pointers: dumping AIR ==
== pointers: validating profiles and translating to Lean ==
⚠ [19/56] Replayed ZigLean.Mem.Enc
warning: ZigLean/Mem/Enc.lean:183:0: Definition `Zig.errorEnc` of class type is semireducible. Most type class instances should be instance-reducible, so consider marking this
definition with `@[instance_reducible]`. If it is intentionally semireducible, this warning can be disabled with `set_option warn.classDefReducibility false`.
warning: ZigLean/Mem/Enc.lean:194:0: Definition `Zig.optionalErrorEnc` of class type is semireducible. Most type class instances should be instance-reducible, so consider marking this
definition with `@[instance_reducible]`. If it is intentionally semireducible, this warning can be disabled with `set_option warn.classDefReducibility false`.
warning: ZigLean/Mem/Enc.lean:226:0: Definition `Zig.Enc.optionWith` of class type is semireducible. Most type class instances should be instance-reducible, so consider marking this
definition with `@[instance_reducible]`. If it is intentionally semireducible, this warning can be disabled with `set_option warn.classDefReducibility false`.
warning: ZigLean/Mem/Enc.lean:231:0: Definition `Zig.Enc.vectorWith` of class type is semireducible. Most type class instances should be instance-reducible, so consider marking this
definition with `@[instance_reducible]`. If it is intentionally semireducible, this warning can be disabled with `set_option warn.classDefReducibility false`.
warning: ZigLean/Mem/Enc.lean:262:0: Definition `Zig.Enc.errorUnionWith` of class type is semireducible. Most type class instances should be instance-reducible, so consider marking this
definition with `@[instance_reducible]`. If it is intentionally semireducible, this warning can be disabled with `set_option warn.classDefReducibility false`.
warning: ZigLean/Mem/Enc.lean:267:0: Definition `Zig.errorUnionEnc` of class type is semireducible. Most type class instances should be instance-reducible, so consider marking this
definition with `@[instance_reducible]`. If it is intentionally semireducible, this warning can be disabled with `set_option warn.classDefReducibility false`.
⚠ [20/56] Replayed ZigLean.Mem.ErrWidth
warning: ZigLean/Mem/ErrWidth.lean:69:0: Definition `Zig.errorEncW` of class type is semireducible. Most type class instances should be instance-reducible, so consider marking this
definition with `@[instance_reducible]`. If it is intentionally semireducible, this warning can be disabled with `set_option warn.classDefReducibility false`.
warning: ZigLean/Mem/ErrWidth.lean:80:0: Definition `Zig.optionalErrorEncW` of class type is semireducible. Most type class instances should be instance-reducible, so consider marking this
definition with `@[instance_reducible]`. If it is intentionally semireducible, this warning can be disabled with `set_option warn.classDefReducibility false`.
warning: ZigLean/Mem/ErrWidth.lean:117:0: Definition `Zig.Enc.errorUnionWithW` of class type is semireducible. Most type class instances should be instance-reducible, so consider marking this
definition with `@[instance_reducible]`. If it is intentionally semireducible, this warning can be disabled with `set_option warn.classDefReducibility false`.
warning: ZigLean/Mem/ErrWidth.lean:134:0: Definition `Zig.errorUnionEncW` of class type is semireducible. Most type class instances should be instance-reducible, so consider marking this
definition with `@[instance_reducible]`. If it is intentionally semireducible, this warning can be disabled with `set_option warn.classDefReducibility false`.
⚠ [22/56] Replayed Air2Lean.Check
warning: Air2Lean/Check.lean:992:15: Variable name `v` is not explicitly referenced.

Hint: The binding can be removed (if unused) or named `_` (if used implicitly). Alternatively, prefix the name with `_` to silence this warning:
  [apply] _v

Note: This linter can be disabled with `set_option linter.unusedVariables false`
== pointers: checking against golden (tests/golden/pointers/air, then tests/golden/0.17.0/pointers/air, then tests/golden/0.17.0/pointers/air-linux) ==
== recursion: dumping AIR ==
== recursion: validating profiles and translating to Lean ==
⚠ [19/56] Replayed ZigLean.Mem.Enc
warning: ZigLean/Mem/Enc.lean:183:0: Definition `Zig.errorEnc` of class type is semireducible. Most type class instances should be instance-reducible, so consider marking this
definition with `@[instance_reducible]`. If it is intentionally semireducible, this warning can be disabled with `set_option warn.classDefReducibility false`.
warning: ZigLean/Mem/Enc.lean:194:0: Definition `Zig.optionalErrorEnc` of class type is semireducible. Most type class instances should be instance-reducible, so consider marking this
definition with `@[instance_reducible]`. If it is intentionally semireducible, this warning can be disabled with `set_option warn.classDefReducibility false`.
warning: ZigLean/Mem/Enc.lean:226:0: Definition `Zig.Enc.optionWith` of class type is semireducible. Most type class instances should be instance-reducible, so consider marking this
definition with `@[instance_reducible]`. If it is intentionally semireducible, this warning can be disabled with `set_option warn.classDefReducibility false`.
warning: ZigLean/Mem/Enc.lean:231:0: Definition `Zig.Enc.vectorWith` of class type is semireducible. Most type class instances should be instance-reducible, so consider marking this
definition with `@[instance_reducible]`. If it is intentionally semireducible, this warning can be disabled with `set_option warn.classDefReducibility false`.
warning: ZigLean/Mem/Enc.lean:262:0: Definition `Zig.Enc.errorUnionWith` of class type is semireducible. Most type class instances should be instance-reducible, so consider marking this
definition with `@[instance_reducible]`. If it is intentionally semireducible, this warning can be disabled with `set_option warn.classDefReducibility false`.
warning: ZigLean/Mem/Enc.lean:267:0: Definition `Zig.errorUnionEnc` of class type is semireducible. Most type class instances should be instance-reducible, so consider marking this
definition with `@[instance_reducible]`. If it is intentionally semireducible, this warning can be disabled with `set_option warn.classDefReducibility false`.
⚠ [20/56] Replayed ZigLean.Mem.ErrWidth
warning: ZigLean/Mem/ErrWidth.lean:69:0: Definition `Zig.errorEncW` of class type is semireducible. Most type class instances should be instance-reducible, so consider marking this
definition with `@[instance_reducible]`. If it is intentionally semireducible, this warning can be disabled with `set_option warn.classDefReducibility false`.
warning: ZigLean/Mem/ErrWidth.lean:80:0: Definition `Zig.optionalErrorEncW` of class type is semireducible. Most type class instances should be instance-reducible, so consider marking this
definition with `@[instance_reducible]`. If it is intentionally semireducible, this warning can be disabled with `set_option warn.classDefReducibility false`.
warning: ZigLean/Mem/ErrWidth.lean:117:0: Definition `Zig.Enc.errorUnionWithW` of class type is semireducible. Most type class instances should be instance-reducible, so consider marking this
definition with `@[instance_reducible]`. If it is intentionally semireducible, this warning can be disabled with `set_option warn.classDefReducibility false`.
warning: ZigLean/Mem/ErrWidth.lean:134:0: Definition `Zig.errorUnionEncW` of class type is semireducible. Most type class instances should be instance-reducible, so consider marking this
definition with `@[instance_reducible]`. If it is intentionally semireducible, this warning can be disabled with `set_option warn.classDefReducibility false`.
⚠ [22/56] Replayed Air2Lean.Check
warning: Air2Lean/Check.lean:992:15: Variable name `v` is not explicitly referenced.

Hint: The binding can be removed (if unused) or named `_` (if used implicitly). Alternatively, prefix the name with `_` to silence this warning:
  [apply] _v

Note: This linter can be disabled with `set_option linter.unusedVariables false`
== recursion: checking against golden (tests/golden/recursion/air, then tests/golden/0.17.0/recursion/air, then tests/golden/0.17.0/recursion/air-linux) ==
== slices: dumping AIR ==
== slices: validating profiles and translating to Lean ==
⚠ [19/56] Replayed ZigLean.Mem.Enc
warning: ZigLean/Mem/Enc.lean:183:0: Definition `Zig.errorEnc` of class type is semireducible. Most type class instances should be instance-reducible, so consider marking this
definition with `@[instance_reducible]`. If it is intentionally semireducible, this warning can be disabled with `set_option warn.classDefReducibility false`.
warning: ZigLean/Mem/Enc.lean:194:0: Definition `Zig.optionalErrorEnc` of class type is semireducible. Most type class instances should be instance-reducible, so consider marking this
definition with `@[instance_reducible]`. If it is intentionally semireducible, this warning can be disabled with `set_option warn.classDefReducibility false`.
warning: ZigLean/Mem/Enc.lean:226:0: Definition `Zig.Enc.optionWith` of class type is semireducible. Most type class instances should be instance-reducible, so consider marking this
definition with `@[instance_reducible]`. If it is intentionally semireducible, this warning can be disabled with `set_option warn.classDefReducibility false`.
warning: ZigLean/Mem/Enc.lean:231:0: Definition `Zig.Enc.vectorWith` of class type is semireducible. Most type class instances should be instance-reducible, so consider marking this
definition with `@[instance_reducible]`. If it is intentionally semireducible, this warning can be disabled with `set_option warn.classDefReducibility false`.
warning: ZigLean/Mem/Enc.lean:262:0: Definition `Zig.Enc.errorUnionWith` of class type is semireducible. Most type class instances should be instance-reducible, so consider marking this
definition with `@[instance_reducible]`. If it is intentionally semireducible, this warning can be disabled with `set_option warn.classDefReducibility false`.
warning: ZigLean/Mem/Enc.lean:267:0: Definition `Zig.errorUnionEnc` of class type is semireducible. Most type class instances should be instance-reducible, so consider marking this
definition with `@[instance_reducible]`. If it is intentionally semireducible, this warning can be disabled with `set_option warn.classDefReducibility false`.
⚠ [20/56] Replayed ZigLean.Mem.ErrWidth
warning: ZigLean/Mem/ErrWidth.lean:69:0: Definition `Zig.errorEncW` of class type is semireducible. Most type class instances should be instance-reducible, so consider marking this
definition with `@[instance_reducible]`. If it is intentionally semireducible, this warning can be disabled with `set_option warn.classDefReducibility false`.
warning: ZigLean/Mem/ErrWidth.lean:80:0: Definition `Zig.optionalErrorEncW` of class type is semireducible. Most type class instances should be instance-reducible, so consider marking this
definition with `@[instance_reducible]`. If it is intentionally semireducible, this warning can be disabled with `set_option warn.classDefReducibility false`.
warning: ZigLean/Mem/ErrWidth.lean:117:0: Definition `Zig.Enc.errorUnionWithW` of class type is semireducible. Most type class instances should be instance-reducible, so consider marking this
definition with `@[instance_reducible]`. If it is intentionally semireducible, this warning can be disabled with `set_option warn.classDefReducibility false`.
warning: ZigLean/Mem/ErrWidth.lean:134:0: Definition `Zig.errorUnionEncW` of class type is semireducible. Most type class instances should be instance-reducible, so consider marking this
definition with `@[instance_reducible]`. If it is intentionally semireducible, this warning can be disabled with `set_option warn.classDefReducibility false`.
⚠ [22/56] Replayed Air2Lean.Check
warning: Air2Lean/Check.lean:992:15: Variable name `v` is not explicitly referenced.

Hint: The binding can be removed (if unused) or named `_` (if used implicitly). Alternatively, prefix the name with `_` to silence this warning:
  [apply] _v

Note: This linter can be disabled with `set_option linter.unusedVariables false`
== slices: checking against golden (tests/golden/slices/air, then tests/golden/0.17.0/slices/air, then tests/golden/0.17.0/slices/air-linux) ==
== sync: dumping AIR ==
== sync: validating profiles and translating to Lean ==
⚠ [19/56] Replayed ZigLean.Mem.Enc
warning: ZigLean/Mem/Enc.lean:183:0: Definition `Zig.errorEnc` of class type is semireducible. Most type class instances should be instance-reducible, so consider marking this
definition with `@[instance_reducible]`. If it is intentionally semireducible, this warning can be disabled with `set_option warn.classDefReducibility false`.
warning: ZigLean/Mem/Enc.lean:194:0: Definition `Zig.optionalErrorEnc` of class type is semireducible. Most type class instances should be instance-reducible, so consider marking this
definition with `@[instance_reducible]`. If it is intentionally semireducible, this warning can be disabled with `set_option warn.classDefReducibility false`.
warning: ZigLean/Mem/Enc.lean:226:0: Definition `Zig.Enc.optionWith` of class type is semireducible. Most type class instances should be instance-reducible, so consider marking this
definition with `@[instance_reducible]`. If it is intentionally semireducible, this warning can be disabled with `set_option warn.classDefReducibility false`.
warning: ZigLean/Mem/Enc.lean:231:0: Definition `Zig.Enc.vectorWith` of class type is semireducible. Most type class instances should be instance-reducible, so consider marking this
definition with `@[instance_reducible]`. If it is intentionally semireducible, this warning can be disabled with `set_option warn.classDefReducibility false`.
warning: ZigLean/Mem/Enc.lean:262:0: Definition `Zig.Enc.errorUnionWith` of class type is semireducible. Most type class instances should be instance-reducible, so consider marking this
definition with `@[instance_reducible]`. If it is intentionally semireducible, this warning can be disabled with `set_option warn.classDefReducibility false`.
warning: ZigLean/Mem/Enc.lean:267:0: Definition `Zig.errorUnionEnc` of class type is semireducible. Most type class instances should be instance-reducible, so consider marking this
definition with `@[instance_reducible]`. If it is intentionally semireducible, this warning can be disabled with `set_option warn.classDefReducibility false`.
⚠ [20/56] Replayed ZigLean.Mem.ErrWidth
warning: ZigLean/Mem/ErrWidth.lean:69:0: Definition `Zig.errorEncW` of class type is semireducible. Most type class instances should be instance-reducible, so consider marking this
definition with `@[instance_reducible]`. If it is intentionally semireducible, this warning can be disabled with `set_option warn.classDefReducibility false`.
warning: ZigLean/Mem/ErrWidth.lean:80:0: Definition `Zig.optionalErrorEncW` of class type is semireducible. Most type class instances should be instance-reducible, so consider marking this
definition with `@[instance_reducible]`. If it is intentionally semireducible, this warning can be disabled with `set_option warn.classDefReducibility false`.
warning: ZigLean/Mem/ErrWidth.lean:117:0: Definition `Zig.Enc.errorUnionWithW` of class type is semireducible. Most type class instances should be instance-reducible, so consider marking this
definition with `@[instance_reducible]`. If it is intentionally semireducible, this warning can be disabled with `set_option warn.classDefReducibility false`.
warning: ZigLean/Mem/ErrWidth.lean:134:0: Definition `Zig.errorUnionEncW` of class type is semireducible. Most type class instances should be instance-reducible, so consider marking this
definition with `@[instance_reducible]`. If it is intentionally semireducible, this warning can be disabled with `set_option warn.classDefReducibility false`.
⚠ [22/56] Replayed Air2Lean.Check
warning: Air2Lean/Check.lean:992:15: Variable name `v` is not explicitly referenced.

Hint: The binding can be removed (if unused) or named `_` (if used implicitly). Alternatively, prefix the name with `_` to silence this warning:
  [apply] _v

Note: This linter can be disabled with `set_option linter.unusedVariables false`
== sync: checking against golden (tests/golden/sync/air, then tests/golden/0.17.0/sync/air, then tests/golden/0.17.0/sync/air-linux) ==
== threads: dumping AIR ==
== threads: validating profiles and translating to Lean ==
⚠ [19/56] Replayed ZigLean.Mem.Enc
warning: ZigLean/Mem/Enc.lean:183:0: Definition `Zig.errorEnc` of class type is semireducible. Most type class instances should be instance-reducible, so consider marking this
definition with `@[instance_reducible]`. If it is intentionally semireducible, this warning can be disabled with `set_option warn.classDefReducibility false`.
warning: ZigLean/Mem/Enc.lean:194:0: Definition `Zig.optionalErrorEnc` of class type is semireducible. Most type class instances should be instance-reducible, so consider marking this
definition with `@[instance_reducible]`. If it is intentionally semireducible, this warning can be disabled with `set_option warn.classDefReducibility false`.
warning: ZigLean/Mem/Enc.lean:226:0: Definition `Zig.Enc.optionWith` of class type is semireducible. Most type class instances should be instance-reducible, so consider marking this
definition with `@[instance_reducible]`. If it is intentionally semireducible, this warning can be disabled with `set_option warn.classDefReducibility false`.
warning: ZigLean/Mem/Enc.lean:231:0: Definition `Zig.Enc.vectorWith` of class type is semireducible. Most type class instances should be instance-reducible, so consider marking this
definition with `@[instance_reducible]`. If it is intentionally semireducible, this warning can be disabled with `set_option warn.classDefReducibility false`.
warning: ZigLean/Mem/Enc.lean:262:0: Definition `Zig.Enc.errorUnionWith` of class type is semireducible. Most type class instances should be instance-reducible, so consider marking this
definition with `@[instance_reducible]`. If it is intentionally semireducible, this warning can be disabled with `set_option warn.classDefReducibility false`.
warning: ZigLean/Mem/Enc.lean:267:0: Definition `Zig.errorUnionEnc` of class type is semireducible. Most type class instances should be instance-reducible, so consider marking this
definition with `@[instance_reducible]`. If it is intentionally semireducible, this warning can be disabled with `set_option warn.classDefReducibility false`.
⚠ [20/56] Replayed ZigLean.Mem.ErrWidth
warning: ZigLean/Mem/ErrWidth.lean:69:0: Definition `Zig.errorEncW` of class type is semireducible. Most type class instances should be instance-reducible, so consider marking this
definition with `@[instance_reducible]`. If it is intentionally semireducible, this warning can be disabled with `set_option warn.classDefReducibility false`.
warning: ZigLean/Mem/ErrWidth.lean:80:0: Definition `Zig.optionalErrorEncW` of class type is semireducible. Most type class instances should be instance-reducible, so consider marking this
definition with `@[instance_reducible]`. If it is intentionally semireducible, this warning can be disabled with `set_option warn.classDefReducibility false`.
warning: ZigLean/Mem/ErrWidth.lean:117:0: Definition `Zig.Enc.errorUnionWithW` of class type is semireducible. Most type class instances should be instance-reducible, so consider marking this
definition with `@[instance_reducible]`. If it is intentionally semireducible, this warning can be disabled with `set_option warn.classDefReducibility false`.
warning: ZigLean/Mem/ErrWidth.lean:134:0: Definition `Zig.errorUnionEncW` of class type is semireducible. Most type class instances should be instance-reducible, so consider marking this
definition with `@[instance_reducible]`. If it is intentionally semireducible, this warning can be disabled with `set_option warn.classDefReducibility false`.
⚠ [22/56] Replayed Air2Lean.Check
warning: Air2Lean/Check.lean:992:15: Variable name `v` is not explicitly referenced.

Hint: The binding can be removed (if unused) or named `_` (if used implicitly). Alternatively, prefix the name with `_` to silence this warning:
  [apply] _v

Note: This linter can be disabled with `set_option linter.unusedVariables false`
== threads: checking against golden (tests/golden/threads/air, then tests/golden/0.17.0/threads/air, then tests/golden/0.17.0/threads/air-linux) ==
== variants: dumping AIR ==
== variants: validating profiles and translating to Lean ==
⚠ [19/56] Replayed ZigLean.Mem.Enc
warning: ZigLean/Mem/Enc.lean:183:0: Definition `Zig.errorEnc` of class type is semireducible. Most type class instances should be instance-reducible, so consider marking this
definition with `@[instance_reducible]`. If it is intentionally semireducible, this warning can be disabled with `set_option warn.classDefReducibility false`.
warning: ZigLean/Mem/Enc.lean:194:0: Definition `Zig.optionalErrorEnc` of class type is semireducible. Most type class instances should be instance-reducible, so consider marking this
definition with `@[instance_reducible]`. If it is intentionally semireducible, this warning can be disabled with `set_option warn.classDefReducibility false`.
warning: ZigLean/Mem/Enc.lean:226:0: Definition `Zig.Enc.optionWith` of class type is semireducible. Most type class instances should be instance-reducible, so consider marking this
definition with `@[instance_reducible]`. If it is intentionally semireducible, this warning can be disabled with `set_option warn.classDefReducibility false`.
warning: ZigLean/Mem/Enc.lean:231:0: Definition `Zig.Enc.vectorWith` of class type is semireducible. Most type class instances should be instance-reducible, so consider marking this
definition with `@[instance_reducible]`. If it is intentionally semireducible, this warning can be disabled with `set_option warn.classDefReducibility false`.
warning: ZigLean/Mem/Enc.lean:262:0: Definition `Zig.Enc.errorUnionWith` of class type is semireducible. Most type class instances should be instance-reducible, so consider marking this
definition with `@[instance_reducible]`. If it is intentionally semireducible, this warning can be disabled with `set_option warn.classDefReducibility false`.
warning: ZigLean/Mem/Enc.lean:267:0: Definition `Zig.errorUnionEnc` of class type is semireducible. Most type class instances should be instance-reducible, so consider marking this
definition with `@[instance_reducible]`. If it is intentionally semireducible, this warning can be disabled with `set_option warn.classDefReducibility false`.
⚠ [20/56] Replayed ZigLean.Mem.ErrWidth
warning: ZigLean/Mem/ErrWidth.lean:69:0: Definition `Zig.errorEncW` of class type is semireducible. Most type class instances should be instance-reducible, so consider marking this
definition with `@[instance_reducible]`. If it is intentionally semireducible, this warning can be disabled with `set_option warn.classDefReducibility false`.
warning: ZigLean/Mem/ErrWidth.lean:80:0: Definition `Zig.optionalErrorEncW` of class type is semireducible. Most type class instances should be instance-reducible, so consider marking this
definition with `@[instance_reducible]`. If it is intentionally semireducible, this warning can be disabled with `set_option warn.classDefReducibility false`.
warning: ZigLean/Mem/ErrWidth.lean:117:0: Definition `Zig.Enc.errorUnionWithW` of class type is semireducible. Most type class instances should be instance-reducible, so consider marking this
definition with `@[instance_reducible]`. If it is intentionally semireducible, this warning can be disabled with `set_option warn.classDefReducibility false`.
warning: ZigLean/Mem/ErrWidth.lean:134:0: Definition `Zig.errorUnionEncW` of class type is semireducible. Most type class instances should be instance-reducible, so consider marking this
definition with `@[instance_reducible]`. If it is intentionally semireducible, this warning can be disabled with `set_option warn.classDefReducibility false`.
⚠ [22/56] Replayed Air2Lean.Check
warning: Air2Lean/Check.lean:992:15: Variable name `v` is not explicitly referenced.

Hint: The binding can be removed (if unused) or named `_` (if used implicitly). Alternatively, prefix the name with `_` to silence this warning:
  [apply] _v

Note: This linter can be disabled with `set_option linter.unusedVariables false`
== variants: checking against golden (tests/golden/variants/air, then tests/golden/0.17.0/variants/air, then tests/golden/0.17.0/variants/air-linux) ==
== vectors: dumping AIR ==
== vectors: validating profiles and translating to Lean ==
⚠ [19/56] Replayed ZigLean.Mem.Enc
warning: ZigLean/Mem/Enc.lean:183:0: Definition `Zig.errorEnc` of class type is semireducible. Most type class instances should be instance-reducible, so consider marking this
definition with `@[instance_reducible]`. If it is intentionally semireducible, this warning can be disabled with `set_option warn.classDefReducibility false`.
warning: ZigLean/Mem/Enc.lean:194:0: Definition `Zig.optionalErrorEnc` of class type is semireducible. Most type class instances should be instance-reducible, so consider marking this
definition with `@[instance_reducible]`. If it is intentionally semireducible, this warning can be disabled with `set_option warn.classDefReducibility false`.
warning: ZigLean/Mem/Enc.lean:226:0: Definition `Zig.Enc.optionWith` of class type is semireducible. Most type class instances should be instance-reducible, so consider marking this
definition with `@[instance_reducible]`. If it is intentionally semireducible, this warning can be disabled with `set_option warn.classDefReducibility false`.
warning: ZigLean/Mem/Enc.lean:231:0: Definition `Zig.Enc.vectorWith` of class type is semireducible. Most type class instances should be instance-reducible, so consider marking this
definition with `@[instance_reducible]`. If it is intentionally semireducible, this warning can be disabled with `set_option warn.classDefReducibility false`.
warning: ZigLean/Mem/Enc.lean:262:0: Definition `Zig.Enc.errorUnionWith` of class type is semireducible. Most type class instances should be instance-reducible, so consider marking this
definition with `@[instance_reducible]`. If it is intentionally semireducible, this warning can be disabled with `set_option warn.classDefReducibility false`.
warning: ZigLean/Mem/Enc.lean:267:0: Definition `Zig.errorUnionEnc` of class type is semireducible. Most type class instances should be instance-reducible, so consider marking this
definition with `@[instance_reducible]`. If it is intentionally semireducible, this warning can be disabled with `set_option warn.classDefReducibility false`.
⚠ [20/56] Replayed ZigLean.Mem.ErrWidth
warning: ZigLean/Mem/ErrWidth.lean:69:0: Definition `Zig.errorEncW` of class type is semireducible. Most type class instances should be instance-reducible, so consider marking this
definition with `@[instance_reducible]`. If it is intentionally semireducible, this warning can be disabled with `set_option warn.classDefReducibility false`.
warning: ZigLean/Mem/ErrWidth.lean:80:0: Definition `Zig.optionalErrorEncW` of class type is semireducible. Most type class instances should be instance-reducible, so consider marking this
definition with `@[instance_reducible]`. If it is intentionally semireducible, this warning can be disabled with `set_option warn.classDefReducibility false`.
warning: ZigLean/Mem/ErrWidth.lean:117:0: Definition `Zig.Enc.errorUnionWithW` of class type is semireducible. Most type class instances should be instance-reducible, so consider marking this
definition with `@[instance_reducible]`. If it is intentionally semireducible, this warning can be disabled with `set_option warn.classDefReducibility false`.
warning: ZigLean/Mem/ErrWidth.lean:134:0: Definition `Zig.errorUnionEncW` of class type is semireducible. Most type class instances should be instance-reducible, so consider marking this
definition with `@[instance_reducible]`. If it is intentionally semireducible, this warning can be disabled with `set_option warn.classDefReducibility false`.
⚠ [22/56] Replayed Air2Lean.Check
warning: Air2Lean/Check.lean:992:15: Variable name `v` is not explicitly referenced.

Hint: The binding can be removed (if unused) or named `_` (if used implicitly). Alternatively, prefix the name with `_` to silence this warning:
  [apply] _v

Note: This linter can be disabled with `set_option linter.unusedVariables false`
== vectors: checking against golden (tests/golden/vectors/air, then tests/golden/0.17.0/vectors/air, then tests/golden/0.17.0/vectors/air-linux) ==
note: these files hold the Zig 0.17.0 translation: Proofs/Floatops/Gen.lean Proofs/Lists/Gen.lean Proofs/Sync/Gen.lean. Restore the committed ones with: git checkout -- Proofs/Floatops/Gen.lean Proofs/Lists/Gen.lean Proofs/Sync/Gen.lean
== building Lean ==
⚠ [6/51] Replayed ZigLean.Mem.Enc
warning: ZigLean/Mem/Enc.lean:183:0: Definition `Zig.errorEnc` of class type is semireducible. Most type class instances should be instance-reducible, so consider marking this
definition with `@[instance_reducible]`. If it is intentionally semireducible, this warning can be disabled with `set_option warn.classDefReducibility false`.
warning: ZigLean/Mem/Enc.lean:194:0: Definition `Zig.optionalErrorEnc` of class type is semireducible. Most type class instances should be instance-reducible, so consider marking this
definition with `@[instance_reducible]`. If it is intentionally semireducible, this warning can be disabled with `set_option warn.classDefReducibility false`.
warning: ZigLean/Mem/Enc.lean:226:0: Definition `Zig.Enc.optionWith` of class type is semireducible. Most type class instances should be instance-reducible, so consider marking this
definition with `@[instance_reducible]`. If it is intentionally semireducible, this warning can be disabled with `set_option warn.classDefReducibility false`.
warning: ZigLean/Mem/Enc.lean:231:0: Definition `Zig.Enc.vectorWith` of class type is semireducible. Most type class instances should be instance-reducible, so consider marking this
definition with `@[instance_reducible]`. If it is intentionally semireducible, this warning can be disabled with `set_option warn.classDefReducibility false`.
warning: ZigLean/Mem/Enc.lean:262:0: Definition `Zig.Enc.errorUnionWith` of class type is semireducible. Most type class instances should be instance-reducible, so consider marking this
definition with `@[instance_reducible]`. If it is intentionally semireducible, this warning can be disabled with `set_option warn.classDefReducibility false`.
warning: ZigLean/Mem/Enc.lean:267:0: Definition `Zig.errorUnionEnc` of class type is semireducible. Most type class instances should be instance-reducible, so consider marking this
definition with `@[instance_reducible]`. If it is intentionally semireducible, this warning can be disabled with `set_option warn.classDefReducibility false`.
⚠ [9/51] Replayed ZigLean.Permutation
warning: ZigLean/Permutation.lean:35:52: `dif_pos` has been deprecated: Use `dite_eq_left` instead
⚠ [12/51] Replayed ZigLean.Mem.Thread
warning: ZigLean/Mem/Thread.lean:172:24: Variable name `ord` is not explicitly referenced.

Hint: The binding can be removed (if unused) or named `_` (if used implicitly). Alternatively, prefix the name with `_` to silence this warning:
  [apply] _ord

Note: This linter can be disabled with `set_option linter.unusedVariables false`
warning: ZigLean/Mem/Thread.lean:193:25: Variable name `ord` is not explicitly referenced.

Hint: The binding can be removed (if unused) or named `_` (if used implicitly). Alternatively, prefix the name with `_` to silence this warning:
  [apply] _ord

Note: This linter can be disabled with `set_option linter.unusedVariables false`
warning: ZigLean/Mem/Thread.lean:293:24: Variable name `succ` is not explicitly referenced.

Hint: The binding can be removed (if unused) or named `_` (if used implicitly). Alternatively, prefix the name with `_` to silence this warning:
  [apply] _succ

Note: This linter can be disabled with `set_option linter.unusedVariables false`
warning: ZigLean/Mem/Thread.lean:346:28: Variable name `succ` is not explicitly referenced.

Hint: The binding can be removed (if unused) or named `_` (if used implicitly). Alternatively, prefix the name with `_` to silence this warning:
  [apply] _succ

Note: This linter can be disabled with `set_option linter.unusedVariables false`
⚠ [15/51] Replayed ZigLean.Conc.Spawn
warning: ZigLean/Conc/Spawn.lean:123:38: `if_pos` has been deprecated: Use `ite_eq_left` instead
warning: ZigLean/Conc/Spawn.lean:126:38: `if_neg` has been deprecated: Use `ite_eq_right` instead
⚠ [23/51] Replayed ZigLean.Mem.Lemmas
warning: ZigLean/Mem/Lemmas.lean:622:8: This simp argument is unused:
  h

Hint: Omit it from the simp argument list.
  [apply] simp [hm, errOfBytes_errBytes, bind, pure, ExceptT.bind, ExceptT.pure, ExceptT.mk, ExceptT.bindCont]

Note: This linter can be disabled with `set_option linter.unusedSimpArgs false`
warning: ZigLean/Mem/Lemmas.lean:642:10: This simp argument is unused:
  h x rfl

Hint: Omit it from the simp argument list.
  [apply] simp [hm, errOfBytes_errBytes, bind, pure, ExceptT.bind, ExceptT.pure, ExceptT.mk, ExceptT.bindCont]

Note: This linter can be disabled with `set_option linter.unusedSimpArgs false`
warning: ZigLean/Mem/Lemmas.lean:649:55: This simp argument is unused:
  e.property

Hint: Omit it from the simp argument list.
  [apply] simp [Enc.encode, Enc.decode, errOfBytes_errBytes, hm, bind, pure, ExceptT.bind, ExceptT.pure, ExceptT.mk,
    ExceptT.bindCont]

Note: This linter can be disabled with `set_option linter.unusedSimpArgs false`
warning: ZigLean/Mem/Lemmas.lean:660:57: This simp argument is unused:
  x.property

Hint: Omit it from the simp argument list.
  [apply] simp [Enc.encode, Enc.decode, errOfBytes_errBytes, hm, bind, pure, ExceptT.bind, ExceptT.pure, ExceptT.mk,
    ExceptT.bindCont]

Note: This linter can be disabled with `set_option linter.unusedSimpArgs false`
⚠ [24/51] Replayed ZigLean.Conc.Lemmas
warning: ZigLean/Conc/Lemmas.lean:1509:61: This simp argument is unused:
  Option.bind_some

Hint: Omit it from the simp argument list.
  [apply] simp only [casMarkWrite, zig_unfold, ha, ExceptT.bindCont]

Note: This linter can be disabled with `set_option linter.unusedSimpArgs false`
⚠ [34/51] Replayed ZigLean.Mem.Null
warning: ZigLean/Mem/Null.lean:32:0: Definition `Zig.nullablePtrEnc` of class type is semireducible. Most type class instances should be instance-reducible, so consider marking this
definition with `@[instance_reducible]`. If it is intentionally semireducible, this warning can be disabled with `set_option warn.classDefReducibility false`.
⚠ [35/51] Replayed ZigLean.Mem.ErrWidth
warning: ZigLean/Mem/ErrWidth.lean:69:0: Definition `Zig.errorEncW` of class type is semireducible. Most type class instances should be instance-reducible, so consider marking this
definition with `@[instance_reducible]`. If it is intentionally semireducible, this warning can be disabled with `set_option warn.classDefReducibility false`.
warning: ZigLean/Mem/ErrWidth.lean:80:0: Definition `Zig.optionalErrorEncW` of class type is semireducible. Most type class instances should be instance-reducible, so consider marking this
definition with `@[instance_reducible]`. If it is intentionally semireducible, this warning can be disabled with `set_option warn.classDefReducibility false`.
warning: ZigLean/Mem/ErrWidth.lean:117:0: Definition `Zig.Enc.errorUnionWithW` of class type is semireducible. Most type class instances should be instance-reducible, so consider marking this
definition with `@[instance_reducible]`. If it is intentionally semireducible, this warning can be disabled with `set_option warn.classDefReducibility false`.
warning: ZigLean/Mem/ErrWidth.lean:134:0: Definition `Zig.errorUnionEncW` of class type is semireducible. Most type class instances should be instance-reducible, so consider marking this
definition with `@[instance_reducible]`. If it is intentionally semireducible, this warning can be disabled with `set_option warn.classDefReducibility false`.
✔ [45/51] Built Proofs.Asm.Gen (705ms)
✔ [46/52] Built Proofs.Errors.Gen (823ms)
✔ [47/53] Built Proofs.Basic.Gen (1.3s)
✔ [48/54] Built Proofs.Floatconv.Gen (832ms)
✔ [49/55] Built Proofs.Floats.Gen (810ms)
✔ [50/56] Built Proofs.Floatops.Gen (1.9s)
✔ [51/57] Built Proofs.Iogroup.Gen (2.0s)
✔ [52/58] Built Proofs.Atomics.Gen (3.7s)
✔ [53/59] Built Proofs.Options.Gen (708ms)
✔ [54/61] Built Proofs.Pointers.Gen (1.4s)
✔ [55/61] Built Proofs.Recursion.Gen (837ms)
✔ [56/62] Built Proofs.Layout.Gen (5.1s)
✔ [58/63] Built Proofs.Lists.Gen (4.9s)
✔ [59/63] Built Proofs.Slices.Gen (3.4s)
✔ [60/63] Built Proofs.Variants.Gen (1.7s)
✔ [61/63] Built Proofs.Threads.Gen (2.0s)
✔ [62/63] Built Proofs.Vectors.Gen (1.7s)
✔ [63/63] Built Proofs.Sync.Gen (5.2s)
Build completed successfully (63 jobs).
== differential testing ==
== building zig harnesses ==
== building libm ==
== libm self-check ==
libm self-check: 320/320 matched, 0 mismatched
== building asm archive ==
== building + running lean side ==
⚠ [8/145] Replayed ZigLean.Mem.Enc
warning: ZigLean/Mem/Enc.lean:183:0: Definition `Zig.errorEnc` of class type is semireducible. Most type class instances should be instance-reducible, so consider marking this
definition with `@[instance_reducible]`. If it is intentionally semireducible, this warning can be disabled with `set_option warn.classDefReducibility false`.
warning: ZigLean/Mem/Enc.lean:194:0: Definition `Zig.optionalErrorEnc` of class type is semireducible. Most type class instances should be instance-reducible, so consider marking this
definition with `@[instance_reducible]`. If it is intentionally semireducible, this warning can be disabled with `set_option warn.classDefReducibility false`.
warning: ZigLean/Mem/Enc.lean:226:0: Definition `Zig.Enc.optionWith` of class type is semireducible. Most type class instances should be instance-reducible, so consider marking this
definition with `@[instance_reducible]`. If it is intentionally semireducible, this warning can be disabled with `set_option warn.classDefReducibility false`.
warning: ZigLean/Mem/Enc.lean:231:0: Definition `Zig.Enc.vectorWith` of class type is semireducible. Most type class instances should be instance-reducible, so consider marking this
definition with `@[instance_reducible]`. If it is intentionally semireducible, this warning can be disabled with `set_option warn.classDefReducibility false`.
warning: ZigLean/Mem/Enc.lean:262:0: Definition `Zig.Enc.errorUnionWith` of class type is semireducible. Most type class instances should be instance-reducible, so consider marking this
definition with `@[instance_reducible]`. If it is intentionally semireducible, this warning can be disabled with `set_option warn.classDefReducibility false`.
warning: ZigLean/Mem/Enc.lean:267:0: Definition `Zig.errorUnionEnc` of class type is semireducible. Most type class instances should be instance-reducible, so consider marking this
definition with `@[instance_reducible]`. If it is intentionally semireducible, this warning can be disabled with `set_option warn.classDefReducibility false`.
⚠ [11/145] Replayed ZigLean.Permutation
warning: ZigLean/Permutation.lean:35:52: `dif_pos` has been deprecated: Use `dite_eq_left` instead
⚠ [14/145] Replayed ZigLean.Mem.Thread
warning: ZigLean/Mem/Thread.lean:172:24: Variable name `ord` is not explicitly referenced.

Hint: The binding can be removed (if unused) or named `_` (if used implicitly). Alternatively, prefix the name with `_` to silence this warning:
  [apply] _ord

Note: This linter can be disabled with `set_option linter.unusedVariables false`
warning: ZigLean/Mem/Thread.lean:193:25: Variable name `ord` is not explicitly referenced.

Hint: The binding can be removed (if unused) or named `_` (if used implicitly). Alternatively, prefix the name with `_` to silence this warning:
  [apply] _ord

Note: This linter can be disabled with `set_option linter.unusedVariables false`
warning: ZigLean/Mem/Thread.lean:293:24: Variable name `succ` is not explicitly referenced.

Hint: The binding can be removed (if unused) or named `_` (if used implicitly). Alternatively, prefix the name with `_` to silence this warning:
  [apply] _succ

Note: This linter can be disabled with `set_option linter.unusedVariables false`
warning: ZigLean/Mem/Thread.lean:346:28: Variable name `succ` is not explicitly referenced.

Hint: The binding can be removed (if unused) or named `_` (if used implicitly). Alternatively, prefix the name with `_` to silence this warning:
  [apply] _succ

Note: This linter can be disabled with `set_option linter.unusedVariables false`
⚠ [17/145] Replayed ZigLean.Conc.Spawn
warning: ZigLean/Conc/Spawn.lean:123:38: `if_pos` has been deprecated: Use `ite_eq_left` instead
warning: ZigLean/Conc/Spawn.lean:126:38: `if_neg` has been deprecated: Use `ite_eq_right` instead
⚠ [25/145] Replayed ZigLean.Mem.Lemmas
warning: ZigLean/Mem/Lemmas.lean:622:8: This simp argument is unused:
  h

Hint: Omit it from the simp argument list.
  [apply] simp [hm, errOfBytes_errBytes, bind, pure, ExceptT.bind, ExceptT.pure, ExceptT.mk, ExceptT.bindCont]

Note: This linter can be disabled with `set_option linter.unusedSimpArgs false`
warning: ZigLean/Mem/Lemmas.lean:642:10: This simp argument is unused:
  h x rfl

Hint: Omit it from the simp argument list.
  [apply] simp [hm, errOfBytes_errBytes, bind, pure, ExceptT.bind, ExceptT.pure, ExceptT.mk, ExceptT.bindCont]

Note: This linter can be disabled with `set_option linter.unusedSimpArgs false`
warning: ZigLean/Mem/Lemmas.lean:649:55: This simp argument is unused:
  e.property

Hint: Omit it from the simp argument list.
  [apply] simp [Enc.encode, Enc.decode, errOfBytes_errBytes, hm, bind, pure, ExceptT.bind, ExceptT.pure, ExceptT.mk,
    ExceptT.bindCont]

Note: This linter can be disabled with `set_option linter.unusedSimpArgs false`
warning: ZigLean/Mem/Lemmas.lean:660:57: This simp argument is unused:
  x.property

Hint: Omit it from the simp argument list.
  [apply] simp [Enc.encode, Enc.decode, errOfBytes_errBytes, hm, bind, pure, ExceptT.bind, ExceptT.pure, ExceptT.mk,
    ExceptT.bindCont]

Note: This linter can be disabled with `set_option linter.unusedSimpArgs false`
⚠ [26/145] Replayed ZigLean.Conc.Lemmas
warning: ZigLean/Conc/Lemmas.lean:1509:61: This simp argument is unused:
  Option.bind_some

Hint: Omit it from the simp argument list.
  [apply] simp only [casMarkWrite, zig_unfold, ha, ExceptT.bindCont]

Note: This linter can be disabled with `set_option linter.unusedSimpArgs false`
⚠ [36/145] Replayed ZigLean.Mem.Null
warning: ZigLean/Mem/Null.lean:32:0: Definition `Zig.nullablePtrEnc` of class type is semireducible. Most type class instances should be instance-reducible, so consider marking this
definition with `@[instance_reducible]`. If it is intentionally semireducible, this warning can be disabled with `set_option warn.classDefReducibility false`.
⚠ [37/145] Replayed ZigLean.Mem.ErrWidth
warning: ZigLean/Mem/ErrWidth.lean:69:0: Definition `Zig.errorEncW` of class type is semireducible. Most type class instances should be instance-reducible, so consider marking this
definition with `@[instance_reducible]`. If it is intentionally semireducible, this warning can be disabled with `set_option warn.classDefReducibility false`.
warning: ZigLean/Mem/ErrWidth.lean:80:0: Definition `Zig.optionalErrorEncW` of class type is semireducible. Most type class instances should be instance-reducible, so consider marking this
definition with `@[instance_reducible]`. If it is intentionally semireducible, this warning can be disabled with `set_option warn.classDefReducibility false`.
warning: ZigLean/Mem/ErrWidth.lean:117:0: Definition `Zig.Enc.errorUnionWithW` of class type is semireducible. Most type class instances should be instance-reducible, so consider marking this
definition with `@[instance_reducible]`. If it is intentionally semireducible, this warning can be disabled with `set_option warn.classDefReducibility false`.
warning: ZigLean/Mem/ErrWidth.lean:134:0: Definition `Zig.errorUnionEncW` of class type is semireducible. Most type class instances should be instance-reducible, so consider marking this
definition with `@[instance_reducible]`. If it is intentionally semireducible, this warning can be disabled with `set_option warn.classDefReducibility false`.
✔ [73/145] Built ZigLean.Bit:c.o (86ms)
✔ [74/145] Built ZigLean.BitCast:c.o (141ms)
✔ [75/145] Built ZigLean.Permutation:c.o (72ms)
✔ [76/145] Built ZigLean.Conc.Basic:c.o (198ms)
✔ [77/145] Built ZigLean.Packed:c.o (313ms)
✔ [78/145] Built Outcome (504ms)
✔ [79/145] Built ZigLean.Conc.Capture:c.o (109ms)
✔ [80/145] Built ZigLean.Conc.Spawn:c.o (239ms)
✔ [81/145] Built ZigLean.Conc.Call:c.o (477ms)
✔ [82/145] Built ZigLean.Conc.Sched:c.o (531ms)
✔ [83/145] Built ZigLean.Conc.Logic:c.o (449ms)
✔ [84/145] Built ZigLean.Conc.Progress:c.o (82ms)
✔ [85/145] Built ZigLean.Conc.Total:c.o (136ms)
✔ [86/145] Built ZigLean.Union:c.o (122ms)
✔ [87/145] Built ZigLean.SimpAttr:c.o (80ms)
✔ [88/145] Built ZigLean.Simp:c.o (50ms)
✔ [89/145] Built ZigLean.Mem.Lemmas:c.o (223ms)
✔ [90/145] Built ZigLean.Conc.Lemmas:c.o (347ms)
✔ [91/145] Built ZigLean.Conc.WeakCas:c.o (66ms)
✔ [92/145] Built ZigLean.Conc:c.o (54ms)
✔ [93/145] Built ZigLean.Mem.Thread:c.o (1.8s)
✔ [94/145] Built ZigLean.Float.Round:c.o (209ms)
✔ [95/145] Built ZigLean.Float:c.o (51ms)
✔ [96/145] Built ZigLean.Float.Libm:c.o (336ms)
✔ [97/145] Built ZigLean.Lemmas:c.o (63ms)
✔ [98/145] Built ZigLean.Loop:c.o (49ms)
✔ [99/145] Built ZigLean.Mem.Null:c.o (168ms)
✔ [101/145] Built ZigLean.Float.Ops:c.o (965ms)
✔ [102/145] Built ZigLean.Float.CompilerRt:c.o (883ms)
✔ [103/145] Built ZigLean.Mem.Repr:c.o (80ms)
✔ [104/145] Built ZigLean.Mem:c.o (57ms)
✔ [105/145] Built ZigLean.PackedLemmas:c.o (102ms)
✔ [106/145] Built ZigLean.External:c.o (118ms)
✔ [107/145] Built ZigLean.VersionGate:c.o (81ms)
✔ [108/145] Built ZigLean.Mem.Owned:c.o (624ms)
✔ [109/145] Built ZigLean.External.Callback:c.o (166ms)
✔ [110/145] Built ZigLean.Mem.Alloc:c.o (851ms)
✔ [111/145] Built ZigLean:c.o (55ms)
⚠ [112/145] Built Proofs.Threadsync.Gen (5.4s)
warning: Proofs/Threadsync/Gen.lean:352:10: Variable name `i12` is not explicitly referenced.

Hint: The binding can be removed (if unused) or named `_` (if used implicitly). Alternatively, prefix the name with `_` to silence this warning:
  [apply] _i12

Note: This linter can be disabled with `set_option linter.unusedVariables false`
warning: Proofs/Threadsync/Gen.lean:363:14: Variable name `v14` is not explicitly referenced.

Hint: The binding can be removed (if unused) or named `_` (if used implicitly). Alternatively, prefix the name with `_` to silence this warning:
  [apply] _v14

Note: This linter can be disabled with `set_option linter.unusedVariables false`
✔ [113/145] Built Proofs.Threads.Gen:c.o (3.5s)
✔ [118/145] Built Proofs.Atomics.Gen:c.o (3.6s)
✔ [119/145] Built Proofs.Basic.Gen:c.o (385ms)
✔ [120/145] Built Proofs.Recursion.Gen:c.o (197ms)
✔ [121/145] Built Proofs.Options.Gen:c.o (174ms)
✔ [122/145] Built Proofs.Errors.Gen:c.o (204ms)
✔ [123/145] Built Proofs.Iogroup.Gen:c.o (2.4s)
✔ [124/145] Built Proofs.Floatconv.Gen:c.o (71ms)
✔ [125/145] Built Proofs.Floats.Gen:c.o (196ms)
✔ [126/145] Built Proofs.Floatops.Gen:c.o (513ms)
✔ [127/145] Built Proofs.Variants.Gen:c.o (834ms)
✔ [128/145] Built Proofs.Pointers.Gen:c.o (821ms)
✔ [131/145] Built Proofs.Vectors.Gen:c.o (580ms)
✔ [132/145] Built Outcome:c.o (292ms)
✔ [133/145] Built Proofs.Slices.Gen:c.o (1.0s)
✔ [134/145] Built Proofs.Sync.Gen:c.o (7.5s)
✔ [135/145] Built Proofs.Asm.Gen:c.o (94ms)
✔ [136/145] Built Proofs.Lists.Gen:c.o (2.9s)
✔ [137/145] Built ScheduleSearch (603ms)
✔ [138/145] Built Concurrent (603ms)
✔ [139/145] Built ScheduleSearch:c.o (387ms)
✔ [140/145] Built Concurrent:c.o (236ms)
✔ [141/145] Built Proofs.Layout.Gen:c.o (3.6s)
⚠ [142/145] Built Diff (1.8s)
warning: Diff.lean:100:17: declaration uses `sorry`
warning: Diff.lean:101:17: declaration uses `sorry`
warning: Diff.lean:102:17: declaration uses `sorry`
warning: Diff.lean:103:17: declaration uses `sorry`
✔ [143/145] Built Proofs.Threadsync.Gen:c.o (6.1s)
✔ [144/145] Built Diff:c.o (3.1s)
✔ [145/145] Built difftest:exe (576ms)
Build completed successfully (145 jobs).
schedule search regressions passed
== comparing ==
asm.bswap32: ok=300 fail_match=0 unspecified=0 capped=0 mismatch=0 (of 300)
asm.divmod: ok=300 fail_match=0 unspecified=0 capped=0 mismatch=0 (of 300)
asm.lzcnt64: ok=300 fail_match=0 unspecified=0 capped=0 mismatch=0 (of 300)
asm.popcnt64: ok=300 fail_match=0 unspecified=0 capped=0 mismatch=0 (of 300)
TOTAL asm: ok=1200 fail_match=0 unspecified=0 capped=0 mismatch=0
atomics.mpRelAcq: ok=20 fail_match=0 unspecified=0 capped=0 mismatch=0 (of 20)
atomics.mpRelaxed: ok=20 fail_match=0 unspecified=0 capped=0 mismatch=0 (of 20)
atomics.sbRelaxed: ok=20 fail_match=0 unspecified=0 capped=0 mismatch=0 (of 20)
atomics.stackPush: ok=20 fail_match=0 unspecified=0 capped=0 mismatch=0 (of 20)
atomics.twoPlusTwoW: ok=20 fail_match=0 unspecified=0 capped=0 mismatch=0 (of 20)
TOTAL atomics: ok=100 fail_match=0 unspecified=0 capped=0 mismatch=0
basic.absDiff: ok=214 fail_match=86 unspecified=0 capped=0 mismatch=0 (of 300)
basic.clampAdd: ok=300 fail_match=0 unspecified=0 capped=0 mismatch=0 (of 300)
basic.classify: ok=300 fail_match=0 unspecified=0 capped=0 mismatch=0 (of 300)
basic.scale: ok=21 fail_match=279 unspecified=0 capped=0 mismatch=0 (of 300)
basic.sum: ok=300 fail_match=0 unspecified=0 capped=0 mismatch=0 (of 300)
basic.tardiness: ok=300 fail_match=0 unspecified=0 capped=0 mismatch=0 (of 300)
basic.totalWeightedTardiness: ok=82 fail_match=218 unspecified=0 capped=0 mismatch=0 (of 300)
basic.weightedTardiness: ok=146 fail_match=154 unspecified=0 capped=0 mismatch=0 (of 300)
TOTAL basic: ok=1663 fail_match=737 unspecified=0 capped=0 mismatch=0
errors.digitOrZero: ok=300 fail_match=0 unspecified=0 capped=0 mismatch=0 (of 300)
errors.parseDigit: ok=300 fail_match=0 unspecified=0 capped=0 mismatch=0 (of 300)
errors.sumDigits: ok=300 fail_match=0 unspecified=0 capped=0 mismatch=0 (of 300)
TOTAL errors: ok=900 fail_match=0 unspecified=0 capped=0 mismatch=0
floatconv.bits32: ok=298 fail_match=0 unspecified=2 capped=0 mismatch=0 (of 300)
floatconv.f16ToF128: ok=300 fail_match=0 unspecified=0 capped=0 mismatch=0 (of 300)
floatconv.f64ToF16: ok=300 fail_match=0 unspecified=0 capped=0 mismatch=0 (of 300)
floatconv.f80ToF64: ok=300 fail_match=0 unspecified=0 capped=0 mismatch=0 (of 300)
floatconv.fromI64: ok=300 fail_match=0 unspecified=0 capped=0 mismatch=0 (of 300)
floatconv.fromU128: ok=300 fail_match=0 unspecified=0 capped=0 mismatch=0 (of 300)
floatconv.ofBits64: ok=300 fail_match=0 unspecified=0 capped=0 mismatch=0 (of 300)
floatconv.toByte: ok=166 fail_match=131 unspecified=3 capped=0 mismatch=0 (of 300)
floatconv.toI32: ok=225 fail_match=73 unspecified=2 capped=0 mismatch=0 (of 300)
floatconv.toU64: ok=194 fail_match=104 unspecified=2 capped=0 mismatch=0 (of 300)
TOTAL floatconv: ok=2683 fail_match=308 unspecified=9 capped=0 mismatch=0
floatops.cmp64: ok=300 fail_match=0 unspecified=0 capped=0 mismatch=0 (of 300)
floatops.divExact64: ok=277 fail_match=23 unspecified=0 capped=0 mismatch=0 (of 300)
floatops.op128: ok=7800 fail_match=0 unspecified=0 capped=0 mismatch=0 (of 7800)
floatops.op16: ok=7800 fail_match=0 unspecified=0 capped=0 mismatch=0 (of 7800)
floatops.op32: ok=7788 fail_match=0 unspecified=12 capped=0 mismatch=0 (of 7800)
floatops.op64: ok=7788 fail_match=0 unspecified=12 capped=0 mismatch=0 (of 7800)
floatops.op80: ok=7427 fail_match=0 unspecified=373 capped=0 mismatch=0 (of 7800)
TOTAL floatops: ok=39180 fail_match=23 unspecified=397 capped=0 mismatch=0
floats.celsius: ok=300 fail_match=0 unspecified=0 capped=0 mismatch=0 (of 300)
floats.clamp: ok=300 fail_match=0 unspecified=0 capped=0 mismatch=0 (of 300)
floats.dot: ok=300 fail_match=0 unspecified=0 capped=0 mismatch=0 (of 300)
floats.hypot2: ok=300 fail_match=0 unspecified=0 capped=0 mismatch=0 (of 300)
floats.isNan: ok=300 fail_match=0 unspecified=0 capped=0 mismatch=0 (of 300)
floats.lerp: ok=300 fail_match=0 unspecified=0 capped=0 mismatch=0 (of 300)
TOTAL floats: ok=1800 fail_match=0 unspecified=0 capped=0 mismatch=0
iogroup.groupConcurrent: ok=20 fail_match=0 unspecified=0 capped=0 mismatch=0 (of 20)
iogroup.groupCounter: ok=20 fail_match=0 unspecified=0 capped=0 mismatch=0 (of 20)
TOTAL iogroup: ok=40 fail_match=0 unspecified=0 capped=0 mismatch=0
layout.addrEq: ok=300 fail_match=0 unspecified=0 capped=0 mismatch=0 (of 300)
layout.align4: ok=150 fail_match=150 unspecified=0 capped=0 mismatch=0 (of 300)
layout.applyOp: ok=180 fail_match=120 unspecified=0 capped=0 mismatch=0 (of 300)
layout.asConst: ok=300 fail_match=0 unspecified=0 capped=0 mismatch=0 (of 300)
layout.asVolatile: ok=300 fail_match=0 unspecified=0 capped=0 mismatch=0 (of 300)
layout.bitsToFloat: ok=300 fail_match=0 unspecified=0 capped=0 mismatch=0 (of 300)
layout.bumpDigit: ok=16 fail_match=0 unspecified=0 capped=0 mismatch=0 (of 16)
layout.bumpPair: ok=300 fail_match=0 unspecified=0 capped=0 mismatch=0 (of 300)
layout.byteToFlags: ok=256 fail_match=0 unspecified=0 capped=0 mismatch=0 (of 256)
layout.ctlMode: ok=192 fail_match=0 unspecified=64 capped=0 mismatch=0 (of 256)
layout.ctlSum: ok=192 fail_match=0 unspecified=64 capped=0 mismatch=0 (of 256)
layout.dropConst: ok=300 fail_match=0 unspecified=0 capped=0 mismatch=0 (of 300)
layout.flagsToByte: ok=256 fail_match=0 unspecified=0 capped=0 mismatch=0 (of 256)
layout.floatBits: ok=300 fail_match=0 unspecified=0 capped=0 mismatch=0 (of 300)
layout.growCircle: ok=270 fail_match=0 unspecified=30 capped=0 mismatch=0 (of 300)
layout.headerLen: ok=300 fail_match=0 unspecified=0 capped=0 mismatch=0 (of 300)
layout.incCount: ok=300 fail_match=0 unspecified=0 capped=0 mismatch=0 (of 300)
layout.isOk: ok=300 fail_match=0 unspecified=0 capped=0 mismatch=0 (of 300)
layout.laneSet: ok=300 fail_match=0 unspecified=0 capped=0 mismatch=0 (of 300)
layout.maskCount: ok=165 fail_match=0 unspecified=135 capped=0 mismatch=0 (of 300)
layout.maskStore: ok=300 fail_match=0 unspecified=0 capped=0 mismatch=0 (of 300)
layout.nibArg: ok=16 fail_match=0 unspecified=0 capped=0 mismatch=0 (of 16)
layout.numInt: ok=127 fail_match=143 unspecified=30 capped=0 mismatch=0 (of 300)
layout.numRoundTrip: ok=151 fail_match=149 unspecified=0 capped=0 mismatch=0 (of 300)
layout.parentOfX: ok=300 fail_match=0 unspecified=0 capped=0 mismatch=0 (of 300)
layout.parentOfY: ok=300 fail_match=0 unspecified=0 capped=0 mismatch=0 (of 300)
layout.ptrFromAddr: ok=0 fail_match=300 unspecified=0 capped=0 mismatch=0 (of 300)
layout.ptrRoundTrip: ok=300 fail_match=0 unspecified=0 capped=0 mismatch=0 (of 300)
layout.readHeader: ok=300 fail_match=0 unspecified=0 capped=0 mismatch=0 (of 300)
layout.regSigned: ok=256 fail_match=0 unspecified=0 capped=0 mismatch=0 (of 256)
layout.setCircle: ok=300 fail_match=0 unspecified=0 capped=0 mismatch=0 (of 300)
layout.setHalf: ok=300 fail_match=0 unspecified=0 capped=0 mismatch=0 (of 300)
layout.setMode: ok=1024 fail_match=0 unspecified=0 capped=0 mismatch=0 (of 1024)
layout.setNib: ok=300 fail_match=0 unspecified=0 capped=0 mismatch=0 (of 300)
layout.setNum: ok=300 fail_match=0 unspecified=0 capped=0 mismatch=0 (of 300)
layout.setRegFlags: ok=300 fail_match=0 unspecified=0 capped=0 mismatch=0 (of 300)
layout.shapeArea: ok=270 fail_match=0 unspecified=30 capped=0 mismatch=0 (of 300)
layout.twice: ok=300 fail_match=0 unspecified=0 capped=0 mismatch=0 (of 300)
layout.wordArg: ok=300 fail_match=0 unspecified=0 capped=0 mismatch=0 (of 300)
layout.wordByte: ok=300 fail_match=0 unspecified=0 capped=0 mismatch=0 (of 300)
layout.wordHalf: ok=300 fail_match=0 unspecified=0 capped=0 mismatch=0 (of 300)
layout.writeTable: ok=0 fail_match=2 unspecified=3 capped=0 mismatch=0 (of 5)
TOTAL layout: ok=11021 fail_match=864 unspecified=356 capped=0 mismatch=0
lists.dupe: ok=300 fail_match=0 unspecified=0 capped=0 mismatch=0 (of 300)
lists.dupeZLen: ok=300 fail_match=0 unspecified=0 capped=0 mismatch=0 (of 300)
lists.evens: ok=300 fail_match=0 unspecified=0 capped=0 mismatch=0 (of 300)
lists.listSum: ok=300 fail_match=0 unspecified=0 capped=0 mismatch=0 (of 300)
lists.sumRange: ok=303 fail_match=0 unspecified=0 capped=0 mismatch=0 (of 303)
TOTAL lists: ok=1503 fail_match=0 unspecified=0 capped=0 mismatch=0
options.find: ok=300 fail_match=0 unspecified=0 capped=0 mismatch=0 (of 300)
options.findOr: ok=300 fail_match=0 unspecified=0 capped=0 mismatch=0 (of 300)
options.firstIndexPlusOne: ok=136 fail_match=164 unspecified=0 capped=0 mismatch=0 (of 300)
TOTAL options: ok=736 fail_match=164 unspecified=0 capped=0 mismatch=0
pointers.addDown: ok=285 fail_match=15 unspecified=0 capped=0 mismatch=0 (of 300)
pointers.bumpOpt: ok=288 fail_match=12 unspecified=0 capped=0 mismatch=0 (of 300)
pointers.copyJob: ok=300 fail_match=0 unspecified=0 capped=0 mismatch=0 (of 300)
pointers.delay: ok=142 fail_match=158 unspecified=0 capped=0 mismatch=0 (of 300)
pointers.dueOf: ok=300 fail_match=0 unspecified=0 capped=0 mismatch=0 (of 300)
pointers.maxPtr: ok=300 fail_match=0 unspecified=0 capped=0 mismatch=0 (of 300)
pointers.same: ok=300 fail_match=0 unspecified=0 capped=0 mismatch=0 (of 300)
pointers.setOpt: ok=300 fail_match=0 unspecified=0 capped=0 mismatch=0 (of 300)
pointers.setOptJob: ok=300 fail_match=0 unspecified=0 capped=0 mismatch=0 (of 300)
pointers.sumTo: ok=300 fail_match=0 unspecified=0 capped=0 mismatch=0 (of 300)
pointers.swap: ok=300 fail_match=0 unspecified=0 capped=0 mismatch=0 (of 300)
TOTAL pointers: ok=3115 fail_match=185 unspecified=0 capped=0 mismatch=0
recursion.fact: ok=6 fail_match=294 unspecified=0 capped=0 mismatch=0 (of 300)
recursion.gcd: ok=300 fail_match=0 unspecified=0 capped=0 mismatch=0 (of 300)
recursion.isEven: ok=300 fail_match=0 unspecified=0 capped=0 mismatch=0 (of 300)
recursion.isOdd: ok=300 fail_match=0 unspecified=0 capped=0 mismatch=0 (of 300)
TOTAL recursion: ok=906 fail_match=294 unspecified=0 capped=0 mismatch=0
slices.at: ok=300 fail_match=0 unspecified=0 capped=0 mismatch=0 (of 300)
slices.bump: ok=3 fail_match=0 unspecified=0 capped=0 mismatch=0 (of 3)
slices.bumpAt: ok=245 fail_match=55 unspecified=0 capped=0 mismatch=0 (of 300)
slices.clear: ok=300 fail_match=0 unspecified=0 capped=0 mismatch=0 (of 300)
slices.colorName: ok=300 fail_match=0 unspecified=0 capped=0 mismatch=0 (of 300)
slices.copy: ok=132 fail_match=168 unspecified=0 capped=0 mismatch=0 (of 300)
slices.copyWithin: ok=227 fail_match=73 unspecified=0 capped=0 mismatch=0 (of 300)
slices.factorial: ok=240 fail_match=60 unspecified=0 capped=0 mismatch=0 (of 300)
slices.failName: ok=300 fail_match=0 unspecified=0 capped=0 mismatch=0 (of 300)
slices.fill: ok=300 fail_match=0 unspecified=0 capped=0 mismatch=0 (of 300)
slices.indexOfScalar: ok=300 fail_match=0 unspecified=0 capped=0 mismatch=0 (of 300)
slices.lenOr: ok=300 fail_match=0 unspecified=0 capped=0 mismatch=0 (of 300)
slices.localArr: ok=300 fail_match=0 unspecified=0 capped=0 mismatch=0 (of 300)
slices.prevItem: ok=300 fail_match=0 unspecified=0 capped=0 mismatch=0 (of 300)
slices.reverse: ok=300 fail_match=0 unspecified=0 capped=0 mismatch=0 (of 300)
slices.second: ok=300 fail_match=0 unspecified=0 capped=0 mismatch=0 (of 300)
slices.sentinelArr: ok=180 fail_match=120 unspecified=0 capped=0 mismatch=0 (of 300)
slices.subZ: ok=91 fail_match=209 unspecified=0 capped=0 mismatch=0 (of 300)
slices.sumMid: ok=74 fail_match=226 unspecified=0 capped=0 mismatch=0 (of 300)
slices.sumZ: ok=300 fail_match=0 unspecified=0 capped=0 mismatch=0 (of 300)
slices.total: ok=183 fail_match=117 unspecified=0 capped=0 mismatch=0 (of 300)
TOTAL slices: ok=4975 fail_match=1028 unspecified=0 capped=0 mismatch=0
sync.handoff: ok=20 fail_match=0 unspecified=0 capped=0 mismatch=0 (of 20)
sync.mutexCounter: ok=20 fail_match=0 unspecified=0 capped=0 mismatch=0 (of 20)
sync.rwLockRead: ok=20 fail_match=0 unspecified=0 capped=0 mismatch=0 (of 20)
sync.rwLockSnapshotPair: ok=20 fail_match=0 unspecified=0 capped=0 mismatch=0 (of 20)
sync.semaphoreCounter: ok=20 fail_match=0 unspecified=0 capped=0 mismatch=0 (of 20)
TOTAL sync: ok=100 fail_match=0 unspecified=0 capped=0 mismatch=0
threads.claimOnce: ok=20 fail_match=0 unspecified=0 capped=0 mismatch=0 (of 20)
threads.disjoint: ok=300 fail_match=0 unspecified=0 capped=0 mismatch=0 (of 300)
threads.parallelCounter: ok=300 fail_match=0 unspecified=0 capped=0 mismatch=0 (of 300)
threads.race: ok=0 fail_match=0 unspecified=300 capped=0 mismatch=0 (of 300)
threads.xchgRace: ok=300 fail_match=0 unspecified=0 capped=0 mismatch=0 (of 300)
TOTAL threads: ok=920 fail_match=0 unspecified=300 capped=0 mismatch=0
variants.advance: ok=300 fail_match=0 unspecified=0 capped=0 mismatch=0 (of 300)
variants.area: ok=287 fail_match=13 unspecified=0 capped=0 mismatch=0 (of 300)
variants.codeOf: ok=256 fail_match=0 unspecified=0 capped=0 mismatch=0 (of 256)
variants.isRound: ok=300 fail_match=0 unspecified=0 capped=0 mismatch=0 (of 300)
variants.isUrgent: ok=3 fail_match=0 unspecified=0 capped=0 mismatch=0 (of 3)
variants.lightOf: ok=3 fail_match=253 unspecified=0 capped=0 mismatch=0 (of 256)
variants.next: ok=3 fail_match=0 unspecified=0 capped=0 mismatch=0 (of 3)
variants.prioValue: ok=3 fail_match=0 unspecified=0 capped=0 mismatch=0 (of 3)
variants.radius: ok=63 fail_match=237 unspecified=0 capped=0 mismatch=0 (of 300)
variants.scale: ok=133 fail_match=167 unspecified=0 capped=0 mismatch=0 (of 300)
variants.severity: ok=256 fail_match=0 unspecified=0 capped=0 mismatch=0 (of 256)
variants.totalArea: ok=230 fail_match=70 unspecified=0 capped=0 mismatch=0 (of 300)
TOTAL variants: ok=1837 fail_match=740 unspecified=0 capped=0 mismatch=0
vectors.andLanes: ok=300 fail_match=0 unspecified=0 capped=0 mismatch=0 (of 300)
vectors.checkedAdd: ok=32 fail_match=268 unspecified=0 capped=0 mismatch=0 (of 300)
vectors.fDot: ok=300 fail_match=0 unspecified=0 capped=0 mismatch=0 (of 300)
vectors.fMax: ok=295 fail_match=0 unspecified=5 capped=0 mismatch=0 (of 300)
vectors.fMin: ok=296 fail_match=0 unspecified=4 capped=0 mismatch=0 (of 300)
vectors.interleave: ok=300 fail_match=0 unspecified=0 capped=0 mismatch=0 (of 300)
vectors.maxLane: ok=300 fail_match=0 unspecified=0 capped=0 mismatch=0 (of 300)
vectors.minLane: ok=300 fail_match=0 unspecified=0 capped=0 mismatch=0 (of 300)
vectors.orLanes: ok=300 fail_match=0 unspecified=0 capped=0 mismatch=0 (of 300)
vectors.pick: ok=300 fail_match=0 unspecified=0 capped=0 mismatch=0 (of 300)
vectors.reverse: ok=300 fail_match=0 unspecified=0 capped=0 mismatch=0 (of 300)
vectors.sMod: ok=278 fail_match=21 unspecified=1 capped=0 mismatch=0 (of 300)
vectors.sRem: ok=281 fail_match=18 unspecified=1 capped=0 mismatch=0 (of 300)
vectors.satAdd: ok=300 fail_match=0 unspecified=0 capped=0 mismatch=0 (of 300)
vectors.splatAdd: ok=300 fail_match=0 unspecified=0 capped=0 mismatch=0 (of 300)
vectors.twiceInMem: ok=300 fail_match=0 unspecified=0 capped=0 mismatch=0 (of 300)
vectors.uDotWrap: ok=300 fail_match=0 unspecified=0 capped=0 mismatch=0 (of 300)
vectors.uMinLane: ok=300 fail_match=0 unspecified=0 capped=0 mismatch=0 (of 300)
vectors.vAbs: ok=300 fail_match=0 unspecified=0 capped=0 mismatch=0 (of 300)
vectors.vBits: ok=300 fail_match=0 unspecified=0 capped=0 mismatch=0 (of 300)
vectors.vDiv: ok=270 fail_match=30 unspecified=0 capped=0 mismatch=0 (of 300)
vectors.vLess: ok=300 fail_match=0 unspecified=0 capped=0 mismatch=0 (of 300)
vectors.vMinMax: ok=300 fail_match=0 unspecified=0 capped=0 mismatch=0 (of 300)
vectors.vMod: ok=270 fail_match=26 unspecified=4 capped=0 mismatch=0 (of 300)
vectors.vNarrow: ok=59 fail_match=241 unspecified=0 capped=0 mismatch=0 (of 300)
vectors.vNeg: ok=272 fail_match=28 unspecified=0 capped=0 mismatch=0 (of 300)
vectors.vOverflow: ok=300 fail_match=0 unspecified=0 capped=0 mismatch=0 (of 300)
vectors.vShift: ok=300 fail_match=0 unspecified=0 capped=0 mismatch=0 (of 300)
vectors.vToFloat: ok=300 fail_match=0 unspecified=0 capped=0 mismatch=0 (of 300)
vectors.xorLanes: ok=300 fail_match=0 unspecified=0 capped=0 mismatch=0 (of 300)
TOTAL vectors: ok=8353 fail_match=632 unspecified=15 capped=0 mismatch=0
TOTAL: ok=81032 fail_match=4975 unspecified=1077 capped=0 mismatch=0
SCHEDULES: observed searched=1460 unsearched=85624 runs=3860 witness=1160 exhausted=300 bounded=0 capped=0 fuel=[100000] cap=[2000] | enumeration receipts=0 runs=0 complete=0 truncated=0 replay_seeds=0 replays=0 fuel=[] node_cap=[] prefix_cap=[] | correspondence_scopes=163 capped_scopes=0 reduction=none qualified=false
##[group]Run summary=tests/diff/out/report.json
[36;1msummary=tests/diff/out/report.json[0m
[36;1mout="$RUNNER_TEMP/accounting"[0m
[36;1mpython3 scripts/accounting.py publish --summary "$summary" \[0m
[36;1m  --json "$out/accounting.json" --markdown "$out/accounting.md"[0m
[36;1mpython3 scripts/accounting.py check --json "$out/accounting.json" --summary "$summary"[0m
[36;1mpython3 scripts/accounting.py claims --summary "$summary"[0m
[36;1mif [ -n "${GITHUB_STEP_SUMMARY:-}" ]; then cat "$out/accounting.md" >> "$GITHUB_STEP_SUMMARY"; fi[0m
shell: /usr/bin/bash -e {0}
env:
  AIR2LEAN_EXAMPLES: 
  PYTHONDONTWRITEBYTECODE: 1
##[endgroup]
Successful comparisons (exact matches only): **86007**.

| Zig | Target | cases | exact_matches | host_differences | illegal | unspecified | capped_searches | bounded_no_result | mismatches | setup_failures | skipped_examples | skipped_functions | proof_exclusions |
|---|---|---:|---:|---:|---:|---:|---:|---:|---:|---:|---:|---:|---:|
| 0.17.0 | Linux-x86_64 | 87084 | 86007 | 0 | 497 | 580 | 0 | 0 | 0 | 0 | 1 | 3 | 18 |
| total |  | 87084 | 86007 | 0 | 497 | 580 | 0 | 0 | 0 | 0 | 1 | 3 | 18 |
accounting check: ok
accounting claims: ok
##[group]Run actions/upload-artifact@043fb46d1a93c77aae656e7c1c64a875d1fc6a0a
with:
  name: diff-summary-0.17.0-Linux-X64
  path: tests/diff/out/report.json
  if-no-files-found: warn
  retention-days: 30
  compression-level: 6
  overwrite: false
  include-hidden-files: false
  archive: true
env:
  AIR2LEAN_EXAMPLES: 
##[endgroup]
With the provided path, there will be 1 file uploaded
Artifact name is valid!
Root directory input is valid!
Uploading artifact: diff-summary-0.17.0-Linux-X64.zip
Beginning upload of artifact content to blob storage
Uploaded bytes 13699
Finished uploading artifact content to blob storage!
SHA256 digest of uploaded artifact is 0e86f5198872608a462e477b319926dea4252aca0f0aaa2389967b1ba53c7860
Finalizing artifact upload
Artifact diff-summary-0.17.0-Linux-X64 successfully finalized. Artifact ID 11576909877
Artifact diff-summary-0.17.0-Linux-X64 has been successfully uploaded! Final size is 13699 bytes. Artifact ID is 11576909877
Artifact download URL: https://github.com/riventic/air2lean/actions/runs/37839844108/artifacts/11576909877
##[group]Run lake build Proofs
[36;1mlake build Proofs[0m
[36;1mlake env lean tests/roadmap/container-contracts/Clients.lean[0m
[36;1mif [ "true" = "true" ] && [ "0.17.0" = "0.16.0" ]; then[0m
[36;1m  lake env lean --run tests/roadmap/rwlock-contracts/Runtime.lean[0m
[36;1m  lake env lean --run tests/roadmap/sync-contracts/Runtime.lean[0m
[36;1m  lake env lean --run tests/roadmap/shared-reclamation/Runtime.lean[0m
[36;1mfi[0m
shell: /usr/bin/bash -e {0}
env:
  AIR2LEAN_EXAMPLES: 
##[endgroup]
⚠ [6/82] Replayed ZigLean.Mem.Enc
warning: ZigLean/Mem/Enc.lean:183:0: Definition `Zig.errorEnc` of class type is semireducible. Most type class instances should be instance-reducible, so consider marking this
definition with `@[instance_reducible]`. If it is intentionally semireducible, this warning can be disabled with `set_option warn.classDefReducibility false`.
warning: ZigLean/Mem/Enc.lean:194:0: Definition `Zig.optionalErrorEnc` of class type is semireducible. Most type class instances should be instance-reducible, so consider marking this
definition with `@[instance_reducible]`. If it is intentionally semireducible, this warning can be disabled with `set_option warn.classDefReducibility false`.
warning: ZigLean/Mem/Enc.lean:226:0: Definition `Zig.Enc.optionWith` of class type is semireducible. Most type class instances should be instance-reducible, so consider marking this
definition with `@[instance_reducible]`. If it is intentionally semireducible, this warning can be disabled with `set_option warn.classDefReducibility false`.
warning: ZigLean/Mem/Enc.lean:231:0: Definition `Zig.Enc.vectorWith` of class type is semireducible. Most type class instances should be instance-reducible, so consider marking this
definition with `@[instance_reducible]`. If it is intentionally semireducible, this warning can be disabled with `set_option warn.classDefReducibility false`.
warning: ZigLean/Mem/Enc.lean:262:0: Definition `Zig.Enc.errorUnionWith` of class type is semireducible. Most type class instances should be instance-reducible, so consider marking this
definition with `@[instance_reducible]`. If it is intentionally semireducible, this warning can be disabled with `set_option warn.classDefReducibility false`.
warning: ZigLean/Mem/Enc.lean:267:0: Definition `Zig.errorUnionEnc` of class type is semireducible. Most type class instances should be instance-reducible, so consider marking this
definition with `@[instance_reducible]`. If it is intentionally semireducible, this warning can be disabled with `set_option warn.classDefReducibility false`.
⚠ [9/82] Replayed ZigLean.Permutation
warning: ZigLean/Permutation.lean:35:52: `dif_pos` has been deprecated: Use `dite_eq_left` instead
⚠ [12/82] Replayed ZigLean.Mem.Thread
warning: ZigLean/Mem/Thread.lean:172:24: Variable name `ord` is not explicitly referenced.

Hint: The binding can be removed (if unused) or named `_` (if used implicitly). Alternatively, prefix the name with `_` to silence this warning:
  [apply] _ord

Note: This linter can be disabled with `set_option linter.unusedVariables false`
warning: ZigLean/Mem/Thread.lean:193:25: Variable name `ord` is not explicitly referenced.

Hint: The binding can be removed (if unused) or named `_` (if used implicitly). Alternatively, prefix the name with `_` to silence this warning:
  [apply] _ord

Note: This linter can be disabled with `set_option linter.unusedVariables false`
warning: ZigLean/Mem/Thread.lean:293:24: Variable name `succ` is not explicitly referenced.

Hint: The binding can be removed (if unused) or named `_` (if used implicitly). Alternatively, prefix the name with `_` to silence this warning:
  [apply] _succ

Note: This linter can be disabled with `set_option linter.unusedVariables false`
warning: ZigLean/Mem/Thread.lean:346:28: Variable name `succ` is not explicitly referenced.

Hint: The binding can be removed (if unused) or named `_` (if used implicitly). Alternatively, prefix the name with `_` to silence this warning:
  [apply] _succ

Note: This linter can be disabled with `set_option linter.unusedVariables false`
⚠ [15/82] Replayed ZigLean.Conc.Spawn
warning: ZigLean/Conc/Spawn.lean:123:38: `if_pos` has been deprecated: Use `ite_eq_left` instead
warning: ZigLean/Conc/Spawn.lean:126:38: `if_neg` has been deprecated: Use `ite_eq_right` instead
⚠ [23/82] Replayed ZigLean.Mem.Lemmas
warning: ZigLean/Mem/Lemmas.lean:622:8: This simp argument is unused:
  h

Hint: Omit it from the simp argument list.
  [apply] simp [hm, errOfBytes_errBytes, bind, pure, ExceptT.bind, ExceptT.pure, ExceptT.mk, ExceptT.bindCont]

Note: This linter can be disabled with `set_option linter.unusedSimpArgs false`
warning: ZigLean/Mem/Lemmas.lean:642:10: This simp argument is unused:
  h x rfl

Hint: Omit it from the simp argument list.
  [apply] simp [hm, errOfBytes_errBytes, bind, pure, ExceptT.bind, ExceptT.pure, ExceptT.mk, ExceptT.bindCont]

Note: This linter can be disabled with `set_option linter.unusedSimpArgs false`
warning: ZigLean/Mem/Lemmas.lean:649:55: This simp argument is unused:
  e.property

Hint: Omit it from the simp argument list.
  [apply] simp [Enc.encode, Enc.decode, errOfBytes_errBytes, hm, bind, pure, ExceptT.bind, ExceptT.pure, ExceptT.mk,
    ExceptT.bindCont]

Note: This linter can be disabled with `set_option linter.unusedSimpArgs false`
warning: ZigLean/Mem/Lemmas.lean:660:57: This simp argument is unused:
  x.property

Hint: Omit it from the simp argument list.
  [apply] simp [Enc.encode, Enc.decode, errOfBytes_errBytes, hm, bind, pure, ExceptT.bind, ExceptT.pure, ExceptT.mk,
    ExceptT.bindCont]

Note: This linter can be disabled with `set_option linter.unusedSimpArgs false`
⚠ [24/82] Replayed ZigLean.Conc.Lemmas
warning: ZigLean/Conc/Lemmas.lean:1509:61: This simp argument is unused:
  Option.bind_some

Hint: Omit it from the simp argument list.
  [apply] simp only [casMarkWrite, zig_unfold, ha, ExceptT.bindCont]

Note: This linter can be disabled with `set_option linter.unusedSimpArgs false`
⚠ [34/82] Replayed ZigLean.Mem.Null
warning: ZigLean/Mem/Null.lean:32:0: Definition `Zig.nullablePtrEnc` of class type is semireducible. Most type class instances should be instance-reducible, so consider marking this
definition with `@[instance_reducible]`. If it is intentionally semireducible, this warning can be disabled with `set_option warn.classDefReducibility false`.
⚠ [35/82] Replayed ZigLean.Mem.ErrWidth
warning: ZigLean/Mem/ErrWidth.lean:69:0: Definition `Zig.errorEncW` of class type is semireducible. Most type class instances should be instance-reducible, so consider marking this
definition with `@[instance_reducible]`. If it is intentionally semireducible, this warning can be disabled with `set_option warn.classDefReducibility false`.
warning: ZigLean/Mem/ErrWidth.lean:80:0: Definition `Zig.optionalErrorEncW` of class type is semireducible. Most type class instances should be instance-reducible, so consider marking this
definition with `@[instance_reducible]`. If it is intentionally semireducible, this warning can be disabled with `set_option warn.classDefReducibility false`.
warning: ZigLean/Mem/ErrWidth.lean:117:0: Definition `Zig.Enc.errorUnionWithW` of class type is semireducible. Most type class instances should be instance-reducible, so consider marking this
definition with `@[instance_reducible]`. If it is intentionally semireducible, this warning can be disabled with `set_option warn.classDefReducibility false`.
warning: ZigLean/Mem/ErrWidth.lean:134:0: Definition `Zig.errorUnionEncW` of class type is semireducible. Most type class instances should be instance-reducible, so consider marking this
definition with `@[instance_reducible]`. If it is intentionally semireducible, this warning can be disabled with `set_option warn.classDefReducibility false`.
⚠ [50/82] Replayed ZigLean.Sep.Assert
warning: ZigLean/Sep/Assert.lean:101:10: `if_neg` has been deprecated: Use `ite_eq_right` instead
warning: ZigLean/Sep/Assert.lean:102:16: `if_neg` has been deprecated: Use `ite_eq_right` instead
warning: ZigLean/Sep/Assert.lean:106:10: `if_pos` has been deprecated: Use `ite_eq_left` instead
warning: ZigLean/Sep/Assert.lean:106:21: `if_neg` has been deprecated: Use `ite_eq_right` instead
warning: ZigLean/Sep/Assert.lean:107:10: `if_neg` has been deprecated: Use `ite_eq_right` instead
warning: ZigLean/Sep/Assert.lean:109:12: `if_pos` has been deprecated: Use `ite_eq_left` instead
warning: ZigLean/Sep/Assert.lean:115:12: `if_neg` has been deprecated: Use `ite_eq_right` instead
warning: ZigLean/Sep/Assert.lean:115:27: `if_neg` has been deprecated: Use `ite_eq_right` instead
warning: ZigLean/Sep/Assert.lean:120:10: `if_pos` has been deprecated: Use `ite_eq_left` instead
warning: ZigLean/Sep/Assert.lean:120:21: `if_pos` has been deprecated: Use `ite_eq_left` instead
warning: ZigLean/Sep/Assert.lean:120:36: `if_pos` has been deprecated: Use `ite_eq_left` instead
warning: ZigLean/Sep/Assert.lean:122:10: `if_neg` has been deprecated: Use `ite_eq_right` instead
warning: ZigLean/Sep/Assert.lean:122:21: `if_neg` has been deprecated: Use `ite_eq_right` instead
warning: ZigLean/Sep/Assert.lean:127:10: `if_pos` has been deprecated: Use `ite_eq_left` instead
warning: ZigLean/Sep/Assert.lean:127:21: `if_pos` has been deprecated: Use `ite_eq_left` instead
warning: ZigLean/Sep/Assert.lean:127:58: `if_pos` has been deprecated: Use `ite_eq_left` instead
warning: ZigLean/Sep/Assert.lean:132:10: `if_neg` has been deprecated: Use `ite_eq_right` instead
warning: ZigLean/Sep/Assert.lean:132:21: `if_neg` has been deprecated: Use `ite_eq_right` instead
✔ [53/83] Built ZigLean.Conc.WeakCasLemmas (667ms)
✔ [55/84] Built ZigLean.Conc.Own (2.2s)
✔ [57/86] Built Proofs.Errors.Proofs (2.6s)
✔ [58/86] Built ZigLean.Float.Lemmas (2.5s)
✔ [60/134] Built Proofs.Slices.Proofs (2.3s)
⚠ [66/134] Replayed ZigLean.Sep.SentinelRealloc
warning: ZigLean/Sep/SentinelRealloc.lean:41:8: `if_pos` has been deprecated: Use `ite_eq_left` instead
warning: ZigLean/Sep/SentinelRealloc.lean:41:19: `if_pos` has been deprecated: Use `ite_eq_left` instead
warning: ZigLean/Sep/SentinelRealloc.lean:42:8: `if_neg` has been deprecated: Use `ite_eq_right` instead
warning: ZigLean/Sep/SentinelRealloc.lean:42:19: `if_neg` has been deprecated: Use `ite_eq_right` instead
warning: ZigLean/Sep/SentinelRealloc.lean:147:10: `if_pos` has been deprecated: Use `ite_eq_left` instead
warning: ZigLean/Sep/SentinelRealloc.lean:155:10: `if_neg` has been deprecated: Use `ite_eq_right` instead
warning: ZigLean/Sep/SentinelRealloc.lean:295:4: `if_neg` has been deprecated: Use `ite_eq_right` instead
warning: ZigLean/Sep/SentinelRealloc.lean:303:4: `if_neg` has been deprecated: Use `ite_eq_right` instead
✔ [74/134] Built ZigLean.Conc.Csl (1.2s)
✔ [75/134] Built ZigLean.Float.Allowed (1.9s)
✔ [76/136] Built Proofs.Atomics.MessagePassing (5.2s)
✔ [77/136] Built Proofs.Atomics.Proofs (5.7s)
✔ [79/146] Built Proofs.Pointers.Sep (642ms)
⚠ [87/146] Replayed Proofs.Threadsync.Gen
warning: Proofs/Threadsync/Gen.lean:352:10: Variable name `i12` is not explicitly referenced.

Hint: The binding can be removed (if unused) or named `_` (if used implicitly). Alternatively, prefix the name with `_` to silence this warning:
  [apply] _i12

Note: This linter can be disabled with `set_option linter.unusedVariables false`
warning: Proofs/Threadsync/Gen.lean:363:14: Variable name `v14` is not explicitly referenced.

Hint: The binding can be removed (if unused) or named `_` (if used implicitly). Alternatively, prefix the name with `_` to silence this warning:
  [apply] _v14

Note: This linter can be disabled with `set_option linter.unusedVariables false`
✔ [89/146] Built ZigLean.Float.RoundTrip (7.0s)
✔ [91/146] Built Proofs.Pointers.Proofs (6.1s)
✔ [92/146] Built Proofs.Slices.Sep (3.0s)
⚠ [93/146] Built ZigLean.Conc.Lock (3.5s)
warning: ZigLean/Conc/Lock.lean:125:41: `if_neg` has been deprecated: Use `ite_eq_right` instead
warning: ZigLean/Conc/Lock.lean:172:13: `if_neg` has been deprecated: Use `ite_eq_right` instead
warning: ZigLean/Conc/Lock.lean:758:28: `if_neg` has been deprecated: Use `ite_eq_right` instead
warning: ZigLean/Conc/Lock.lean:803:29: `if_pos` has been deprecated: Use `ite_eq_left` instead
warning: ZigLean/Conc/Lock.lean:807:29: `if_neg` has been deprecated: Use `ite_eq_right` instead
warning: ZigLean/Conc/Lock.lean:807:47: `if_pos` has been deprecated: Use `ite_eq_left` instead
warning: ZigLean/Conc/Lock.lean:809:29: `if_pos` has been deprecated: Use `ite_eq_left` instead
warning: ZigLean/Conc/Lock.lean:809:79: `if_neg` has been deprecated: Use `ite_eq_right` instead
warning: ZigLean/Conc/Lock.lean:795:56: Variable name `ht` is not explicitly referenced.

Hint: The binding can be removed (if unused) or named `_` (if used implicitly). Alternatively, prefix the name with `_` to silence this warning:
  [apply] _ht

Note: This linter can be disabled with `set_option linter.unusedVariables false`
warning: ZigLean/Conc/Lock.lean:834:19: This simp argument is unused:
  Array.getElem?_eq_none (Nat.le_refl _)

Hint: Omit it from the simp argument list.
  [apply] simp [joinedB]

Note: This linter can be disabled with `set_option linter.unusedSimpArgs false`
warning: ZigLean/Conc/Lock.lean:856:27: This simp argument is unused:
  Lock.own

Hint: Omit it from the simp argument list.
  [apply] simp [upd, h1, h2]

Note: This linter can be disabled with `set_option linter.unusedSimpArgs false`
warning: ZigLean/Conc/Lock.lean:891:14: This simp argument is unused:
  h1

Hint: Omit it from the simp argument list.
  [apply] simp [h2, hct]

Note: This linter can be disabled with `set_option linter.unusedSimpArgs false`
warning: ZigLean/Conc/Lock.lean:900:19: This simp argument is unused:
  h1

Hint: Omit it from the simp argument list.
  [apply] simp only [h2, hct, ↓reduceIte, h₀h]

Note: This linter can be disabled with `set_option linter.unusedSimpArgs false`
warning: ZigLean/Conc/Lock.lean:906:19: This simp argument is unused:
  h1

Hint: Omit it from the simp argument list.
  [apply] simp only [h2, hct, ↓reduceIte, h₀h]

Note: This linter can be disabled with `set_option linter.unusedSimpArgs false`
warning: ZigLean/Conc/Lock.lean:1004:45: `if_neg` has been deprecated: Use `ite_eq_right` instead
warning: ZigLean/Conc/Lock.lean:1031:46: `if_neg` has been deprecated: Use `ite_eq_right` instead
✔ [94/146] Built Proofs.Recursion.Proofs (2.0s)
✔ [95/146] Built Proofs.Atomics.Relaxed (5.4s)
✔ [96/146] Built Proofs.Variants.Proofs (2.8s)
⚠ [97/146] Built Proofs.Vectors.Proofs (3.3s)
warning: Proofs/Vectors/Proofs.lean:307:8: `if_pos` has been deprecated: Use `ite_eq_left` instead
warning: Proofs/Vectors/Proofs.lean:310:8: `if_neg` has been deprecated: Use `ite_eq_right` instead
⚠ [98/146] Built Proofs.Threads.Proofs (668ms)
warning: Proofs/Threads/Proofs.lean:53:23: This simp argument is unused:
  Bool.false_eq_true

Hint: Omit it from the simp argument list.
  [apply] simp only [readOpts, ↓reduceIte, Bool.not_false, Bool.true_or, hf]

Note: This linter can be disabled with `set_option linter.unusedSimpArgs false`
warning: Proofs/Threads/Proofs.lean:53:43: This simp argument is unused:
  ↓reduceIte

Hint: Omit it from the simp argument list.
  [apply] simp only [readOpts, Bool.false_eq_true, Bool.not_false, Bool.true_or, hf]

Note: This linter can be disabled with `set_option linter.unusedSimpArgs false`
✔ [99/146] Built Proofs.Basic.Arith (1.2s)
⚠ [100/146] Built Proofs.Threads.Disjoint (5.2s)
warning: Proofs/Threads/Disjoint.lean:482:55: `if_pos` has been deprecated: Use `ite_eq_left` instead
warning: Proofs/Threads/Disjoint.lean:485:38: `if_neg` has been deprecated: Use `ite_eq_right` instead
warning: Proofs/Threads/Disjoint.lean:526:55: `if_neg` has been deprecated: Use `ite_eq_right` instead
warning: Proofs/Threads/Disjoint.lean:527:55: `if_pos` has been deprecated: Use `ite_eq_left` instead
warning: Proofs/Threads/Disjoint.lean:532:38: `if_neg` has been deprecated: Use `ite_eq_right` instead
✔ [101/146] Built Proofs.Basic.Common (686ms)
✔ [102/146] Built Proofs.Layout.Mem (1.7s)
✔ [106/146] Built Proofs.Atomics.Stack (11s)
✔ [107/146] Built Proofs.Floatconv.Proofs (1.1s)
✔ [108/146] Built Proofs.Floats.Proofs (1.7s)
✔ [109/146] Built Proofs.Layout.Proofs (5.1s)
⚠ [110/146] Built Proofs.Floatops.Proofs (4.5s)
warning: Proofs/Floatops/Proofs.lean:509:19: This simp argument is unused:
  hd.2

Hint: Omit it from the simp argument list.
  [apply] simp only [hd.1]

Note: This linter can be disabled with `set_option linter.unusedSimpArgs false`
✔ [111/146] Built Proofs.Lists.Sep (1.9s)
✔ [112/146] Built Proofs.Vectors.CheckedAdd (1.4s)
✔ [113/146] Built ZigLean.Float.Error (4.2s)
✔ [114/146] Built Proofs.Basic.Proofs (2.9s)
✔ [115/146] Built Proofs.Options.Proofs (1.9s)
⚠ [116/146] Built ZigLean.Conc.LockRules (7.2s)
warning: ZigLean/Conc/LockRules.lean:275:27: `if_neg` has been deprecated: Use `ite_eq_right` instead
warning: ZigLean/Conc/LockRules.lean:370:48: `if_neg` has been deprecated: Use `ite_eq_right` instead
warning: ZigLean/Conc/LockRules.lean:367:48: This simp argument is unused:
  Array.getElem_setIfInBounds

Hint: Omit it from the simp argument list.
  [apply] simp only [ha, Array.set!_eq_setIfInBounds, ↓reduceIte]

Note: This linter can be disabled with `set_option linter.unusedSimpArgs false`
warning: ZigLean/Conc/LockRules.lean:367:77: This simp argument is unused:
  ↓reduceIte

Hint: Omit it from the simp argument list.
  [apply] simp only [ha, Array.set!_eq_setIfInBounds, Array.getElem_setIfInBounds]

Note: This linter can be disabled with `set_option linter.unusedSimpArgs false`
warning: ZigLean/Conc/LockRules.lean:493:5: Variable name `hwq` is not explicitly referenced.

Hint: The binding can be removed (if unused) or named `_` (if used implicitly). Alternatively, prefix the name with `_` to silence this warning:
  [apply] _hwq

Note: This linter can be disabled with `set_option linter.unusedVariables false`
warning: ZigLean/Conc/LockRules.lean:596:49: `if_neg` has been deprecated: Use `ite_eq_right` instead
warning: ZigLean/Conc/LockRules.lean:665:20: `if_neg` has been deprecated: Use `ite_eq_right` instead
warning: ZigLean/Conc/LockRules.lean:687:12: `if_pos` has been deprecated: Use `ite_eq_left` instead
warning: ZigLean/Conc/LockRules.lean:785:12: `if_pos` has been deprecated: Use `ite_eq_left` instead
warning: ZigLean/Conc/LockRules.lean:818:22: `if_neg` has been deprecated: Use `ite_eq_right` instead
warning: ZigLean/Conc/LockRules.lean:860:12: `if_pos` has been deprecated: Use `ite_eq_left` instead
warning: ZigLean/Conc/LockRules.lean:893:22: `if_neg` has been deprecated: Use `ite_eq_right` instead
warning: ZigLean/Conc/LockRules.lean:970:89: This simp argument is unused:
  acqM

Hint: Omit it from the simp argument list.
  [apply] simp [hc]

Note: This linter can be disabled with `set_option linter.unusedSimpArgs false`
warning: ZigLean/Conc/LockRules.lean:1072:28: `if_neg` has been deprecated: Use `ite_eq_right` instead
warning: ZigLean/Conc/LockRules.lean:1034:78: Variable name `hpg` is not explicitly referenced.

Hint: The binding can be removed (if unused) or named `_` (if used implicitly). Alternatively, prefix the name with `_` to silence this warning:
  [apply] _hpg

Note: This linter can be disabled with `set_option linter.unusedVariables false`
warning: ZigLean/Conc/LockRules.lean:1120:66: `if_neg` has been deprecated: Use `ite_eq_right` instead
warning: ZigLean/Conc/LockRules.lean:1198:45: `if_neg` has been deprecated: Use `ite_eq_right` instead
warning: ZigLean/Conc/LockRules.lean:1208:20: `if_neg` has been deprecated: Use `ite_eq_right` instead
warning: ZigLean/Conc/LockRules.lean:1236:66: `if_neg` has been deprecated: Use `ite_eq_right` instead
warning: ZigLean/Conc/LockRules.lean:1336:63: `if_neg` has been deprecated: Use `ite_eq_right` instead
warning: ZigLean/Conc/LockRules.lean:1372:63: `if_neg` has been deprecated: Use `ite_eq_right` instead
⚠ [117/146] Built Proofs.Threads.Counter (19s)
warning: Proofs/Threads/Counter.lean:430:17: This simp argument is unused:
  Proto.observeM

Hint: Omit it from the simp argument list.
  [apply] simp only [Proto.rmwMsg]

Note: This linter can be disabled with `set_option linter.unusedSimpArgs false`
warning: Proofs/Threads/Counter.lean:1871:34: This simp argument is unused:
  StateT.run_pure

Hint: Omit it from the simp argument list.
  [apply] simp only [StateT.run_modify, pure_bind, StateT.run_bind]

Note: This linter can be disabled with `set_option linter.unusedSimpArgs false`
warning: Proofs/Threads/Counter.lean:1871:62: This simp argument is unused:
  StateT.run_bind

Hint: Omit it from the simp argument list.
  [apply] simp only [StateT.run_modify, StateT.run_pure, pure_bind]

Note: This linter can be disabled with `set_option linter.unusedSimpArgs false`
warning: Proofs/Threads/Counter.lean:1875:15: This simp argument is unused:
  StateT.run_modify

Hint: Omit it from the simp argument list.
  [apply] simp only [pure_bind]

Note: This linter can be disabled with `set_option linter.unusedSimpArgs false`
warning: Proofs/Threads/Counter.lean:1875:34: This simp argument is unused:
  pure_bind

Hint: Omit it from the simp argument list.
  [apply] simp only [StateT.run_modify]

Note: This linter can be disabled with `set_option linter.unusedSimpArgs false`
✔ [118/146] Built Proofs.Asm.Proofs (528ms)
✔ [119/146] Built Proofs.Floats.Dot (2.6s)
✔ [120/146] Built Proofs.Basic.Twt (2.3s)
✔ [121/146] Built ZigLean.Conc.Share (1.1s)
⚠ [122/146] Built Proofs.Sync.Lock (1.9s)
warning: Proofs/Sync/Lock.lean:64:15: This simp argument is unused:
  StateT.run_pure

Hint: Omit it from the simp argument list.
  [apply] simp only [pure_bind]

Note: This linter can be disabled with `set_option linter.unusedSimpArgs false`
warning: Proofs/Sync/Lock.lean:64:32: This simp argument is unused:
  pure_bind

Hint: Omit it from the simp argument list.
  [apply] simp only [StateT.run_pure]

Note: This linter can be disabled with `set_option linter.unusedSimpArgs false`
warning: Proofs/Sync/Lock.lean:70:15: This simp argument is unused:
  StateT.run_pure

Hint: Omit it from the simp argument list.
  [apply] simp only [pure_bind]

Note: This linter can be disabled with `set_option linter.unusedSimpArgs false`
warning: Proofs/Sync/Lock.lean:70:32: This simp argument is unused:
  pure_bind

Hint: Omit it from the simp argument list.
  [apply] simp only [StateT.run_pure]

Note: This linter can be disabled with `set_option linter.unusedSimpArgs false`
warning: Proofs/Sync/Lock.lean:72:18: This simp argument is unused:
  pure_bind

Hint: Omit it from the simp argument list.
  [apply] simp only [show (r != Io_Mutex_State.unlocked) = true from hne, ↓reduceIte, StateT.run_bind, bind_assoc]

Note: This linter can be disabled with `set_option linter.unusedSimpArgs false`
warning: Proofs/Sync/Lock.lean:158:52: This simp argument is unused:
  pure_bind

Hint: Omit it from the simp argument list.
  [apply] simp only [mutexS, StateT.run_bind, bind_assoc]

Note: This linter can be disabled with `set_option linter.unusedSimpArgs false`
⚠ [123/146] Built Proofs.Lists.Append (11s)
warning: Proofs/Lists/Append.lean:81:68: This simp argument is unused:
  lockBytes_size

Hint: Omit it from the simp argument list.
  [apply] simp [hdrBytes, Array.extract_append, enc_ptr_size, enc_u64_size]

Note: This linter can be disabled with `set_option linter.unusedSimpArgs false`
warning: Proofs/Lists/Append.lean:85:82: This simp argument is unused:
  lockBytes_size

Hint: Omit it from the simp argument list.
  [apply] simp [hdrBytes, Array.extract_append, enc_ptr_size, enc_u64_size, extract_none]

Note: This linter can be disabled with `set_option linter.unusedSimpArgs false`
warning: Proofs/Lists/Append.lean:89:82: This simp argument is unused:
  lockBytes_size

Hint: Omit it from the simp argument list.
  [apply] simp [hdrBytes, Array.extract_append, enc_ptr_size, enc_u64_size, extract_none]

Note: This linter can be disabled with `set_option linter.unusedSimpArgs false`
warning: Proofs/Lists/Append.lean:93:68: This simp argument is unused:
  lockBytes_size

Hint: Omit it from the simp argument list.
  [apply] simp [hdrBytes, Array.extract_append, enc_ptr_size, enc_u64_size]

Note: This linter can be disabled with `set_option linter.unusedSimpArgs false`
warning: Proofs/Lists/Append.lean:151:80: This simp argument is unused:
  extract_none

Hint: Omit it from the simp argument list.
  [apply] simp [writeBytes, hdrBytes, Array.extract_append, enc_ptr_size, enc_u64_size, extract_past, extract_full,
    add24_sub]

Note: This linter can be disabled with `set_option linter.unusedSimpArgs false`
warning: Proofs/Lists/Append.lean:156:80: This simp argument is unused:
  extract_none

Hint: Omit it from the simp argument list.
  [apply] simp [writeBytes, hdrBytes, Array.extract_append, enc_ptr_size, enc_u64_size, extract_past, extract_full,
    add24_sub]

Note: This linter can be disabled with `set_option linter.unusedSimpArgs false`
warning: Proofs/Lists/Append.lean:161:80: This simp argument is unused:
  extract_none

Hint: Omit it from the simp argument list.
  [apply] simp [writeBytes, hdrBytes, Array.extract_append, enc_ptr_size, enc_u64_size, extract_past, extract_full,
    add24_sub]

Note: This linter can be disabled with `set_option linter.unusedSimpArgs false`
⚠ [124/146] Built ZigLean.Conc.Word (4.0s)
warning: ZigLean/Conc/Word.lean:239:51: Variable name `h1` is not explicitly referenced.

Hint: The binding can be removed (if unused) or named `_` (if used implicitly). Alternatively, prefix the name with `_` to silence this warning:
  [apply] _h1

Note: This linter can be disabled with `set_option linter.unusedVariables false`
warning: ZigLean/Conc/Word.lean:541:75: `if_neg` has been deprecated: Use `ite_eq_right` instead
warning: ZigLean/Conc/Word.lean:696:53: `if_neg` has been deprecated: Use `ite_eq_right` instead
warning: ZigLean/Conc/Word.lean:725:50: `if_neg` has been deprecated: Use `ite_eq_right` instead
warning: ZigLean/Conc/Word.lean:798:46: `if_neg` has been deprecated: Use `ite_eq_right` instead
warning: ZigLean/Conc/Word.lean:722:51: This simp argument is unused:
  Array.getElem_setIfInBounds

Hint: Omit it from the simp argument list.
  [apply] simp only [hMa, Array.set!_eq_setIfInBounds, ↓reduceIte]

Note: This linter can be disabled with `set_option linter.unusedSimpArgs false`
warning: ZigLean/Conc/Word.lean:722:80: This simp argument is unused:
  ↓reduceIte

Hint: Omit it from the simp argument list.
  [apply] simp only [hMa, Array.set!_eq_setIfInBounds, Array.getElem_setIfInBounds]

Note: This linter can be disabled with `set_option linter.unusedSimpArgs false`
warning: ZigLean/Conc/Word.lean:723:12: This simp argument is unused:
  l'

Hint: Omit it from the simp argument list.
  [apply] simp [hlb, hlo]

Note: This linter can be disabled with `set_option linter.unusedSimpArgs false`
warning: ZigLean/Conc/Word.lean:849:61: `if_neg` has been deprecated: Use `ite_eq_right` instead
✔ [125/146] Built Proofs.Lists.Cost (2.7s)
✔ [126/146] Built Proofs.Lists.Container (1.1s)
⚠ [127/146] Built Proofs.Sync.Mutex (5.7s)
warning: Proofs/Sync/Mutex.lean:188:10: `if_neg` has been deprecated: Use `ite_eq_right` instead
warning: Proofs/Sync/Mutex.lean:775:43: `if_neg` has been deprecated: Use `ite_eq_right` instead
warning: Proofs/Sync/Mutex.lean:736:13: This simp argument is unused:
  StateT.run_bind

Hint: Omit it from the simp argument list.
  [apply] simp only

Note: This linter can be disabled with `set_option linter.unusedSimpArgs false`
warning: Proofs/Sync/Mutex.lean:833:71: This simp argument is unused:
  show (0 : Nat) = 0 from rfl

Hint: Omit it from the simp argument list.
  [apply] simp only [true_and, show 0 < m₈.clocks.size by omega, ↓reduceIte]

Note: This linter can be disabled with `set_option linter.unusedSimpArgs false`
✔ [128/146] Built Proofs.Lists.Policy (1.0s)
✔ [129/146] Built ZigLean.Conc.WeakWord (607ms)
⚠ [130/146] Built Proofs.Iogroup.Counter (7.7s)
warning: Proofs/Iogroup/Counter.lean:230:15: This simp argument is unused:
  StateT.run_pure

Hint: Omit it from the simp argument list.
  [apply] simp only [pure_bind]

Note: This linter can be disabled with `set_option linter.unusedSimpArgs false`
warning: Proofs/Iogroup/Counter.lean:230:32: This simp argument is unused:
  pure_bind

Hint: Omit it from the simp argument list.
  [apply] simp only [StateT.run_pure]

Note: This linter can be disabled with `set_option linter.unusedSimpArgs false`
warning: Proofs/Iogroup/Counter.lean:235:15: This simp argument is unused:
  StateT.run_pure

Hint: Omit it from the simp argument list.
  [apply] simp only [pure_bind]

Note: This linter can be disabled with `set_option linter.unusedSimpArgs false`
warning: Proofs/Iogroup/Counter.lean:235:32: This simp argument is unused:
  pure_bind

Hint: Omit it from the simp argument list.
  [apply] simp only [StateT.run_pure]

Note: This linter can be disabled with `set_option linter.unusedSimpArgs false`
warning: Proofs/Iogroup/Counter.lean:237:18: This simp argument is unused:
  pure_bind

Hint: Omit it from the simp argument list.
  [apply] simp only [show (r != Io_Mutex_State.unlocked) = true from hne, ↓reduceIte, StateT.run_bind, bind_assoc]

Note: This linter can be disabled with `set_option linter.unusedSimpArgs false`
warning: Proofs/Iogroup/Counter.lean:318:47: This simp argument is unused:
  pure_bind

Hint: Omit it from the simp argument list.
  [apply] simp only [S, StateT.run_bind, bind_assoc]

Note: This linter can be disabled with `set_option linter.unusedSimpArgs false`
warning: Proofs/Iogroup/Counter.lean:403:10: `if_neg` has been deprecated: Use `ite_eq_right` instead
warning: Proofs/Iogroup/Counter.lean:518:35: `if_neg` has been deprecated: Use `ite_eq_right` instead
warning: Proofs/Iogroup/Counter.lean:663:30: This simp argument is unused:
  pure_bind

Hint: Omit it from the simp argument list.
  [apply] simp only [StateT.run_pure]

Note: This linter can be disabled with `set_option linter.unusedSimpArgs false`
warning: Proofs/Iogroup/Counter.lean:808:12: This simp argument is unused:
  hu

Hint: Omit it from the simp argument list.
  [apply] simp [Array.getElem?_eq_none this]

Note: This linter can be disabled with `set_option linter.unusedSimpArgs false`
warning: Proofs/Iogroup/Counter.lean:913:41: `if_neg` has been deprecated: Use `ite_eq_right` instead
warning: Proofs/Iogroup/Counter.lean:923:10: `if_neg` has been deprecated: Use `ite_eq_right` instead
warning: Proofs/Iogroup/Counter.lean:923:43: `if_neg` has been deprecated: Use `ite_eq_right` instead
warning: Proofs/Iogroup/Counter.lean:923:55: `if_neg` has been deprecated: Use `ite_eq_right` instead
warning: Proofs/Iogroup/Counter.lean:927:14: `if_neg` has been deprecated: Use `ite_eq_right` instead
warning: Proofs/Iogroup/Counter.lean:927:55: `if_neg` has been deprecated: Use `ite_eq_right` instead
warning: Proofs/Iogroup/Counter.lean:933:10: `if_neg` has been deprecated: Use `ite_eq_right` instead
warning: Proofs/Iogroup/Counter.lean:952:13: `if_neg` has been deprecated: Use `ite_eq_right` instead
warning: Proofs/Iogroup/Counter.lean:921:12: This simp argument is unused:
  hne

Hint: Omit it from the simp argument list.
  [apply] simp

Note: This linter can be disabled with `set_option linter.unusedSimpArgs false`
warning: Proofs/Iogroup/Counter.lean:1043:33: `if_neg` has been deprecated: Use `ite_eq_right` instead
warning: Proofs/Iogroup/Counter.lean:1061:72: `if_neg` has been deprecated: Use `ite_eq_right` instead
warning: Proofs/Iogroup/Counter.lean:1071:74: `if_pos` has been deprecated: Use `ite_eq_left` instead
warning: Proofs/Iogroup/Counter.lean:1072:8: `if_pos` has been deprecated: Use `ite_eq_left` instead
warning: Proofs/Iogroup/Counter.lean:1074:74: `if_neg` has been deprecated: Use `ite_eq_right` instead
warning: Proofs/Iogroup/Counter.lean:1082:10: `if_neg` has been deprecated: Use `ite_eq_right` instead
warning: Proofs/Iogroup/Counter.lean:1098:28: `if_neg` has been deprecated: Use `ite_eq_right` instead
warning: Proofs/Iogroup/Counter.lean:1103:10: `if_neg` has been deprecated: Use `ite_eq_right` instead
warning: Proofs/Iogroup/Counter.lean:1131:44: This simp argument is unused:
  pure_bind

Hint: Omit it from the simp argument list.
  [apply] simp only [StateT.run_bind, bind_assoc]

Note: This linter can be disabled with `set_option linter.unusedSimpArgs false`
warning: Proofs/Iogroup/Counter.lean:1139:34: This simp argument is unused:
  StateT.run_pure

Hint: Omit it from the simp argument list.
  [apply] simp only [StateT.run_modify, pure_bind]

Note: This linter can be disabled with `set_option linter.unusedSimpArgs false`
warning: Proofs/Iogroup/Counter.lean:1311:13: This simp argument is unused:
  StateT.run_bind

Hint: Omit it from the simp argument list.
  [apply] simp only [StateT.run_get, pure_bind]

Note: This linter can be disabled with `set_option linter.unusedSimpArgs false`
warning: Proofs/Iogroup/Counter.lean:1311:30: This simp argument is unused:
  StateT.run_get

Hint: Omit it from the simp argument list.
  [apply] simp only [StateT.run_bind, pure_bind]

Note: This linter can be disabled with `set_option linter.unusedSimpArgs false`
warning: Proofs/Iogroup/Counter.lean:1311:46: This simp argument is unused:
  pure_bind

Hint: Omit it from the simp argument list.
  [apply] simp only [StateT.run_bind, StateT.run_get]

Note: This linter can be disabled with `set_option linter.unusedSimpArgs false`
warning: Proofs/Iogroup/Counter.lean:1350:13: This simp argument is unused:
  Array.toList

Hint: Omit it from the simp argument list.
  [apply] simp only [List.forIn_cons, List.forIn_nil, StateT.run_bind, bind_assoc]

Note: This linter can be disabled with `set_option linter.unusedSimpArgs false`
warning: Proofs/Iogroup/Counter.lean:1354:13: This simp argument is unused:
  StateT.run_pure

Hint: Omit it from the simp argument list.
  [apply] simp only [pure_bind, StateT.run_bind, bind_assoc]

Note: This linter can be disabled with `set_option linter.unusedSimpArgs false`
warning: Proofs/Iogroup/Counter.lean:1354:30: This simp argument is unused:
  pure_bind

Hint: Omit it from the simp argument list.
  [apply] simp only [StateT.run_pure, StateT.run_bind, bind_assoc]

Note: This linter can be disabled with `set_option linter.unusedSimpArgs false`
warning: Proofs/Iogroup/Counter.lean:1354:41: This simp argument is unused:
  StateT.run_bind

Hint: Omit it from the simp argument list.
  [apply] simp only [StateT.run_pure, pure_bind, bind_assoc]

Note: This linter can be disabled with `set_option linter.unusedSimpArgs false`
warning: Proofs/Iogroup/Counter.lean:1354:58: This simp argument is unused:
  bind_assoc

Hint: Omit it from the simp argument list.
  [apply] simp only [StateT.run_pure, pure_bind, StateT.run_bind]

Note: This linter can be disabled with `set_option linter.unusedSimpArgs false`
warning: Proofs/Iogroup/Counter.lean:1356:13: This simp argument is unused:
  StateT.run_pure

Hint: Omit it from the simp argument list.
  [apply] simp only [pure_bind]

Note: This linter can be disabled with `set_option linter.unusedSimpArgs false`
warning: Proofs/Iogroup/Counter.lean:1356:30: This simp argument is unused:
  pure_bind

Hint: Omit it from the simp argument list.
  [apply] simp only [StateT.run_pure]

Note: This linter can be disabled with `set_option linter.unusedSimpArgs false`
⚠ [131/146] Built Proofs.Threadsync.Lock (12s)
warning: Proofs/Threadsync/Lock.lean:92:13: This simp argument is unused:
  StateT.run_pure

Hint: Omit it from the simp argument list.
  [apply] simp only [pure_bind]

Note: This linter can be disabled with `set_option linter.unusedSimpArgs false`
warning: Proofs/Threadsync/Lock.lean:92:30: This simp argument is unused:
  pure_bind

Hint: Omit it from the simp argument list.
  [apply] simp only [StateT.run_pure]

Note: This linter can be disabled with `set_option linter.unusedSimpArgs false`
warning: Proofs/Threadsync/Lock.lean:129:15: This simp argument is unused:
  StateT.run_pure

Hint: Omit it from the simp argument list.
  [apply] simp only [pure_bind]

Note: This linter can be disabled with `set_option linter.unusedSimpArgs false`
warning: Proofs/Threadsync/Lock.lean:129:32: This simp argument is unused:
  pure_bind

Hint: Omit it from the simp argument list.
  [apply] simp only [StateT.run_pure]

Note: This linter can be disabled with `set_option linter.unusedSimpArgs false`
warning: Proofs/Threadsync/Lock.lean:131:15: This simp argument is unused:
  threadMutexS

Hint: Omit it from the simp argument list.
  [apply] simp only [bne_self_eq_false, Bool.false_eq_true, ↓reduceIte, Thread_Mutex_FutexImpl_lockSlow.again16]

Note: This linter can be disabled with `set_option linter.unusedSimpArgs false`
warning: Proofs/Threadsync/Lock.lean:131:29: This simp argument is unused:
  bne_self_eq_false

Hint: Omit it from the simp argument list.
  [apply] simp only [threadMutexS, Bool.false_eq_true, ↓reduceIte, Thread_Mutex_FutexImpl_lockSlow.again16]

Note: This linter can be disabled with `set_option linter.unusedSimpArgs false`
warning: Proofs/Threadsync/Lock.lean:136:15: This simp argument is unused:
  StateT.run_pure

Hint: Omit it from the simp argument list.
  [apply] simp only [pure_bind]

Note: This linter can be disabled with `set_option linter.unusedSimpArgs false`
warning: Proofs/Threadsync/Lock.lean:136:32: This simp argument is unused:
  pure_bind

Hint: Omit it from the simp argument list.
  [apply] simp only [StateT.run_pure]

Note: This linter can be disabled with `set_option linter.unusedSimpArgs false`
warning: Proofs/Threadsync/Lock.lean:137:61: This simp argument is unused:
  pure_bind

Hint: Omit it from the simp argument list.
  [apply] simp only [hne, ↓reduceIte, StateT.run_bind, bind_assoc]

Note: This linter can be disabled with `set_option linter.unusedSimpArgs false`
warning: Proofs/Threadsync/Lock.lean:186:13: This simp argument is unused:
  StateT.run_pure

Hint: Omit it from the simp argument list.
  [apply] simp only [pure_bind]

Note: This linter can be disabled with `set_option linter.unusedSimpArgs false`
warning: Proofs/Threadsync/Lock.lean:186:30: This simp argument is unused:
  pure_bind

Hint: Omit it from the simp argument list.
  [apply] simp only [StateT.run_pure]

Note: This linter can be disabled with `set_option linter.unusedSimpArgs false`
warning: Proofs/Threadsync/Lock.lean:188:60: This simp argument is unused:
  pure_bind

Hint: Omit it from the simp argument list.
  [apply] simp only [hv, ↓reduceIte, StateT.run_bind, bind_assoc]

Note: This linter can be disabled with `set_option linter.unusedSimpArgs false`
warning: Proofs/Threadsync/Lock.lean:216:72: This simp argument is unused:
  pure_bind

Hint: Omit it from the simp argument list.
  [apply] simp only [Bool.not_false, ↓reduceIte, StateT.run_bind, bind_assoc]

Note: This linter can be disabled with `set_option linter.unusedSimpArgs false`
warning: Proofs/Threadsync/Lock.lean:255:15: This simp argument is unused:
  StateT.run_pure

Hint: Omit it from the simp argument list.
  [apply] simp only [pure_bind]

Note: This linter can be disabled with `set_option linter.unusedSimpArgs false`
warning: Proofs/Threadsync/Lock.lean:255:32: This simp argument is unused:
  pure_bind

Hint: Omit it from the simp argument list.
  [apply] simp only [StateT.run_pure]

Note: This linter can be disabled with `set_option linter.unusedSimpArgs false`
warning: Proofs/Threadsync/Lock.lean:260:15: This simp argument is unused:
  StateT.run_pure

Hint: Omit it from the simp argument list.
  [apply] simp only [pure_bind]

Note: This linter can be disabled with `set_option linter.unusedSimpArgs false`
warning: Proofs/Threadsync/Lock.lean:260:32: This simp argument is unused:
  pure_bind

Hint: Omit it from the simp argument list.
  [apply] simp only [StateT.run_pure]

Note: This linter can be disabled with `set_option linter.unusedSimpArgs false`
warning: Proofs/Threadsync/Lock.lean:263:18: This simp argument is unused:
  pure_bind

Hint: Omit it from the simp argument list.
  [apply] simp only [show (threadMutexS.two == 3) = true by decide, ↓reduceIte, StateT.run_bind, bind_assoc]

Note: This linter can be disabled with `set_option linter.unusedSimpArgs false`
✔ [132/146] Built Proofs.Threadsync.Deadline (4.7s)
⚠ [133/146] Built Proofs.Threadsync.Mutex (5.0s)
warning: Proofs/Threadsync/Mutex.lean:178:10: `if_neg` has been deprecated: Use `ite_eq_right` instead
warning: Proofs/Threadsync/Mutex.lean:604:8: `if_pos` has been deprecated: Use `ite_eq_left` instead
warning: Proofs/Threadsync/Mutex.lean:604:26: `if_pos` has been deprecated: Use `ite_eq_left` instead
warning: Proofs/Threadsync/Mutex.lean:606:8: `dif_pos` has been deprecated: Use `dite_eq_left` instead
warning: Proofs/Threadsync/Mutex.lean:608:8: `if_neg` has been deprecated: Use `ite_eq_right` instead
warning: Proofs/Threadsync/Mutex.lean:608:18: `if_neg` has been deprecated: Use `ite_eq_right` instead
warning: Proofs/Threadsync/Mutex.lean:607:15: This simp argument is unused:
  Option.some.injEq

Hint: Omit it from the simp argument list.
  [apply] simp only [Cell.mk.injEq, hs, and_self]

Note: This linter can be disabled with `set_option linter.unusedSimpArgs false`
warning: Proofs/Threadsync/Mutex.lean:607:34: This simp argument is unused:
  Cell.mk.injEq

Hint: Omit it from the simp argument list.
  [apply] simp only [Option.some.injEq, hs, and_self]

Note: This linter can be disabled with `set_option linter.unusedSimpArgs false`
warning: Proofs/Threadsync/Mutex.lean:607:53: This simp argument is unused:
  and_self

Hint: Omit it from the simp argument list.
  [apply] simp only [Option.some.injEq, Cell.mk.injEq, hs]

Note: This linter can be disabled with `set_option linter.unusedSimpArgs false`
warning: Proofs/Threadsync/Mutex.lean:627:13: `if_neg` has been deprecated: Use `ite_eq_right` instead
warning: Proofs/Threadsync/Mutex.lean:627:40: `if_pos` has been deprecated: Use `ite_eq_left` instead
warning: Proofs/Threadsync/Mutex.lean:627:79: `if_pos` has been deprecated: Use `ite_eq_left` instead
warning: Proofs/Threadsync/Mutex.lean:629:8: `if_neg` has been deprecated: Use `ite_eq_right` instead
warning: Proofs/Threadsync/Mutex.lean:631:10: `if_pos` has been deprecated: Use `ite_eq_left` instead
warning: Proofs/Threadsync/Mutex.lean:634:17: `if_pos` has been deprecated: Use `ite_eq_left` instead
warning: Proofs/Threadsync/Mutex.lean:636:10: `if_neg` has been deprecated: Use `ite_eq_right` instead
warning: Proofs/Threadsync/Mutex.lean:636:26: `if_neg` has been deprecated: Use `ite_eq_right` instead
warning: Proofs/Threadsync/Mutex.lean:639:54: Variable name `hs` is not explicitly referenced.

Hint: The binding can be removed (if unused) or named `_` (if used implicitly). Alternatively, prefix the name with `_` to silence this warning:
  [apply] _hs

Note: This linter can be disabled with `set_option linter.unusedVariables false`
warning: Proofs/Threadsync/Mutex.lean:726:43: `if_neg` has been deprecated: Use `ite_eq_right` instead
warning: Proofs/Threadsync/Mutex.lean:687:13: This simp argument is unused:
  StateT.run_bind

Hint: Omit it from the simp argument list.
  [apply] simp only

Note: This linter can be disabled with `set_option linter.unusedSimpArgs false`
warning: Proofs/Threadsync/Mutex.lean:777:71: This simp argument is unused:
  show (0 : Nat) = 0 from rfl

Hint: Omit it from the simp argument list.
  [apply] simp only [true_and, show 0 < m₈.clocks.size by omega, ↓reduceIte]

Note: This linter can be disabled with `set_option linter.unusedSimpArgs false`
⚠ [134/146] Built Proofs.Sync.Semaphore (28s)
warning: Proofs/Sync/Semaphore.lean:1487:8: `if_pos` has been deprecated: Use `ite_eq_left` instead
warning: Proofs/Sync/Semaphore.lean:1547:8: `if_neg` has been deprecated: Use `ite_eq_right` instead
warning: Proofs/Sync/Semaphore.lean:2329:8: `if_pos` has been deprecated: Use `ite_eq_left` instead
warning: Proofs/Sync/Semaphore.lean:2389:8: `if_neg` has been deprecated: Use `ite_eq_right` instead
⚠ [135/146] Built Proofs.Sync.Handoff (34s)
warning: Proofs/Sync/Handoff.lean:379:6: `if_neg` has been deprecated: Use `ite_eq_right` instead
warning: Proofs/Sync/Handoff.lean:380:4: `if_neg` has been deprecated: Use `ite_eq_right` instead
warning: Proofs/Sync/Handoff.lean:912:6: `if_neg` has been deprecated: Use `ite_eq_right` instead
warning: Proofs/Sync/Handoff.lean:913:4: `if_pos` has been deprecated: Use `ite_eq_left` instead
warning: Proofs/Sync/Handoff.lean:1289:20: This simp argument is unused:
  gP

Hint: Omit it from the simp argument list.
  [apply] simp [sN, Ph.post]

Note: This linter can be disabled with `set_option linter.unusedSimpArgs false`
warning: Proofs/Sync/Handoff.lean:1289:48: This simp argument is unused:
  gP

Hint: Omit it from the simp argument list.
  [apply] simp [vL]

Note: This linter can be disabled with `set_option linter.unusedSimpArgs false`
warning: Proofs/Sync/Handoff.lean:1424:19: This simp argument is unused:
  gH

Hint: Omit it from the simp argument list.
  [apply] simp at h

Note: This linter can be disabled with `set_option linter.unusedSimpArgs false`
warning: Proofs/Sync/Handoff.lean:1908:8: `if_pos` has been deprecated: Use `ite_eq_left` instead
warning: Proofs/Sync/Handoff.lean:1968:8: `if_neg` has been deprecated: Use `ite_eq_right` instead
warning: Proofs/Sync/Handoff.lean:2062:57: Variable name `hc` is not explicitly referenced.

Hint: The binding can be removed (if unused) or named `_` (if used implicitly). Alternatively, prefix the name with `_` to silence this warning:
  [apply] _hc

Note: This linter can be disabled with `set_option linter.unusedVariables false`
warning: Proofs/Sync/Handoff.lean:1952:34: This simp argument is unused:
  StateT.run_modify

Hint: Omit it from the simp argument list.
  [apply] simp only [StateT.run_pure]

Note: This linter can be disabled with `set_option linter.unusedSimpArgs false`
warning: Proofs/Sync/Handoff.lean:2109:58: This simp argument is unused:
  gP

Hint: Omit it from the simp argument list.
  [apply] simp [sN, Ph.post]

Note: This linter can be disabled with `set_option linter.unusedSimpArgs false`
warning: Proofs/Sync/Handoff.lean:2109:86: This simp argument is unused:
  gP

Hint: Omit it from the simp argument list.
  [apply] simp [vL]

Note: This linter can be disabled with `set_option linter.unusedSimpArgs false`
warning: Proofs/Sync/Handoff.lean:2217:23: try 'simp' instead of 'simpa'

Note: This linter can be disabled with `set_option linter.unnecessarySimpa false`
warning: Proofs/Sync/Handoff.lean:2208:23: This simp argument is unused:
  gP

Hint: Omit it from the simp argument list.
  [apply] simp [vL, hv1, hs1]

Note: This linter can be disabled with `set_option linter.unusedSimpArgs false`
warning: Proofs/Sync/Handoff.lean:2252:25: try 'simp' instead of 'simpa'

Note: This linter can be disabled with `set_option linter.unnecessarySimpa false`
warning: Proofs/Sync/Handoff.lean:2252:25: try 'simp' instead of 'simpa'

Note: This linter can be disabled with `set_option linter.unnecessarySimpa false`
warning: Proofs/Sync/Handoff.lean:2254:21: try 'simp' instead of 'simpa'

Note: This linter can be disabled with `set_option linter.unnecessarySimpa false`
warning: Proofs/Sync/Handoff.lean:2294:13: This simp argument is unused:
  StateT.run_bind

Hint: Omit it from the simp argument list.
  [apply] simp only

Note: This linter can be disabled with `set_option linter.unusedSimpArgs false`
warning: Proofs/Sync/Handoff.lean:2339:63: Variable name `hc` is not explicitly referenced.

Hint: The binding can be removed (if unused) or named `_` (if used implicitly). Alternatively, prefix the name with `_` to silence this warning:
  [apply] _hc

Note: This linter can be disabled with `set_option linter.unusedVariables false`
warning: Proofs/Sync/Handoff.lean:2356:35: This simp argument is unused:
  Bool.false_eq_true

Hint: Omit it from the simp argument list.
  [apply] simp only [Option.isSome_none, ↓reduceIte, StateT.run_pure]

Note: This linter can be disabled with `set_option linter.unusedSimpArgs false`
warning: Proofs/Sync/Handoff.lean:2356:55: This simp argument is unused:
  ↓reduceIte

Hint: Omit it from the simp argument list.
  [apply] simp only [Option.isSome_none, Bool.false_eq_true, StateT.run_pure]

Note: This linter can be disabled with `set_option linter.unusedSimpArgs false`
warning: Proofs/Sync/Handoff.lean:2380:15: This simp argument is unused:
  Option.isSome_some

Hint: Omit it from the simp argument list.
  [apply] simp only [↓reduceIte]

Note: This linter can be disabled with `set_option linter.unusedSimpArgs false`
warning: Proofs/Sync/Handoff.lean:2380:35: This simp argument is unused:
  ↓reduceIte

Hint: Omit it from the simp argument list.
  [apply] simp only [Option.isSome_some]

Note: This linter can be disabled with `set_option linter.unusedSimpArgs false`
warning: Proofs/Sync/Handoff.lean:2804:22: `if_pos` has been deprecated: Use `ite_eq_left` instead
warning: Proofs/Sync/Handoff.lean:2938:8: `if_pos` has been deprecated: Use `ite_eq_left` instead
warning: Proofs/Sync/Handoff.lean:2991:8: `if_neg` has been deprecated: Use `ite_eq_right` instead
warning: Proofs/Sync/Handoff.lean:2999:54: Variable name `hc` is not explicitly referenced.

Hint: The binding can be removed (if unused) or named `_` (if used implicitly). Alternatively, prefix the name with `_` to silence this warning:
  [apply] _hc

Note: This linter can be disabled with `set_option linter.unusedVariables false`
warning: Proofs/Sync/Handoff.lean:3074:22: `if_pos` has been deprecated: Use `ite_eq_left` instead
warning: Proofs/Sync/Handoff.lean:3176:63: Variable name `hc` is not explicitly referenced.

Hint: The binding can be removed (if unused) or named `_` (if used implicitly). Alternatively, prefix the name with `_` to silence this warning:
  [apply] _hc

Note: This linter can be disabled with `set_option linter.unusedVariables false`
warning: Proofs/Sync/Handoff.lean:3214:41: This simp argument is unused:
  bind_assoc

Hint: Omit it from the simp argument list.
  [apply] simp only [StateT.run_bind, pure_bind]

Note: This linter can be disabled with `set_option linter.unusedSimpArgs false`
warning: Proofs/Sync/Handoff.lean:3279:55: Variable name `hx` is not explicitly referenced.

Hint: The binding can be removed (if unused) or named `_` (if used implicitly). Alternatively, prefix the name with `_` to silence this warning:
  [apply] _hx

Note: This linter can be disabled with `set_option linter.unusedVariables false`
warning: Proofs/Sync/Handoff.lean:3575:41: `if_neg` has been deprecated: Use `ite_eq_right` instead
warning: Proofs/Sync/Handoff.lean:3618:39: try 'simp' instead of 'simpa'

Note: This linter can be disabled with `set_option linter.unnecessarySimpa false`
warning: Proofs/Sync/Handoff.lean:3628:24: try 'simp' instead of 'simpa'

Note: This linter can be disabled with `set_option linter.unnecessarySimpa false`
warning: Proofs/Sync/Handoff.lean:3636:6: `if_pos` has been deprecated: Use `ite_eq_left` instead
warning: Proofs/Sync/Handoff.lean:3737:13: This simp argument is unused:
  StateT.run_bind

Hint: Omit it from the simp argument list.
  [apply] simp only

Note: This linter can be disabled with `set_option linter.unusedSimpArgs false`
⚠ [136/146] Built Proofs.Sync.SemCounter (7.6s)
warning: Proofs/Sync/SemCounter.lean:73:10: `if_neg` has been deprecated: Use `ite_eq_right` instead
warning: Proofs/Sync/SemCounter.lean:1277:43: `if_neg` has been deprecated: Use `ite_eq_right` instead
⚠ [137/146] Built Proofs.Threadsync.Handoff (40s)
warning: Proofs/Threadsync/Handoff.lean:367:6: `if_neg` has been deprecated: Use `ite_eq_right` instead
warning: Proofs/Threadsync/Handoff.lean:368:4: `if_neg` has been deprecated: Use `ite_eq_right` instead
warning: Proofs/Threadsync/Handoff.lean:760:6: `if_neg` has been deprecated: Use `ite_eq_right` instead
warning: Proofs/Threadsync/Handoff.lean:761:4: `if_pos` has been deprecated: Use `ite_eq_left` instead
warning: Proofs/Threadsync/Handoff.lean:1299:20: This simp argument is unused:
  gM

Hint: Omit it from the simp argument list.
  [apply] simp [sN, Ph.post]

Note: This linter can be disabled with `set_option linter.unusedSimpArgs false`
warning: Proofs/Threadsync/Handoff.lean:1299:48: This simp argument is unused:
  gM

Hint: Omit it from the simp argument list.
  [apply] simp [vL]

Note: This linter can be disabled with `set_option linter.unusedSimpArgs false`
warning: Proofs/Threadsync/Handoff.lean:1598:8: `if_pos` has been deprecated: Use `ite_eq_left` instead
warning: Proofs/Threadsync/Handoff.lean:1633:21: This simp argument is unused:
  StateT.run_pure

Hint: Omit it from the simp argument list.
  [apply] simp only [StateT.run_modify, StateT.run_bind, pure_bind, Thread_Condition_FutexImpl_wait.again107,
    ↓reduceIte]

Note: This linter can be disabled with `set_option linter.unusedSimpArgs false`
warning: Proofs/Threadsync/Handoff.lean:1633:38: This simp argument is unused:
  StateT.run_modify

Hint: Omit it from the simp argument list.
  [apply] simp only [StateT.run_pure, StateT.run_bind, pure_bind, Thread_Condition_FutexImpl_wait.again107, ↓reduceIte]

Note: This linter can be disabled with `set_option linter.unusedSimpArgs false`
warning: Proofs/Threadsync/Handoff.lean:1633:57: This simp argument is unused:
  StateT.run_bind

Hint: Omit it from the simp argument list.
  [apply] simp only [StateT.run_pure, StateT.run_modify, pure_bind, Thread_Condition_FutexImpl_wait.again107,
    ↓reduceIte]

Note: This linter can be disabled with `set_option linter.unusedSimpArgs false`
warning: Proofs/Threadsync/Handoff.lean:1633:74: This simp argument is unused:
  pure_bind

Hint: Omit it from the simp argument list.
  [apply] simp only [StateT.run_pure, StateT.run_modify, StateT.run_bind, Thread_Condition_FutexImpl_wait.again107,
    ↓reduceIte]

Note: This linter can be disabled with `set_option linter.unusedSimpArgs false`
warning: Proofs/Threadsync/Handoff.lean:1712:49: This simp argument is unused:
  StateT.run_pure

Hint: Omit it from the simp argument list.
  [apply] simp only [StateT.run_bind, StateT.run_modify, pure_bind]

Note: This linter can be disabled with `set_option linter.unusedSimpArgs false`
warning: Proofs/Threadsync/Handoff.lean:1792:65: This simp argument is unused:
  StateT.run_pure

Hint: Omit it from the simp argument list.
  [apply] simp only [StateT.run_bind, StateT.run_modify, StateT.run_get, pure_bind]

Note: This linter can be disabled with `set_option linter.unusedSimpArgs false`
warning: Proofs/Threadsync/Handoff.lean:1794:13: This simp argument is unused:
  StateT.run_bind

Hint: Omit it from the simp argument list.
  [apply] simp only [StateT.run_get, StateT.run_pure, pure_bind]

Note: This linter can be disabled with `set_option linter.unusedSimpArgs false`
warning: Proofs/Threadsync/Handoff.lean:1794:30: This simp argument is unused:
  StateT.run_get

Hint: Omit it from the simp argument list.
  [apply] simp only [StateT.run_bind, StateT.run_pure, pure_bind]

Note: This linter can be disabled with `set_option linter.unusedSimpArgs false`
warning: Proofs/Threadsync/Handoff.lean:1794:46: This simp argument is unused:
  StateT.run_pure

Hint: Omit it from the simp argument list.
  [apply] simp only [StateT.run_bind, StateT.run_get, pure_bind]

Note: This linter can be disabled with `set_option linter.unusedSimpArgs false`
warning: Proofs/Threadsync/Handoff.lean:1794:63: This simp argument is unused:
  pure_bind

Hint: Omit it from the simp argument list.
  [apply] simp only [StateT.run_bind, StateT.run_get, StateT.run_pure]

Note: This linter can be disabled with `set_option linter.unusedSimpArgs false`
warning: Proofs/Threadsync/Handoff.lean:1796:13: This simp argument is unused:
  StateT.run_bind

Hint: Omit it from the simp argument list.
  [apply] simp only [StateT.run_modify, StateT.run_pure, pure_bind]

Note: This linter can be disabled with `set_option linter.unusedSimpArgs false`
warning: Proofs/Threadsync/Handoff.lean:1796:30: This simp argument is unused:
  StateT.run_modify

Hint: Omit it from the simp argument list.
  [apply] simp only [StateT.run_bind, StateT.run_pure, pure_bind]

Note: This linter can be disabled with `set_option linter.unusedSimpArgs false`
warning: Proofs/Threadsync/Handoff.lean:1796:49: This simp argument is unused:
  StateT.run_pure

Hint: Omit it from the simp argument list.
  [apply] simp only [StateT.run_bind, StateT.run_modify, pure_bind]

Note: This linter can be disabled with `set_option linter.unusedSimpArgs false`
warning: Proofs/Threadsync/Handoff.lean:1796:66: This simp argument is unused:
  pure_bind

Hint: Omit it from the simp argument list.
  [apply] simp only [StateT.run_bind, StateT.run_modify, StateT.run_pure]

Note: This linter can be disabled with `set_option linter.unusedSimpArgs false`
warning: Proofs/Threadsync/Handoff.lean:1813:13: This simp argument is unused:
  StateT.run_bind

Hint: Omit it from the simp argument list.
  [apply] simp only [StateT.run_get, StateT.run_pure, pure_bind]

Note: This linter can be disabled with `set_option linter.unusedSimpArgs false`
warning: Proofs/Threadsync/Handoff.lean:1813:30: This simp argument is unused:
  StateT.run_get

Hint: Omit it from the simp argument list.
  [apply] simp only [StateT.run_bind, StateT.run_pure, pure_bind]

Note: This linter can be disabled with `set_option linter.unusedSimpArgs false`
warning: Proofs/Threadsync/Handoff.lean:1813:46: This simp argument is unused:
  StateT.run_pure

Hint: Omit it from the simp argument list.
  [apply] simp only [StateT.run_bind, StateT.run_get, pure_bind]

Note: This linter can be disabled with `set_option linter.unusedSimpArgs false`
warning: Proofs/Threadsync/Handoff.lean:1813:63: This simp argument is unused:
  pure_bind

Hint: Omit it from the simp argument list.
  [apply] simp only [StateT.run_bind, StateT.run_get, StateT.run_pure]

Note: This linter can be disabled with `set_option linter.unusedSimpArgs false`
warning: Proofs/Threadsync/Handoff.lean:1836:30: This simp argument is unused:
  StateT.run_pure

Hint: Omit it from the simp argument list.
  [apply] simp only [StateT.run_bind, pure_bind]

Note: This linter can be disabled with `set_option linter.unusedSimpArgs false`
warning: Proofs/Threadsync/Handoff.lean:1938:23: try 'simp' instead of 'simpa'

Note: This linter can be disabled with `set_option linter.unnecessarySimpa false`
warning: Proofs/Threadsync/Handoff.lean:1929:23: This simp argument is unused:
  gM

Hint: Omit it from the simp argument list.
  [apply] simp [vL, hv1, hs1]

Note: This linter can be disabled with `set_option linter.unusedSimpArgs false`
warning: Proofs/Threadsync/Handoff.lean:1961:25: try 'simp' instead of 'simpa'

Note: This linter can be disabled with `set_option linter.unnecessarySimpa false`
warning: Proofs/Threadsync/Handoff.lean:1961:25: try 'simp' instead of 'simpa'

Note: This linter can be disabled with `set_option linter.unnecessarySimpa false`
warning: Proofs/Threadsync/Handoff.lean:1963:21: try 'simp' instead of 'simpa'

Note: This linter can be disabled with `set_option linter.unnecessarySimpa false`
warning: Proofs/Threadsync/Handoff.lean:1980:35: `if_true` has been deprecated: Use `ite_true` instead
warning: Proofs/Threadsync/Handoff.lean:2035:15: This simp argument is unused:
  StateT.run_pure

Hint: Omit it from the simp argument list.
  [apply] simp only [pure_bind, StateT.run_bind]

Note: This linter can be disabled with `set_option linter.unusedSimpArgs false`
warning: Proofs/Threadsync/Handoff.lean:2035:32: This simp argument is unused:
  pure_bind

Hint: Omit it from the simp argument list.
  [apply] simp only [StateT.run_pure, StateT.run_bind]

Note: This linter can be disabled with `set_option linter.unusedSimpArgs false`
warning: Proofs/Threadsync/Handoff.lean:2035:43: This simp argument is unused:
  StateT.run_bind

Hint: Omit it from the simp argument list.
  [apply] simp only [StateT.run_pure, pure_bind]

Note: This linter can be disabled with `set_option linter.unusedSimpArgs false`
warning: Proofs/Threadsync/Handoff.lean:2042:80: This simp argument is unused:
  StateT.run_pure

Hint: Omit it from the simp argument list.
  [apply] simp only [StateT.run_bind, StateT.run_modify, StateT.run_get, pure_bind]

Note: This linter can be disabled with `set_option linter.unusedSimpArgs false`
warning: Proofs/Threadsync/Handoff.lean:2051:80: This simp argument is unused:
  StateT.run_pure

Hint: Omit it from the simp argument list.
  [apply] simp only [StateT.run_bind, StateT.run_modify, StateT.run_get, pure_bind]

Note: This linter can be disabled with `set_option linter.unusedSimpArgs false`
warning: Proofs/Threadsync/Handoff.lean:2104:76: This simp argument is unused:
  StateT.run_pure

Hint: Omit it from the simp argument list.
  [apply] simp only [StateT.run_bind, StateT.run_modify, StateT.run_get, pure_bind]

Note: This linter can be disabled with `set_option linter.unusedSimpArgs false`
warning: Proofs/Threadsync/Handoff.lean:2117:21: This simp argument is unused:
  StateT.run_pure

Hint: Omit it from the simp argument list.
  [apply] simp only [StateT.run_bind, StateT.run_get, StateT.run_modify, pure_bind, Option.isSome_none,
    Bool.false_eq_true, ↓reduceIte, show ((1 : BitVec 32) == 1) = true from rfl]

Note: This linter can be disabled with `set_option linter.unusedSimpArgs false`
warning: Proofs/Threadsync/Handoff.lean:2117:71: This simp argument is unused:
  StateT.run_modify

Hint: Omit it from the simp argument list.
  [apply] simp only [StateT.run_pure, StateT.run_bind, StateT.run_get, pure_bind, Option.isSome_none,
    Bool.false_eq_true, ↓reduceIte, show ((1 : BitVec 32) == 1) = true from rfl]

Note: This linter can be disabled with `set_option linter.unusedSimpArgs false`
warning: Proofs/Threadsync/Handoff.lean:2118:12: This simp argument is unused:
  Option.isSome_none

Hint: Omit it from the simp argument list.
  [apply] simp only [StateT.run_pure, StateT.run_bind, StateT.run_get, StateT.run_modify, pure_bind, Bool.false_eq_true,
    ↓reduceIte, show ((1 : BitVec 32) == 1) = true from rfl]

Note: This linter can be disabled with `set_option linter.unusedSimpArgs false`
warning: Proofs/Threadsync/Handoff.lean:2118:32: This simp argument is unused:
  Bool.false_eq_true

Hint: Omit it from the simp argument list.
  [apply] simp only [StateT.run_pure, StateT.run_bind, StateT.run_get, StateT.run_modify, pure_bind, Option.isSome_none,
    ↓reduceIte, show ((1 : BitVec 32) == 1) = true from rfl]

Note: This linter can be disabled with `set_option linter.unusedSimpArgs false`
warning: Proofs/Threadsync/Handoff.lean:2127:34: This simp argument is unused:
  StateT.run_bind

Hint: Omit it from the simp argument list.
  [apply] simp only [StateT.run_pure, StateT.run_get, pure_bind]

Note: This linter can be disabled with `set_option linter.unusedSimpArgs false`
warning: Proofs/Threadsync/Handoff.lean:2127:51: This simp argument is unused:
  StateT.run_get

Hint: Omit it from the simp argument list.
  [apply] simp only [StateT.run_pure, StateT.run_bind, pure_bind]

Note: This linter can be disabled with `set_option linter.unusedSimpArgs false`
warning: Proofs/Threadsync/Handoff.lean:2127:67: This simp argument is unused:
  pure_bind

Hint: Omit it from the simp argument list.
  [apply] simp only [StateT.run_pure, StateT.run_bind, StateT.run_get]

Note: This linter can be disabled with `set_option linter.unusedSimpArgs false`
warning: Proofs/Threadsync/Handoff.lean:2143:21: This simp argument is unused:
  StateT.run_pure

Hint: Omit it from the simp argument list.
  [apply] simp only [StateT.run_bind, StateT.run_get, StateT.run_modify, pure_bind, Option.isSome_some, ↓reduceIte,
    optPayload, Bool.false_eq_true, show ((2 : BitVec 32) == 1) = false from rfl,
    show ((2 : BitVec 32) == 2) = true from rfl]

Note: This linter can be disabled with `set_option linter.unusedSimpArgs false`
warning: Proofs/Threadsync/Handoff.lean:2143:38: This simp argument is unused:
  StateT.run_bind

Hint: Omit it from the simp argument list.
  [apply] simp only [StateT.run_pure, StateT.run_get, StateT.run_modify, pure_bind, Option.isSome_some, ↓reduceIte,
    optPayload, Bool.false_eq_true, show ((2 : BitVec 32) == 1) = false from rfl,
    show ((2 : BitVec 32) == 2) = true from rfl]

Note: This linter can be disabled with `set_option linter.unusedSimpArgs false`
warning: Proofs/Threadsync/Handoff.lean:2143:55: This simp argument is unused:
  StateT.run_get

Hint: Omit it from the simp argument list.
  [apply] simp only [StateT.run_pure, StateT.run_bind, StateT.run_modify, pure_bind, Option.isSome_some, ↓reduceIte,
    optPayload, Bool.false_eq_true, show ((2 : BitVec 32) == 1) = false from rfl,
    show ((2 : BitVec 32) == 2) = true from rfl]

Note: This linter can be disabled with `set_option linter.unusedSimpArgs false`
warning: Proofs/Threadsync/Handoff.lean:2143:71: This simp argument is unused:
  StateT.run_modify

Hint: Omit it from the simp argument list.
  [apply] simp only [StateT.run_pure, StateT.run_bind, StateT.run_get, pure_bind, Option.isSome_some, ↓reduceIte,
    optPayload, Bool.false_eq_true, show ((2 : BitVec 32) == 1) = false from rfl,
    show ((2 : BitVec 32) == 2) = true from rfl]

Note: This linter can be disabled with `set_option linter.unusedSimpArgs false`
warning: Proofs/Threadsync/Handoff.lean:2143:90: This simp argument is unused:
  pure_bind

Hint: Omit it from the simp argument list.
  [apply] simp only [StateT.run_pure, StateT.run_bind, StateT.run_get, StateT.run_modify, Option.isSome_some,
    ↓reduceIte, optPayload, Bool.false_eq_true, show ((2 : BitVec 32) == 1) = false from rfl,
    show ((2 : BitVec 32) == 2) = true from rfl]

Note: This linter can be disabled with `set_option linter.unusedSimpArgs false`
warning: Proofs/Threadsync/Handoff.lean:2144:12: This simp argument is unused:
  Option.isSome_some

Hint: Omit it from the simp argument list.
  [apply] simp only [StateT.run_pure, StateT.run_bind, StateT.run_get, StateT.run_modify, pure_bind, ↓reduceIte,
    optPayload, Bool.false_eq_true, show ((2 : BitVec 32) == 1) = false from rfl,
    show ((2 : BitVec 32) == 2) = true from rfl]

Note: This linter can be disabled with `set_option linter.unusedSimpArgs false`
warning: Proofs/Threadsync/Handoff.lean:2144:32: This simp argument is unused:
  ↓reduceIte

Hint: Omit it from the simp argument list.
  [apply] simp only [StateT.run_pure, StateT.run_bind, StateT.run_get, StateT.run_modify, pure_bind, Option.isSome_some,
    optPayload, Bool.false_eq_true, show ((2 : BitVec 32) == 1) = false from rfl,
    show ((2 : BitVec 32) == 2) = true from rfl]

Note: This linter can be disabled with `set_option linter.unusedSimpArgs false`
warning: Proofs/Threadsync/Handoff.lean:2144:44: This simp argument is unused:
  optPayload

Hint: Omit it from the simp argument list.
  [apply] simp only [StateT.run_pure, StateT.run_bind, StateT.run_get, StateT.run_modify, pure_bind, Option.isSome_some,
    ↓reduceIte, Bool.false_eq_true, show ((2 : BitVec 32) == 1) = false from rfl,
    show ((2 : BitVec 32) == 2) = true from rfl]

Note: This linter can be disabled with `set_option linter.unusedSimpArgs false`
warning: Proofs/Threadsync/Handoff.lean:2144:56: This simp argument is unused:
  Bool.false_eq_true

Hint: Omit it from the simp argument list.
  [apply] simp only [StateT.run_pure, StateT.run_bind, StateT.run_get, StateT.run_modify, pure_bind, Option.isSome_some,
    ↓reduceIte, optPayload, show ((2 : BitVec 32) == 1) = false from rfl, show ((2 : BitVec 32) == 2) = true from rfl]

Note: This linter can be disabled with `set_option linter.unusedSimpArgs false`
warning: Proofs/Threadsync/Handoff.lean:2145:12: This simp argument is unused:
  show ((2 : BitVec 32) == 1) = false from rfl

Hint: Omit it from the simp argument list.
  [apply] simp only [StateT.run_pure, StateT.run_bind, StateT.run_get, StateT.run_modify, pure_bind, Option.isSome_some,
    ↓reduceIte, optPayload, Bool.false_eq_true, show ((2 : BitVec 32) == 2) = true from rfl]

Note: This linter can be disabled with `set_option linter.unusedSimpArgs false`
warning: Proofs/Threadsync/Handoff.lean:2145:58: This simp argument is unused:
  show ((2 : BitVec 32) == 2) = true from rfl

Hint: Omit it from the simp argument list.
  [apply] simp only [StateT.run_pure, StateT.run_bind, StateT.run_get, StateT.run_modify, pure_bind, Option.isSome_some,
    ↓reduceIte, optPayload, Bool.false_eq_true, show ((2 : BitVec 32) == 1) = false from rfl]

Note: This linter can be disabled with `set_option linter.unusedSimpArgs false`
warning: Proofs/Threadsync/Handoff.lean:2161:63: Variable name `hc` is not explicitly referenced.

Hint: The binding can be removed (if unused) or named `_` (if used implicitly). Alternatively, prefix the name with `_` to silence this warning:
  [apply] _hc

Note: This linter can be disabled with `set_option linter.unusedVariables false`
warning: Proofs/Threadsync/Handoff.lean:2168:30: This simp argument is unused:
  StateT.run_pure

Hint: Omit it from the simp argument list.
  [apply] simp only [StateT.run_bind, pure_bind]

Note: This linter can be disabled with `set_option linter.unusedSimpArgs false`
warning: Proofs/Threadsync/Handoff.lean:2174:30: This simp argument is unused:
  StateT.run_pure

Hint: Omit it from the simp argument list.
  [apply] simp only [StateT.run_bind, pure_bind]

Note: This linter can be disabled with `set_option linter.unusedSimpArgs false`
warning: Proofs/Threadsync/Handoff.lean:2189:53: This simp argument is unused:
  pure_bind

Hint: Omit it from the simp argument list.
  [apply] simp only [StateT.run_pure, StateT.run_bind, show ((0 : BitVec 32) == 2) = false from rfl, Bool.not_false,
    ↓reduceIte]

Note: This linter can be disabled with `set_option linter.unusedSimpArgs false`
warning: Proofs/Threadsync/Handoff.lean:2289:77: This simp argument is unused:
  pure_bind

Hint: Omit it from the simp argument list.
  [apply] simp only [Bool.not_false, ↓reduceIte, StateT.run_bind, StateT.run_pure]

Note: This linter can be disabled with `set_option linter.unusedSimpArgs false`
warning: Proofs/Threadsync/Handoff.lean:2625:22: `if_pos` has been deprecated: Use `ite_eq_left` instead
warning: Proofs/Threadsync/Handoff.lean:2746:48: This simp argument is unused:
  StateT.run_pure

Hint: Omit it from the simp argument list.
  [apply] simp only [StateT.run_bind, StateT.run_get, pure_bind]

Note: This linter can be disabled with `set_option linter.unusedSimpArgs false`
warning: Proofs/Threadsync/Handoff.lean:2749:15: This simp argument is unused:
  StateT.run_bind

Hint: Omit it from the simp argument list.
  [apply] simp only [StateT.run_get, StateT.run_pure, pure_bind]

Note: This linter can be disabled with `set_option linter.unusedSimpArgs false`
warning: Proofs/Threadsync/Handoff.lean:2749:32: This simp argument is unused:
  StateT.run_get

Hint: Omit it from the simp argument list.
  [apply] simp only [StateT.run_bind, StateT.run_pure, pure_bind]

Note: This linter can be disabled with `set_option linter.unusedSimpArgs false`
warning: Proofs/Threadsync/Handoff.lean:2749:48: This simp argument is unused:
  StateT.run_pure

Hint: Omit it from the simp argument list.
  [apply] simp only [StateT.run_bind, StateT.run_get, pure_bind]

Note: This linter can be disabled with `set_option linter.unusedSimpArgs false`
warning: Proofs/Threadsync/Handoff.lean:2749:65: This simp argument is unused:
  pure_bind

Hint: Omit it from the simp argument list.
  [apply] simp only [StateT.run_bind, StateT.run_get, StateT.run_pure]

Note: This linter can be disabled with `set_option linter.unusedSimpArgs false`
warning: Proofs/Threadsync/Handoff.lean:2755:15: This simp argument is unused:
  StateT.run_bind

Hint: Omit it from the simp argument list.
  [apply] simp only [StateT.run_get, StateT.run_pure, pure_bind]

Note: This linter can be disabled with `set_option linter.unusedSimpArgs false`
warning: Proofs/Threadsync/Handoff.lean:2755:32: This simp argument is unused:
  StateT.run_get

Hint: Omit it from the simp argument list.
  [apply] simp only [StateT.run_bind, StateT.run_pure, pure_bind]

Note: This linter can be disabled with `set_option linter.unusedSimpArgs false`
warning: Proofs/Threadsync/Handoff.lean:2755:48: This simp argument is unused:
  StateT.run_pure

Hint: Omit it from the simp argument list.
  [apply] simp only [StateT.run_bind, StateT.run_get, pure_bind]

Note: This linter can be disabled with `set_option linter.unusedSimpArgs false`
warning: Proofs/Threadsync/Handoff.lean:2755:65: This simp argument is unused:
  pure_bind

Hint: Omit it from the simp argument list.
  [apply] simp only [StateT.run_bind, StateT.run_get, StateT.run_pure]

Note: This linter can be disabled with `set_option linter.unusedSimpArgs false`
warning: Proofs/Threadsync/Handoff.lean:2802:48: This simp argument is unused:
  StateT.run_pure

Hint: Omit it from the simp argument list.
  [apply] simp only [StateT.run_bind, StateT.run_get, pure_bind]

Note: This linter can be disabled with `set_option linter.unusedSimpArgs false`
warning: Proofs/Threadsync/Handoff.lean:2805:15: This simp argument is unused:
  StateT.run_bind

Hint: Omit it from the simp argument list.
  [apply] simp only [StateT.run_get, StateT.run_pure, pure_bind]

Note: This linter can be disabled with `set_option linter.unusedSimpArgs false`
warning: Proofs/Threadsync/Handoff.lean:2805:32: This simp argument is unused:
  StateT.run_get

Hint: Omit it from the simp argument list.
  [apply] simp only [StateT.run_bind, StateT.run_pure, pure_bind]

Note: This linter can be disabled with `set_option linter.unusedSimpArgs false`
warning: Proofs/Threadsync/Handoff.lean:2805:48: This simp argument is unused:
  StateT.run_pure

Hint: Omit it from the simp argument list.
  [apply] simp only [StateT.run_bind, StateT.run_get, pure_bind]

Note: This linter can be disabled with `set_option linter.unusedSimpArgs false`
warning: Proofs/Threadsync/Handoff.lean:2805:65: This simp argument is unused:
  pure_bind

Hint: Omit it from the simp argument list.
  [apply] simp only [StateT.run_bind, StateT.run_get, StateT.run_pure]

Note: This linter can be disabled with `set_option linter.unusedSimpArgs false`
warning: Proofs/Threadsync/Handoff.lean:2818:54: Variable name `hc` is not explicitly referenced.

Hint: The binding can be removed (if unused) or named `_` (if used implicitly). Alternatively, prefix the name with `_` to silence this warning:
  [apply] _hc

Note: This linter can be disabled with `set_option linter.unusedVariables false`
warning: Proofs/Threadsync/Handoff.lean:2838:49: This simp argument is unused:
  StateT.run_pure

Hint: Omit it from the simp argument list.
  [apply] simp only [StateT.run_bind, StateT.run_modify, pure_bind]

Note: This linter can be disabled with `set_option linter.unusedSimpArgs false`
warning: Proofs/Threadsync/Handoff.lean:2908:22: `if_pos` has been deprecated: Use `ite_eq_left` instead
warning: Proofs/Threadsync/Handoff.lean:3012:63: Variable name `hc` is not explicitly referenced.

Hint: The binding can be removed (if unused) or named `_` (if used implicitly). Alternatively, prefix the name with `_` to silence this warning:
  [apply] _hc

Note: This linter can be disabled with `set_option linter.unusedVariables false`
warning: Proofs/Threadsync/Handoff.lean:3034:30: This simp argument is unused:
  pure_bind

Hint: Omit it from the simp argument list.
  [apply] simp only [StateT.run_pure, hv2, Bool.false_eq_true, ↓reduceIte, StateT.run_bind]

Note: This linter can be disabled with `set_option linter.unusedSimpArgs false`
warning: Proofs/Threadsync/Handoff.lean:3034:78: This simp argument is unused:
  StateT.run_bind

Hint: Omit it from the simp argument list.
  [apply] simp only [StateT.run_pure, pure_bind, hv2, Bool.false_eq_true, ↓reduceIte]

Note: This linter can be disabled with `set_option linter.unusedSimpArgs false`
warning: Proofs/Threadsync/Handoff.lean:3037:30: This simp argument is unused:
  pure_bind

Hint: Omit it from the simp argument list.
  [apply] simp only [StateT.run_bind]

Note: This linter can be disabled with `set_option linter.unusedSimpArgs false`
warning: Proofs/Threadsync/Handoff.lean:3062:53: Variable name `hc` is not explicitly referenced.

Hint: The binding can be removed (if unused) or named `_` (if used implicitly). Alternatively, prefix the name with `_` to silence this warning:
  [apply] _hc

Note: This linter can be disabled with `set_option linter.unusedVariables false`
warning: Proofs/Threadsync/Handoff.lean:3113:13: This simp argument is unused:
  StateT.run_bind

Hint: Omit it from the simp argument list.
  [apply] simp only [StateT.run_pure, pure_bind]

Note: This linter can be disabled with `set_option linter.unusedSimpArgs false`
warning: Proofs/Threadsync/Handoff.lean:3113:30: This simp argument is unused:
  StateT.run_pure

Hint: Omit it from the simp argument list.
  [apply] simp only [StateT.run_bind, pure_bind]

Note: This linter can be disabled with `set_option linter.unusedSimpArgs false`
warning: Proofs/Threadsync/Handoff.lean:3113:47: This simp argument is unused:
  pure_bind

Hint: Omit it from the simp argument list.
  [apply] simp only [StateT.run_bind, StateT.run_pure]

Note: This linter can be disabled with `set_option linter.unusedSimpArgs false`
warning: Proofs/Threadsync/Handoff.lean:3119:13: This simp argument is unused:
  StateT.run_bind

Hint: Omit it from the simp argument list.
  [apply] simp only [StateT.run_pure, pure_bind]

Note: This linter can be disabled with `set_option linter.unusedSimpArgs false`
warning: Proofs/Threadsync/Handoff.lean:3119:30: This simp argument is unused:
  StateT.run_pure

Hint: Omit it from the simp argument list.
  [apply] simp only [StateT.run_bind, pure_bind]

Note: This linter can be disabled with `set_option linter.unusedSimpArgs false`
warning: Proofs/Threadsync/Handoff.lean:3119:47: This simp argument is unused:
  pure_bind

Hint: Omit it from the simp argument list.
  [apply] simp only [StateT.run_bind, StateT.run_pure]

Note: This linter can be disabled with `set_option linter.unusedSimpArgs false`
warning: Proofs/Threadsync/Handoff.lean:3123:13: This simp argument is unused:
  StateT.run_bind

Hint: Omit it from the simp argument list.
  [apply] simp only [StateT.run_pure, pure_bind]

Note: This linter can be disabled with `set_option linter.unusedSimpArgs false`
warning: Proofs/Threadsync/Handoff.lean:3123:30: This simp argument is unused:
  StateT.run_pure

Hint: Omit it from the simp argument list.
  [apply] simp only [StateT.run_bind, pure_bind]

Note: This linter can be disabled with `set_option linter.unusedSimpArgs false`
warning: Proofs/Threadsync/Handoff.lean:3123:47: This simp argument is unused:
  pure_bind

Hint: Omit it from the simp argument list.
  [apply] simp only [StateT.run_bind, StateT.run_pure]

Note: This linter can be disabled with `set_option linter.unusedSimpArgs false`
warning: Proofs/Threadsync/Handoff.lean:3135:55: Variable name `hx` is not explicitly referenced.

Hint: The binding can be removed (if unused) or named `_` (if used implicitly). Alternatively, prefix the name with `_` to silence this warning:
  [apply] _hx

Note: This linter can be disabled with `set_option linter.unusedVariables false`
warning: Proofs/Threadsync/Handoff.lean:3267:56: This simp argument is unused:
  Nat.min_def

Hint: Omit it from the simp argument list.
  [apply] simp [Array.extract_extract, Array.size_extract, hsz] at hbv hbr

Note: This linter can be disabled with `set_option linter.unusedSimpArgs false`
warning: Proofs/Threadsync/Handoff.lean:3392:41: `if_neg` has been deprecated: Use `ite_eq_right` instead
warning: Proofs/Threadsync/Handoff.lean:3427:39: try 'simp' instead of 'simpa'

Note: This linter can be disabled with `set_option linter.unnecessarySimpa false`
warning: Proofs/Threadsync/Handoff.lean:3438:24: try 'simp' instead of 'simpa'

Note: This linter can be disabled with `set_option linter.unnecessarySimpa false`
warning: Proofs/Threadsync/Handoff.lean:3447:6: `if_pos` has been deprecated: Use `ite_eq_left` instead
warning: Proofs/Threadsync/Handoff.lean:3491:13: This simp argument is unused:
  StateT.run_bind

Hint: Omit it from the simp argument list.
  [apply] simp only

Note: This linter can be disabled with `set_option linter.unusedSimpArgs false`
warning: Proofs/Threadsync/Handoff.lean:3496:30: This simp argument is unused:
  StateT.run_pure

Hint: Omit it from the simp argument list.
  [apply] simp only [StateT.run_bind, pure_bind]

Note: This linter can be disabled with `set_option linter.unusedSimpArgs false`
warning: Proofs/Threadsync/Handoff.lean:3496:47: This simp argument is unused:
  pure_bind

Hint: Omit it from the simp argument list.
  [apply] simp only [StateT.run_bind, StateT.run_pure]

Note: This linter can be disabled with `set_option linter.unusedSimpArgs false`
warning: Proofs/Threadsync/Handoff.lean:3523:13: This simp argument is unused:
  StateT.run_bind

Hint: Omit it from the simp argument list.
  [apply] simp only [StateT.run_pure, pure_bind]

Note: This linter can be disabled with `set_option linter.unusedSimpArgs false`
warning: Proofs/Threadsync/Handoff.lean:3523:47: This simp argument is unused:
  pure_bind

Hint: Omit it from the simp argument list.
  [apply] simp only [StateT.run_bind, StateT.run_pure]

Note: This linter can be disabled with `set_option linter.unusedSimpArgs false`
warning: Proofs/Threadsync/Handoff.lean:3529:13: This simp argument is unused:
  StateT.run_bind

Hint: Omit it from the simp argument list.
  [apply] simp only [StateT.run_pure, pure_bind]

Note: This linter can be disabled with `set_option linter.unusedSimpArgs false`
warning: Proofs/Threadsync/Handoff.lean:3529:30: This simp argument is unused:
  StateT.run_pure

Hint: Omit it from the simp argument list.
  [apply] simp only [StateT.run_bind, pure_bind]

Note: This linter can be disabled with `set_option linter.unusedSimpArgs false`
warning: Proofs/Threadsync/Handoff.lean:3529:47: This simp argument is unused:
  pure_bind

Hint: Omit it from the simp argument list.
  [apply] simp only [StateT.run_bind, StateT.run_pure]

Note: This linter can be disabled with `set_option linter.unusedSimpArgs false`
warning: Proofs/Threadsync/Handoff.lean:3534:13: This simp argument is unused:
  StateT.run_bind

Hint: Omit it from the simp argument list.
  [apply] simp only

Note: This linter can be disabled with `set_option linter.unusedSimpArgs false`
warning: Proofs/Threadsync/Handoff.lean:3544:13: This simp argument is unused:
  StateT.run_pure

Hint: Omit it from the simp argument list.
  [apply] simp only [pure_bind]

Note: This linter can be disabled with `set_option linter.unusedSimpArgs false`
warning: Proofs/Threadsync/Handoff.lean:3544:30: This simp argument is unused:
  pure_bind

Hint: Omit it from the simp argument list.
  [apply] simp only [StateT.run_pure]

Note: This linter can be disabled with `set_option linter.unusedSimpArgs false`
⚠ [138/146] Built Proofs.Threadsync.WaitGroup (41s)
warning: Proofs/Threadsync/WaitGroup.lean:391:10: `if_neg` has been deprecated: Use `ite_eq_right` instead
warning: Proofs/Threadsync/WaitGroup.lean:692:35: Variable name `hlg` is not explicitly referenced.

Hint: The binding can be removed (if unused) or named `_` (if used implicitly). Alternatively, prefix the name with `_` to silence this warning:
  [apply] _hlg

Note: This linter can be disabled with `set_option linter.unusedVariables false`
warning: Proofs/Threadsync/WaitGroup.lean:1306:23: `if_pos` has been deprecated: Use `ite_eq_left` instead
warning: Proofs/Threadsync/WaitGroup.lean:1535:15: `if_pos` has been deprecated: Use `ite_eq_left` instead
warning: Proofs/Threadsync/WaitGroup.lean:1524:30: This simp argument is unused:
  pure_bind

Hint: Omit it from the simp argument list.
  [apply] simp only [StateT.run_bind, bind_assoc]

Note: This linter can be disabled with `set_option linter.unusedSimpArgs false`
warning: Proofs/Threadsync/WaitGroup.lean:1524:41: This simp argument is unused:
  bind_assoc

Hint: Omit it from the simp argument list.
  [apply] simp only [StateT.run_bind, pure_bind]

Note: This linter can be disabled with `set_option linter.unusedSimpArgs false`
warning: Proofs/Threadsync/WaitGroup.lean:1528:13: This simp argument is unused:
  StateT.run_pure

Hint: Omit it from the simp argument list.
  [apply] simp only [pure_bind]

Note: This linter can be disabled with `set_option linter.unusedSimpArgs false`
warning: Proofs/Threadsync/WaitGroup.lean:1528:30: This simp argument is unused:
  pure_bind

Hint: Omit it from the simp argument list.
  [apply] simp only [StateT.run_pure]

Note: This linter can be disabled with `set_option linter.unusedSimpArgs false`
warning: Proofs/Threadsync/WaitGroup.lean:1532:6: This simp argument is unused:
  pure_bind

Hint: Omit it from the simp argument list.
  [apply] simp only [show ((1 : BitVec 32) == 1) = true from rfl, ↓reduceIte, StateT.run_bind, bind_assoc]

Note: This linter can be disabled with `set_option linter.unusedSimpArgs false`
warning: Proofs/Threadsync/WaitGroup.lean:1535:15: This simp argument is unused:
  if_pos rfl

Hint: Omit it from the simp argument list.
  [apply] simp only at hg₃

Note: This linter can be disabled with `set_option linter.unusedSimpArgs false`
warning: Proofs/Threadsync/WaitGroup.lean:1580:13: This simp argument is unused:
  StateT.run_pure

Hint: Omit it from the simp argument list.
  [apply] simp only [pure_bind]

Note: This linter can be disabled with `set_option linter.unusedSimpArgs false`
warning: Proofs/Threadsync/WaitGroup.lean:1580:30: This simp argument is unused:
  pure_bind

Hint: Omit it from the simp argument list.
  [apply] simp only [StateT.run_pure]

Note: This linter can be disabled with `set_option linter.unusedSimpArgs false`
warning: Proofs/Threadsync/WaitGroup.lean:1582:13: This simp argument is unused:
  StateT.run_pure

Hint: Omit it from the simp argument list.
  [apply] simp only [pure_bind, hgt]

Note: This linter can be disabled with `set_option linter.unusedSimpArgs false`
warning: Proofs/Threadsync/WaitGroup.lean:1582:30: This simp argument is unused:
  pure_bind

Hint: Omit it from the simp argument list.
  [apply] simp only [StateT.run_pure, hgt]

Note: This linter can be disabled with `set_option linter.unusedSimpArgs false`
warning: Proofs/Threadsync/WaitGroup.lean:1584:13: This simp argument is unused:
  StateT.run_pure

Hint: Omit it from the simp argument list.
  [apply] simp only [pure_bind]

Note: This linter can be disabled with `set_option linter.unusedSimpArgs false`
warning: Proofs/Threadsync/WaitGroup.lean:1584:30: This simp argument is unused:
  pure_bind

Hint: Omit it from the simp argument list.
  [apply] simp only [StateT.run_pure]

Note: This linter can be disabled with `set_option linter.unusedSimpArgs false`
warning: Proofs/Threadsync/WaitGroup.lean:1588:18: This simp argument is unused:
  pure_bind

Hint: Omit it from the simp argument list.
  [apply] simp only [show (BitVec.ofNat 64 3 == 3) = true from rfl, ↓reduceIte, StateT.run_bind, bind_assoc]

Note: This linter can be disabled with `set_option linter.unusedSimpArgs false`
warning: Proofs/Threadsync/WaitGroup.lean:1621:43: Variable name `hc` is not explicitly referenced.

Hint: The binding can be removed (if unused) or named `_` (if used implicitly). Alternatively, prefix the name with `_` to silence this warning:
  [apply] _hc

Note: This linter can be disabled with `set_option linter.unusedVariables false`
warning: Proofs/Threadsync/WaitGroup.lean:1628:41: This simp argument is unused:
  bind_assoc

Hint: Omit it from the simp argument list.
  [apply] simp only [StateT.run_bind, pure_bind]

Note: This linter can be disabled with `set_option linter.unusedSimpArgs false`
warning: Proofs/Threadsync/WaitGroup.lean:1658:30: This simp argument is unused:
  pure_bind

Hint: Omit it from the simp argument list.
  [apply] simp only [StateT.run_pure]

Note: This linter can be disabled with `set_option linter.unusedSimpArgs false`
warning: Proofs/Threadsync/WaitGroup.lean:2071:52: `if_neg` has been deprecated: Use `ite_eq_right` instead
warning: Proofs/Threadsync/WaitGroup.lean:2088:47: `if_neg` has been deprecated: Use `ite_eq_right` instead
warning: Proofs/Threadsync/WaitGroup.lean:2088:77: This simp argument is unused:
  hG0

Hint: Omit it from the simp argument list.
  [apply] simp [hX0]

Note: This linter can be disabled with `set_option linter.unusedSimpArgs false`
warning: Proofs/Threadsync/WaitGroup.lean:2105:61: This simp argument is unused:
  X.frozen

Hint: Omit it from the simp argument list.
  [apply] simp [gM, X.fd, Ph.isTask]

Note: This linter can be disabled with `set_option linter.unusedSimpArgs false`
warning: Proofs/Threadsync/WaitGroup.lean:2105:71: This simp argument is unused:
  X.fd

Hint: Omit it from the simp argument list.
  [apply] simp [gM, X.frozen, Ph.isTask]

Note: This linter can be disabled with `set_option linter.unusedSimpArgs false`
warning: Proofs/Threadsync/WaitGroup.lean:2105:77: This simp argument is unused:
  Ph.isTask

Hint: Omit it from the simp argument list.
  [apply] simp [gM, X.frozen, X.fd]

Note: This linter can be disabled with `set_option linter.unusedSimpArgs false`
warning: Proofs/Threadsync/WaitGroup.lean:2107:76: This simp argument is unused:
  X.frozen

Hint: Omit it from the simp argument list.
  [apply] simp [gT, X.fd, Ph.isTask]

Note: This linter can be disabled with `set_option linter.unusedSimpArgs false`
warning: Proofs/Threadsync/WaitGroup.lean:2107:86: This simp argument is unused:
  X.fd

Hint: Omit it from the simp argument list.
  [apply] simp [gT, X.frozen, Ph.isTask]

Note: This linter can be disabled with `set_option linter.unusedSimpArgs false`
warning: Proofs/Threadsync/WaitGroup.lean:2107:92: This simp argument is unused:
  Ph.isTask

Hint: Omit it from the simp argument list.
  [apply] simp [gT, X.frozen, X.fd]

Note: This linter can be disabled with `set_option linter.unusedSimpArgs false`
warning: Proofs/Threadsync/WaitGroup.lean:2111:61: This simp argument is unused:
  X.frozen

Hint: Omit it from the simp argument list.
  [apply] simp [gM, X.fd, Ph.isTask]

Note: This linter can be disabled with `set_option linter.unusedSimpArgs false`
warning: Proofs/Threadsync/WaitGroup.lean:2111:71: This simp argument is unused:
  X.fd

Hint: Omit it from the simp argument list.
  [apply] simp [gM, X.frozen, Ph.isTask]

Note: This linter can be disabled with `set_option linter.unusedSimpArgs false`
warning: Proofs/Threadsync/WaitGroup.lean:2111:77: This simp argument is unused:
  Ph.isTask

Hint: Omit it from the simp argument list.
  [apply] simp [gM, X.frozen, X.fd]

Note: This linter can be disabled with `set_option linter.unusedSimpArgs false`
warning: Proofs/Threadsync/WaitGroup.lean:2113:76: This simp argument is unused:
  X.frozen

Hint: Omit it from the simp argument list.
  [apply] simp [gT, X.fd, Ph.isTask]

Note: This linter can be disabled with `set_option linter.unusedSimpArgs false`
warning: Proofs/Threadsync/WaitGroup.lean:2113:86: This simp argument is unused:
  X.fd

Hint: Omit it from the simp argument list.
  [apply] simp [gT, X.frozen, Ph.isTask]

Note: This linter can be disabled with `set_option linter.unusedSimpArgs false`
warning: Proofs/Threadsync/WaitGroup.lean:2113:92: This simp argument is unused:
  Ph.isTask

Hint: Omit it from the simp argument list.
  [apply] simp [gT, X.frozen, X.fd]

Note: This linter can be disabled with `set_option linter.unusedSimpArgs false`
warning: Proofs/Threadsync/WaitGroup.lean:2117:71: This simp argument is unused:
  X.fd

Hint: Omit it from the simp argument list.
  [apply] simp [gM, X.frozen, Ph.isTask]

Note: This linter can be disabled with `set_option linter.unusedSimpArgs false`
warning: Proofs/Threadsync/WaitGroup.lean:2119:86: This simp argument is unused:
  X.fd

Hint: Omit it from the simp argument list.
  [apply] simp [gT, X.frozen, Ph.isTask]

Note: This linter can be disabled with `set_option linter.unusedSimpArgs false`
warning: Proofs/Threadsync/WaitGroup.lean:2123:61: This simp argument is unused:
  X.frozen

Hint: Omit it from the simp argument list.
  [apply] simp [gM, X.fd, Ph.isTask]

Note: This linter can be disabled with `set_option linter.unusedSimpArgs false`
warning: Proofs/Threadsync/WaitGroup.lean:2126:18: This simp argument is unused:
  X.frozen

Hint: Omit it from the simp argument list.
  [apply] simp [gT, X.fd, Ph.isTask, Ph.rank]

Note: This linter can be disabled with `set_option linter.unusedSimpArgs false`
warning: Proofs/Threadsync/WaitGroup.lean:2830:30: This simp argument is unused:
  pure_bind

Hint: Omit it from the simp argument list.
  [apply] simp only [StateT.run_pure, Option.isSome_none, Bool.false_eq_true, ↓reduceIte, StateT.run_bind]

Note: This linter can be disabled with `set_option linter.unusedSimpArgs false`
warning: Proofs/Threadsync/WaitGroup.lean:2888:23: `if_true` has been deprecated: Use `ite_true` instead
warning: Proofs/Threadsync/WaitGroup.lean:2870:13: This simp argument is unused:
  StateT.run_pure

Hint: Omit it from the simp argument list.
  [apply] simp only [pure_bind, StateT.run_bind]

Note: This linter can be disabled with `set_option linter.unusedSimpArgs false`
warning: Proofs/Threadsync/WaitGroup.lean:2870:30: This simp argument is unused:
  pure_bind

Hint: Omit it from the simp argument list.
  [apply] simp only [StateT.run_pure, StateT.run_bind]

Note: This linter can be disabled with `set_option linter.unusedSimpArgs false`
warning: Proofs/Threadsync/WaitGroup.lean:2870:41: This simp argument is unused:
  StateT.run_bind

Hint: Omit it from the simp argument list.
  [apply] simp only [StateT.run_pure, pure_bind]

Note: This linter can be disabled with `set_option linter.unusedSimpArgs false`
warning: Proofs/Threadsync/WaitGroup.lean:2876:78: This simp argument is unused:
  StateT.run_pure

Hint: Omit it from the simp argument list.
  [apply] simp only [StateT.run_bind, StateT.run_modify, StateT.run_get, pure_bind]

Note: This linter can be disabled with `set_option linter.unusedSimpArgs false`
warning: Proofs/Threadsync/WaitGroup.lean:2885:78: This simp argument is unused:
  StateT.run_pure

Hint: Omit it from the simp argument list.
  [apply] simp only [StateT.run_bind, StateT.run_modify, StateT.run_get, pure_bind]

Note: This linter can be disabled with `set_option linter.unusedSimpArgs false`
warning: Proofs/Threadsync/WaitGroup.lean:2888:23: This simp argument is unused:
  if_true

Hint: Omit it from the simp argument list.
  [apply] simp only [show ((1 : BitVec 32) != 1) = false from rfl, Bool.false_eq_true, ↓reduceIte, StateT.run_pure]

Note: This linter can be disabled with `set_option linter.unusedSimpArgs false`
warning: Proofs/Threadsync/WaitGroup.lean:2960:76: This simp argument is unused:
  StateT.run_pure

Hint: Omit it from the simp argument list.
  [apply] simp only [StateT.run_bind, StateT.run_modify, StateT.run_get, pure_bind]

Note: This linter can be disabled with `set_option linter.unusedSimpArgs false`
warning: Proofs/Threadsync/WaitGroup.lean:2986:21: This simp argument is unused:
  StateT.run_pure

Hint: Omit it from the simp argument list.
  [apply] simp only [StateT.run_bind, StateT.run_get, StateT.run_modify, pure_bind, Option.isSome_none,
    Bool.false_eq_true, ↓reduceIte, show ((1 : BitVec 32) == 1) = true from rfl]

Note: This linter can be disabled with `set_option linter.unusedSimpArgs false`
warning: Proofs/Threadsync/WaitGroup.lean:2986:71: This simp argument is unused:
  StateT.run_modify

Hint: Omit it from the simp argument list.
  [apply] simp only [StateT.run_pure, StateT.run_bind, StateT.run_get, pure_bind, Option.isSome_none,
    Bool.false_eq_true, ↓reduceIte, show ((1 : BitVec 32) == 1) = true from rfl]

Note: This linter can be disabled with `set_option linter.unusedSimpArgs false`
warning: Proofs/Threadsync/WaitGroup.lean:2987:12: This simp argument is unused:
  Option.isSome_none

Hint: Omit it from the simp argument list.
  [apply] simp only [StateT.run_pure, StateT.run_bind, StateT.run_get, StateT.run_modify, pure_bind, Bool.false_eq_true,
    ↓reduceIte, show ((1 : BitVec 32) == 1) = true from rfl]

Note: This linter can be disabled with `set_option linter.unusedSimpArgs false`
warning: Proofs/Threadsync/WaitGroup.lean:2987:32: This simp argument is unused:
  Bool.false_eq_true

Hint: Omit it from the simp argument list.
  [apply] simp only [StateT.run_pure, StateT.run_bind, StateT.run_get, StateT.run_modify, pure_bind, Option.isSome_none,
    ↓reduceIte, show ((1 : BitVec 32) == 1) = true from rfl]

Note: This linter can be disabled with `set_option linter.unusedSimpArgs false`
warning: Proofs/Threadsync/WaitGroup.lean:3000:34: This simp argument is unused:
  StateT.run_bind

Hint: Omit it from the simp argument list.
  [apply] simp only [StateT.run_pure, StateT.run_get, pure_bind]

Note: This linter can be disabled with `set_option linter.unusedSimpArgs false`
warning: Proofs/Threadsync/WaitGroup.lean:3000:51: This simp argument is unused:
  StateT.run_get

Hint: Omit it from the simp argument list.
  [apply] simp only [StateT.run_pure, StateT.run_bind, pure_bind]

Note: This linter can be disabled with `set_option linter.unusedSimpArgs false`
warning: Proofs/Threadsync/WaitGroup.lean:3000:67: This simp argument is unused:
  pure_bind

Hint: Omit it from the simp argument list.
  [apply] simp only [StateT.run_pure, StateT.run_bind, StateT.run_get]

Note: This linter can be disabled with `set_option linter.unusedSimpArgs false`
warning: Proofs/Threadsync/WaitGroup.lean:3010:23: This simp argument is unused:
  StateT.run_pure

Hint: Omit it from the simp argument list.
  [apply] simp only [StateT.run_bind, StateT.run_get, StateT.run_modify, pure_bind, Option.isSome_some, ↓reduceIte,
    optPayload, Bool.false_eq_true, show ((2 : BitVec 32) == 1) = false from rfl,
    show ((2 : BitVec 32) == 2) = true from rfl]

Note: This linter can be disabled with `set_option linter.unusedSimpArgs false`
warning: Proofs/Threadsync/WaitGroup.lean:3010:40: This simp argument is unused:
  StateT.run_bind

Hint: Omit it from the simp argument list.
  [apply] simp only [StateT.run_pure, StateT.run_get, StateT.run_modify, pure_bind, Option.isSome_some, ↓reduceIte,
    optPayload, Bool.false_eq_true, show ((2 : BitVec 32) == 1) = false from rfl,
    show ((2 : BitVec 32) == 2) = true from rfl]

Note: This linter can be disabled with `set_option linter.unusedSimpArgs false`
warning: Proofs/Threadsync/WaitGroup.lean:3010:57: This simp argument is unused:
  StateT.run_get

Hint: Omit it from the simp argument list.
  [apply] simp only [StateT.run_pure, StateT.run_bind, StateT.run_modify, pure_bind, Option.isSome_some, ↓reduceIte,
    optPayload, Bool.false_eq_true, show ((2 : BitVec 32) == 1) = false from rfl,
    show ((2 : BitVec 32) == 2) = true from rfl]

Note: This linter can be disabled with `set_option linter.unusedSimpArgs false`
warning: Proofs/Threadsync/WaitGroup.lean:3010:73: This simp argument is unused:
  StateT.run_modify

Hint: Omit it from the simp argument list.
  [apply] simp only [StateT.run_pure, StateT.run_bind, StateT.run_get, pure_bind, Option.isSome_some, ↓reduceIte,
    optPayload, Bool.false_eq_true, show ((2 : BitVec 32) == 1) = false from rfl,
    show ((2 : BitVec 32) == 2) = true from rfl]

Note: This linter can be disabled with `set_option linter.unusedSimpArgs false`
warning: Proofs/Threadsync/WaitGroup.lean:3010:92: This simp argument is unused:
  pure_bind

Hint: Omit it from the simp argument list.
  [apply] simp only [StateT.run_pure, StateT.run_bind, StateT.run_get, StateT.run_modify, Option.isSome_some,
    ↓reduceIte, optPayload, Bool.false_eq_true, show ((2 : BitVec 32) == 1) = false from rfl,
    show ((2 : BitVec 32) == 2) = true from rfl]

Note: This linter can be disabled with `set_option linter.unusedSimpArgs false`
warning: Proofs/Threadsync/WaitGroup.lean:3011:14: This simp argument is unused:
  Option.isSome_some

Hint: Omit it from the simp argument list.
  [apply] simp only [StateT.run_pure, StateT.run_bind, StateT.run_get, StateT.run_modify, pure_bind, ↓reduceIte,
    optPayload, Bool.false_eq_true, show ((2 : BitVec 32) == 1) = false from rfl,
    show ((2 : BitVec 32) == 2) = true from rfl]

Note: This linter can be disabled with `set_option linter.unusedSimpArgs false`
warning: Proofs/Threadsync/WaitGroup.lean:3011:34: This simp argument is unused:
  ↓reduceIte

Hint: Omit it from the simp argument list.
  [apply] simp only [StateT.run_pure, StateT.run_bind, StateT.run_get, StateT.run_modify, pure_bind, Option.isSome_some,
    optPayload, Bool.false_eq_true, show ((2 : BitVec 32) == 1) = false from rfl,
    show ((2 : BitVec 32) == 2) = true from rfl]

Note: This linter can be disabled with `set_option linter.unusedSimpArgs false`
warning: Proofs/Threadsync/WaitGroup.lean:3011:46: This simp argument is unused:
  optPayload

Hint: Omit it from the simp argument list.
  [apply] simp only [StateT.run_pure, StateT.run_bind, StateT.run_get, StateT.run_modify, pure_bind, Option.isSome_some,
    ↓reduceIte, Bool.false_eq_true, show ((2 : BitVec 32) == 1) = false from rfl,
    show ((2 : BitVec 32) == 2) = true from rfl]

Note: This linter can be disabled with `set_option linter.unusedSimpArgs false`
warning: Proofs/Threadsync/WaitGroup.lean:3011:58: This simp argument is unused:
  Bool.false_eq_true

Hint: Omit it from the simp argument list.
  [apply] simp only [StateT.run_pure, StateT.run_bind, StateT.run_get, StateT.run_modify, pure_bind, Option.isSome_some,
    ↓reduceIte, optPayload, show ((2 : BitVec 32) == 1) = false from rfl, show ((2 : BitVec 32) == 2) = true from rfl]

Note: This linter can be disabled with `set_option linter.unusedSimpArgs false`
warning: Proofs/Threadsync/WaitGroup.lean:3012:14: This simp argument is unused:
  show ((2 : BitVec 32) == 1) = false from rfl

Hint: Omit it from the simp argument list.
  [apply] simp only [StateT.run_pure, StateT.run_bind, StateT.run_get, StateT.run_modify, pure_bind, Option.isSome_some,
    ↓reduceIte, optPayload, Bool.false_eq_true, show ((2 : BitVec 32) == 2) = true from rfl]

Note: This linter can be disabled with `set_option linter.unusedSimpArgs false`
warning: Proofs/Threadsync/WaitGroup.lean:3012:60: This simp argument is unused:
  show ((2 : BitVec 32) == 2) = true from rfl

Hint: Omit it from the simp argument list.
  [apply] simp only [StateT.run_pure, StateT.run_bind, StateT.run_get, StateT.run_modify, pure_bind, Option.isSome_some,
    ↓reduceIte, optPayload, Bool.false_eq_true, show ((2 : BitVec 32) == 1) = false from rfl]

Note: This linter can be disabled with `set_option linter.unusedSimpArgs false`
warning: Proofs/Threadsync/WaitGroup.lean:3020:65: Variable name `hc` is not explicitly referenced.

Hint: The binding can be removed (if unused) or named `_` (if used implicitly). Alternatively, prefix the name with `_` to silence this warning:
  [apply] _hc

Note: This linter can be disabled with `set_option linter.unusedVariables false`
warning: Proofs/Threadsync/WaitGroup.lean:3028:30: This simp argument is unused:
  StateT.run_pure

Hint: Omit it from the simp argument list.
  [apply] simp only [StateT.run_bind, pure_bind]

Note: This linter can be disabled with `set_option linter.unusedSimpArgs false`
warning: Proofs/Threadsync/WaitGroup.lean:3034:30: This simp argument is unused:
  StateT.run_pure

Hint: Omit it from the simp argument list.
  [apply] simp only [StateT.run_bind, pure_bind]

Note: This linter can be disabled with `set_option linter.unusedSimpArgs false`
warning: Proofs/Threadsync/WaitGroup.lean:3057:53: This simp argument is unused:
  pure_bind

Hint: Omit it from the simp argument list.
  [apply] simp only [StateT.run_pure, StateT.run_bind, show ((0 : BitVec 32) == 2) = false from rfl, Bool.not_false,
    ↓reduceIte]

Note: This linter can be disabled with `set_option linter.unusedSimpArgs false`
warning: Proofs/Threadsync/WaitGroup.lean:3069:65: Variable name `hc` is not explicitly referenced.

Hint: The binding can be removed (if unused) or named `_` (if used implicitly). Alternatively, prefix the name with `_` to silence this warning:
  [apply] _hc

Note: This linter can be disabled with `set_option linter.unusedVariables false`
warning: Proofs/Threadsync/WaitGroup.lean:3083:30: This simp argument is unused:
  StateT.run_pure

Hint: Omit it from the simp argument list.
  [apply] simp only [StateT.run_bind, pure_bind]

Note: This linter can be disabled with `set_option linter.unusedSimpArgs false`
warning: Proofs/Threadsync/WaitGroup.lean:3083:47: This simp argument is unused:
  pure_bind

Hint: Omit it from the simp argument list.
  [apply] simp only [StateT.run_bind, StateT.run_pure]

Note: This linter can be disabled with `set_option linter.unusedSimpArgs false`
warning: Proofs/Threadsync/WaitGroup.lean:3087:13: This simp argument is unused:
  StateT.run_pure

Hint: Omit it from the simp argument list.
  [apply] simp only [pure_bind, StateT.run_bind]

Note: This linter can be disabled with `set_option linter.unusedSimpArgs false`
warning: Proofs/Threadsync/WaitGroup.lean:3087:30: This simp argument is unused:
  pure_bind

Hint: Omit it from the simp argument list.
  [apply] simp only [StateT.run_pure, StateT.run_bind]

Note: This linter can be disabled with `set_option linter.unusedSimpArgs false`
warning: Proofs/Threadsync/WaitGroup.lean:3087:41: This simp argument is unused:
  StateT.run_bind

Hint: Omit it from the simp argument list.
  [apply] simp only [StateT.run_pure, pure_bind]

Note: This linter can be disabled with `set_option linter.unusedSimpArgs false`
warning: Proofs/Threadsync/WaitGroup.lean:3094:35: This simp argument is unused:
  pure_bind

Hint: Omit it from the simp argument list.
  [apply] simp only [show gt false (BitVec.ofNat 64 (0 / 2)) 0 = false from rfl, Bool.false_eq_true, ↓reduceIte,
    StateT.run_pure]

Note: This linter can be disabled with `set_option linter.unusedSimpArgs false`
warning: Proofs/Threadsync/WaitGroup.lean:3104:48: This simp argument is unused:
  pure_bind

Hint: Omit it from the simp argument list.
  [apply] simp only [hg, ↓reduceIte, StateT.run_pure, StateT.run_bind]

Note: This linter can be disabled with `set_option linter.unusedSimpArgs false`
warning: Proofs/Threadsync/WaitGroup.lean:3162:6: `if_pos` has been deprecated: Use `ite_eq_left` instead
warning: Proofs/Threadsync/WaitGroup.lean:3222:10: `if_pos` has been deprecated: Use `ite_eq_left` instead
warning: Proofs/Threadsync/WaitGroup.lean:3223:10: `if_pos` has been deprecated: Use `ite_eq_left` instead
warning: Proofs/Threadsync/WaitGroup.lean:3333:13: This simp argument is unused:
  StateT.run_pure

Hint: Omit it from the simp argument list.
  [apply] simp only [pure_bind]

Note: This linter can be disabled with `set_option linter.unusedSimpArgs false`
warning: Proofs/Threadsync/WaitGroup.lean:3333:30: This simp argument is unused:
  pure_bind

Hint: Omit it from the simp argument list.
  [apply] simp only [StateT.run_pure]

Note: This linter can be disabled with `set_option linter.unusedSimpArgs false`
warning: Proofs/Threadsync/WaitGroup.lean:3339:47: This simp argument is unused:
  pure_bind

Hint: Omit it from the simp argument list.
  [apply] simp only [StateT.run_bind, StateT.run_pure]

Note: This linter can be disabled with `set_option linter.unusedSimpArgs false`
warning: Proofs/Threadsync/WaitGroup.lean:3341:13: This simp argument is unused:
  StateT.run_pure

Hint: Omit it from the simp argument list.
  [apply] simp only [pure_bind, StateT.run_bind]

Note: This linter can be disabled with `set_option linter.unusedSimpArgs false`
warning: Proofs/Threadsync/WaitGroup.lean:3341:30: This simp argument is unused:
  pure_bind

Hint: Omit it from the simp argument list.
  [apply] simp only [StateT.run_pure, StateT.run_bind]

Note: This linter can be disabled with `set_option linter.unusedSimpArgs false`
warning: Proofs/Threadsync/WaitGroup.lean:3341:41: This simp argument is unused:
  StateT.run_bind

Hint: Omit it from the simp argument list.
  [apply] simp only [StateT.run_pure, pure_bind]

Note: This linter can be disabled with `set_option linter.unusedSimpArgs false`
warning: Proofs/Threadsync/WaitGroup.lean:3423:13: This simp argument is unused:
  StateT.run_bind

Hint: Omit it from the simp argument list.
  [apply] simp only

Note: This linter can be disabled with `set_option linter.unusedSimpArgs false`
warning: Proofs/Threadsync/WaitGroup.lean:3438:47: This simp argument is unused:
  pure_bind

Hint: Omit it from the simp argument list.
  [apply] simp only [StateT.run_bind, StateT.run_pure]

Note: This linter can be disabled with `set_option linter.unusedSimpArgs false`
✔ [139/146] Built Proofs.Sync.RwLock (27s)
✔ [140/146] Built Proofs.Sync.RwLockContract (432ms)
⚠ [141/146] Built Proofs.Sync.RwLockSnapshotPair (2.2s)
warning: Proofs/Sync/RwLockSnapshotPair.lean:111:30: This simp argument is unused:
  pure_bind

Hint: Omit it from the simp argument list.
  [apply] simp only [StateT.run_bind]

Note: This linter can be disabled with `set_option linter.unusedSimpArgs false`
warning: Proofs/Sync/RwLockSnapshotPair.lean:120:13: This simp argument is unused:
  StateT.run_bind

Hint: Omit it from the simp argument list.
  [apply] simp only [pure_bind]

Note: This linter can be disabled with `set_option linter.unusedSimpArgs false`
warning: Proofs/Sync/RwLockSnapshotPair.lean:120:30: This simp argument is unused:
  pure_bind

Hint: Omit it from the simp argument list.
  [apply] simp only [StateT.run_bind]

Note: This linter can be disabled with `set_option linter.unusedSimpArgs false`
warning: Proofs/Sync/RwLockSnapshotPair.lean:123:13: This simp argument is unused:
  StateT.run_bind

Hint: Omit it from the simp argument list.
  [apply] simp only [pure_bind]

Note: This linter can be disabled with `set_option linter.unusedSimpArgs false`
warning: Proofs/Sync/RwLockSnapshotPair.lean:123:30: This simp argument is unused:
  pure_bind

Hint: Omit it from the simp argument list.
  [apply] simp only [StateT.run_bind]

Note: This linter can be disabled with `set_option linter.unusedSimpArgs false`
warning: Proofs/Sync/RwLockSnapshotPair.lean:156:44: This simp argument is unused:
  QPair

Hint: Omit it from the simp argument list.
  [apply] simp_all

Note: This linter can be disabled with `set_option linter.unusedSimpArgs false`
✔ [142/146] Built Proofs.Sync.Contracts (2.2s)
⚠ [143/146] Built Proofs.Sync.SnapshotCache (1.9s)
warning: Proofs/Sync/SnapshotCache.lean:700:43: `if_neg` has been deprecated: Use `ite_eq_right` instead
⚠ [144/146] Built Proofs.Sync.Mailbox (2.5s)
warning: Proofs/Sync/Mailbox.lean:138:53: `if_neg` has been deprecated: Use `ite_eq_right` instead
warning: Proofs/Sync/Mailbox.lean:138:53: `if_neg` has been deprecated: Use `ite_eq_right` instead
warning: Proofs/Sync/Mailbox.lean:1055:43: `if_neg` has been deprecated: Use `ite_eq_right` instead
✔ [145/146] Built Proofs.Sync.Proofs (602ms)
Build completed successfully (146 jobs).
##[group]Run python3 -B scripts/tutorials.py check --results "$RUNNER_TEMP/tutorials"
[36;1mpython3 -B scripts/tutorials.py check --results "$RUNNER_TEMP/tutorials"[0m
shell: /usr/bin/bash -e {0}
env:
  AIR2LEAN_EXAMPLES: 
##[endgroup]
OK: tutorials/allocation-failure: proof, exercise and negative control
OK: tutorials/concurrent-clients: proof, exercise and negative control
OK: tutorials/external-contracts: proof, exercise and negative control
OK: tutorials/first-proof: proof, exercise and negative control
OK: tutorials/generic-containers: proof, exercise and negative control
OK: tutorials/memory-safety: proof, exercise and negative control
OK: tutorials/mutable-arrays: proof, exercise and negative control
##[group]Run lake env lean tutorials/memory-safety/Main.lean
[36;1mlake env lean tutorials/memory-safety/Main.lean[0m
[36;1mlake env lean tutorials/memory-safety/Controls.lean[0m
shell: /usr/bin/bash -e {0}
env:
  AIR2LEAN_EXAMPLES: 
##[endgroup]
##[group]Run set -euo pipefail
[36;1mset -euo pipefail[0m
[36;1mmkdir -p "$RUNNER_TEMP/vcs"[0m
[36;1mlake build ZigLean.VC Proofs.Pointers.Gen Proofs.Basic.Gen Proofs.Errors.Gen 2>&1 | tee "$RUNNER_TEMP/vcs/build.log"[0m
shell: /usr/bin/bash -e {0}
env:
  AIR2LEAN_EXAMPLES: 
##[endgroup]
⚠ [7/58] Replayed ZigLean.Mem.Enc
warning: ZigLean/Mem/Enc.lean:183:0: Definition `Zig.errorEnc` of class type is semireducible. Most type class instances should be instance-reducible, so consider marking this
definition with `@[instance_reducible]`. If it is intentionally semireducible, this warning can be disabled with `set_option warn.classDefReducibility false`.
warning: ZigLean/Mem/Enc.lean:194:0: Definition `Zig.optionalErrorEnc` of class type is semireducible. Most type class instances should be instance-reducible, so consider marking this
definition with `@[instance_reducible]`. If it is intentionally semireducible, this warning can be disabled with `set_option warn.classDefReducibility false`.
warning: ZigLean/Mem/Enc.lean:226:0: Definition `Zig.Enc.optionWith` of class type is semireducible. Most type class instances should be instance-reducible, so consider marking this
definition with `@[instance_reducible]`. If it is intentionally semireducible, this warning can be disabled with `set_option warn.classDefReducibility false`.
warning: ZigLean/Mem/Enc.lean:231:0: Definition `Zig.Enc.vectorWith` of class type is semireducible. Most type class instances should be instance-reducible, so consider marking this
definition with `@[instance_reducible]`. If it is intentionally semireducible, this warning can be disabled with `set_option warn.classDefReducibility false`.
warning: ZigLean/Mem/Enc.lean:262:0: Definition `Zig.Enc.errorUnionWith` of class type is semireducible. Most type class instances should be instance-reducible, so consider marking this
definition with `@[instance_reducible]`. If it is intentionally semireducible, this warning can be disabled with `set_option warn.classDefReducibility false`.
warning: ZigLean/Mem/Enc.lean:267:0: Definition `Zig.errorUnionEnc` of class type is semireducible. Most type class instances should be instance-reducible, so consider marking this
definition with `@[instance_reducible]`. If it is intentionally semireducible, this warning can be disabled with `set_option warn.classDefReducibility false`.
⚠ [12/58] Replayed ZigLean.Mem.Lemmas
warning: ZigLean/Mem/Lemmas.lean:622:8: This simp argument is unused:
  h

Hint: Omit it from the simp argument list.
  [apply] simp [hm, errOfBytes_errBytes, bind, pure, ExceptT.bind, ExceptT.pure, ExceptT.mk, ExceptT.bindCont]

Note: This linter can be disabled with `set_option linter.unusedSimpArgs false`
warning: ZigLean/Mem/Lemmas.lean:642:10: This simp argument is unused:
  h x rfl

Hint: Omit it from the simp argument list.
  [apply] simp [hm, errOfBytes_errBytes, bind, pure, ExceptT.bind, ExceptT.pure, ExceptT.mk, ExceptT.bindCont]

Note: This linter can be disabled with `set_option linter.unusedSimpArgs false`
warning: ZigLean/Mem/Lemmas.lean:649:55: This simp argument is unused:
  e.property

Hint: Omit it from the simp argument list.
  [apply] simp [Enc.encode, Enc.decode, errOfBytes_errBytes, hm, bind, pure, ExceptT.bind, ExceptT.pure, ExceptT.mk,
    ExceptT.bindCont]

Note: This linter can be disabled with `set_option linter.unusedSimpArgs false`
warning: ZigLean/Mem/Lemmas.lean:660:57: This simp argument is unused:
  x.property

Hint: Omit it from the simp argument list.
  [apply] simp [Enc.encode, Enc.decode, errOfBytes_errBytes, hm, bind, pure, ExceptT.bind, ExceptT.pure, ExceptT.mk,
    ExceptT.bindCont]

Note: This linter can be disabled with `set_option linter.unusedSimpArgs false`
⚠ [14/58] Replayed ZigLean.Sep.Assert
warning: ZigLean/Sep/Assert.lean:101:10: `if_neg` has been deprecated: Use `ite_eq_right` instead
warning: ZigLean/Sep/Assert.lean:102:16: `if_neg` has been deprecated: Use `ite_eq_right` instead
warning: ZigLean/Sep/Assert.lean:106:10: `if_pos` has been deprecated: Use `ite_eq_left` instead
warning: ZigLean/Sep/Assert.lean:106:21: `if_neg` has been deprecated: Use `ite_eq_right` instead
warning: ZigLean/Sep/Assert.lean:107:10: `if_neg` has been deprecated: Use `ite_eq_right` instead
warning: ZigLean/Sep/Assert.lean:109:12: `if_pos` has been deprecated: Use `ite_eq_left` instead
warning: ZigLean/Sep/Assert.lean:115:12: `if_neg` has been deprecated: Use `ite_eq_right` instead
warning: ZigLean/Sep/Assert.lean:115:27: `if_neg` has been deprecated: Use `ite_eq_right` instead
warning: ZigLean/Sep/Assert.lean:120:10: `if_pos` has been deprecated: Use `ite_eq_left` instead
warning: ZigLean/Sep/Assert.lean:120:21: `if_pos` has been deprecated: Use `ite_eq_left` instead
warning: ZigLean/Sep/Assert.lean:120:36: `if_pos` has been deprecated: Use `ite_eq_left` instead
warning: ZigLean/Sep/Assert.lean:122:10: `if_neg` has been deprecated: Use `ite_eq_right` instead
warning: ZigLean/Sep/Assert.lean:122:21: `if_neg` has been deprecated: Use `ite_eq_right` instead
warning: ZigLean/Sep/Assert.lean:127:10: `if_pos` has been deprecated: Use `ite_eq_left` instead
warning: ZigLean/Sep/Assert.lean:127:21: `if_pos` has been deprecated: Use `ite_eq_left` instead
warning: ZigLean/Sep/Assert.lean:127:58: `if_pos` has been deprecated: Use `ite_eq_left` instead
warning: ZigLean/Sep/Assert.lean:132:10: `if_neg` has been deprecated: Use `ite_eq_right` instead
warning: ZigLean/Sep/Assert.lean:132:21: `if_neg` has been deprecated: Use `ite_eq_right` instead
⚠ [20/58] Replayed ZigLean.Permutation
warning: ZigLean/Permutation.lean:35:52: `dif_pos` has been deprecated: Use `dite_eq_left` instead
⚠ [22/58] Replayed ZigLean.Mem.Thread
warning: ZigLean/Mem/Thread.lean:172:24: Variable name `ord` is not explicitly referenced.

Hint: The binding can be removed (if unused) or named `_` (if used implicitly). Alternatively, prefix the name with `_` to silence this warning:
  [apply] _ord

Note: This linter can be disabled with `set_option linter.unusedVariables false`
warning: ZigLean/Mem/Thread.lean:193:25: Variable name `ord` is not explicitly referenced.

Hint: The binding can be removed (if unused) or named `_` (if used implicitly). Alternatively, prefix the name with `_` to silence this warning:
  [apply] _ord

Note: This linter can be disabled with `set_option linter.unusedVariables false`
warning: ZigLean/Mem/Thread.lean:293:24: Variable name `succ` is not explicitly referenced.

Hint: The binding can be removed (if unused) or named `_` (if used implicitly). Alternatively, prefix the name with `_` to silence this warning:
  [apply] _succ

Note: This linter can be disabled with `set_option linter.unusedVariables false`
warning: ZigLean/Mem/Thread.lean:346:28: Variable name `succ` is not explicitly referenced.

Hint: The binding can be removed (if unused) or named `_` (if used implicitly). Alternatively, prefix the name with `_` to silence this warning:
  [apply] _succ

Note: This linter can be disabled with `set_option linter.unusedVariables false`
⚠ [25/58] Replayed ZigLean.Conc.Spawn
warning: ZigLean/Conc/Spawn.lean:123:38: `if_pos` has been deprecated: Use `ite_eq_left` instead
warning: ZigLean/Conc/Spawn.lean:126:38: `if_neg` has been deprecated: Use `ite_eq_right` instead
⚠ [30/58] Replayed ZigLean.Conc.Lemmas
warning: ZigLean/Conc/Lemmas.lean:1509:61: This simp argument is unused:
  Option.bind_some

Hint: Omit it from the simp argument list.
  [apply] simp only [casMarkWrite, zig_unfold, ha, ExceptT.bindCont]

Note: This linter can be disabled with `set_option linter.unusedSimpArgs false`
⚠ [39/58] Replayed ZigLean.Mem.Null
warning: ZigLean/Mem/Null.lean:32:0: Definition `Zig.nullablePtrEnc` of class type is semireducible. Most type class instances should be instance-reducible, so consider marking this
definition with `@[instance_reducible]`. If it is intentionally semireducible, this warning can be disabled with `set_option warn.classDefReducibility false`.
⚠ [40/58] Replayed ZigLean.Mem.ErrWidth
warning: ZigLean/Mem/ErrWidth.lean:69:0: Definition `Zig.errorEncW` of class type is semireducible. Most type class instances should be instance-reducible, so consider marking this
definition with `@[instance_reducible]`. If it is intentionally semireducible, this warning can be disabled with `set_option warn.classDefReducibility false`.
warning: ZigLean/Mem/ErrWidth.lean:80:0: Definition `Zig.optionalErrorEncW` of class type is semireducible. Most type class instances should be instance-reducible, so consider marking this
definition with `@[instance_reducible]`. If it is intentionally semireducible, this warning can be disabled with `set_option warn.classDefReducibility false`.
warning: ZigLean/Mem/ErrWidth.lean:117:0: Definition `Zig.Enc.errorUnionWithW` of class type is semireducible. Most type class instances should be instance-reducible, so consider marking this
definition with `@[instance_reducible]`. If it is intentionally semireducible, this warning can be disabled with `set_option warn.classDefReducibility false`.
warning: ZigLean/Mem/ErrWidth.lean:134:0: Definition `Zig.errorUnionEncW` of class type is semireducible. Most type class instances should be instance-reducible, so consider marking this
definition with `@[instance_reducible]`. If it is intentionally semireducible, this warning can be disabled with `set_option warn.classDefReducibility false`.
✔ [53/58] Built ZigLean.VC.ContractAttr (259ms)
✔ [54/58] Built ZigLean.VC.Result (451ms)
✔ [55/58] Built ZigLean.VC.Mem (603ms)
✔ [56/58] Built ZigLean.VC.Rules (347ms)
✔ [57/58] Built ZigLean.VC.Extract (1.9s)
✔ [58/58] Built ZigLean.VC (632ms)
Build completed successfully (58 jobs).
##[group]Run set -euo pipefail
[36;1mset -euo pipefail[0m
[36;1mlake env lean tests/roadmap/vcs/Result.lean 2>&1 | tee "$RUNNER_TEMP/vcs/Result.log"[0m
shell: /usr/bin/bash -e {0}
env:
  AIR2LEAN_EXAMPLES: 
##[endgroup]
##[group]Run set -euo pipefail
[36;1mset -euo pipefail[0m
[36;1mlake env lean tests/roadmap/vcs/Memory.lean 2>&1 | tee "$RUNNER_TEMP/vcs/Memory.log"[0m
shell: /usr/bin/bash -e {0}
env:
  AIR2LEAN_EXAMPLES: 
##[endgroup]
##[group]Run set -euo pipefail
[36;1mset -euo pipefail[0m
[36;1mlake env lean tests/roadmap/vcs/Clients.lean 2>&1 | tee "$RUNNER_TEMP/vcs/Clients.log"[0m
shell: /usr/bin/bash -e {0}
env:
  AIR2LEAN_EXAMPLES: 
##[endgroup]
##[group]Run set -euo pipefail
[36;1mset -euo pipefail[0m
[36;1mlake env lean tests/roadmap/vcs/Extract.lean 2>&1 | tee "$RUNNER_TEMP/vcs/Extract.log"[0m
shell: /usr/bin/bash -e {0}
env:
  AIR2LEAN_EXAMPLES: 
##[endgroup]
vc_gen obligations for `Basic.tardiness` (3 open of 3):
  [safety_1] safety: precondition of Zig.sub [Zig.VC.Prim.sub_unsigned]
    branch1 : gt false a b = true
    ⊢ b.toNat ≤ a.toNat
  [result_1] result: functional result
    branch1 : gt false a b = true
    value2 : BitVec 32
    summary2 : value2 = a - b
    ⊢ value2.toNat = a.toNat - b.toNat
  [result_2] result: functional result
    branch1 : gt false a b = false
    ⊢ BitVec.toNat 0 = a.toNat - b.toNat
vc-report {"function":"Basic.tardiness","obligations":[{"case":"safety_1","closed_by":null,"given":["branch1 : gt false a b = true"],"goal":"b.toNat ≤ a.toNat","kind":"safety","label":"precondition of Zig.sub [Zig.VC.Prim.sub_unsigned]"},{"case":"result_1","closed_by":null,"given":["branch1 : gt false a b = true","value2 : BitVec 32","summary2 : value2 = a - b"],"goal":"value2.toNat = a.toNat - b.toNat","kind":"result","label":"functional result"},{"case":"result_2","closed_by":null,"given":["branch1 : gt false a b = false"],"goal":"BitVec.toNat 0 = a.toNat - b.toNat","kind":"result","label":"functional result"}],"status":"obligations"}
vc_gen obligations for `Errors.parseDigit` (4 open of 4):
  [error_1] error: error return
    branch1 : lt false c 48 = true
    ⊢ Except.error "NotDigit" = if c.toNat < 48 ∨ 57 < c.toNat then Except.error "NotDigit" else Except.ok (c - 48)
  [error_2] error: error return
    branch1 : lt false c 48 = false
    branch2 : gt false c 57 = true
    ⊢ Except.error "NotDigit" = if c.toNat < 48 ∨ 57 < c.toNat then Except.error "NotDigit" else Except.ok (c - 48)
  [safety_1] safety: precondition of Zig.sub [Zig.VC.Prim.sub_unsigned]
    branch1 : lt false c 48 = false
    branch2 : gt false c 57 = false
    ⊢ BitVec.toNat 48 ≤ c.toNat
  [result_1] result: functional result
    branch1 : lt false c 48 = false
    branch2 : gt false c 57 = false
    value3 : BitVec 8
    summary3 : value3 = c - 48
    ⊢ Except.ok value3 = if c.toNat < 48 ∨ 57 < c.toNat then Except.error "NotDigit" else Except.ok (c - 48)
vc-report {"function":"Errors.parseDigit","obligations":[{"case":"error_1","closed_by":null,"given":["branch1 : lt false c 48 = true"],"goal":"Except.error \"NotDigit\" = if c.toNat < 48 ∨ 57 < c.toNat then Except.error \"NotDigit\" else Except.ok (c - 48)","kind":"error","label":"error return"},{"case":"error_2","closed_by":null,"given":["branch1 : lt false c 48 = false","branch2 : gt false c 57 = true"],"goal":"Except.error \"NotDigit\" = if c.toNat < 48 ∨ 57 < c.toNat then Except.error \"NotDigit\" else Except.ok (c - 48)","kind":"error","label":"error return"},{"case":"safety_1","closed_by":null,"given":["branch1 : lt false c 48 = false","branch2 : gt false c 57 = false"],"goal":"BitVec.toNat 48 ≤ c.toNat","kind":"safety","label":"precondition of Zig.sub [Zig.VC.Prim.sub_unsigned]"},{"case":"result_1","closed_by":null,"given":["branch1 : lt false c 48 = false","branch2 : gt false c 57 = false","value3 : BitVec 8","summary3 : value3 = c - 48"],"goal":"Except.ok value3 = if c.toNat < 48 ∨ 57 < c.toNat then Except.error \"NotDigit\" else Except.ok (c - 48)","kind":"result","label":"functional result"}],"status":"obligations"}
vc_gen obligations for `Pointers.addTo` (5 open of 6):
  [memory_1] memory: loaded type has positive size
    heap : Heap
    pre : pts p 8 old heap
    ⊢ 0 < Enc.size (BitVec 64)
  [safety_1] safety: unsigned cast widens
    heap : Heap
    pre : pts p 8 old heap
    ⊢ 32 ≤ 64
  [safety_2] safety: unsigned addition does not overflow
    heap : Heap
    pre : pts p 8 old heap
    ⊢ old.toNat + (BitVec.setWidth 64 delta).toNat < 2 ^ 64
  [memory_2] memory: stored type has positive size
    heap : Heap
    pre : pts p 8 old heap
    ⊢ 0 < Enc.size (BitVec 64)
  [memory_3] memory: owned cell for the store (closed by hypothesis)
    heap : Heap
    pre : pts p 8 old heap
    ⊢ ∃ old, pts p 8 old heap
  [memory_4] memory: postcondition
    heap : Heap
    pre : pts p 8 old heap
    heap1 : Heap
    stored1 : pts p 8 (old + BitVec.setWidth 64 delta) heap1
    ⊢ pts p 8 (old + BitVec.setWidth 64 delta) heap1
vc-report {"function":"Pointers.addTo","obligations":[{"case":"memory_1","closed_by":null,"given":["heap : Heap","pre : pts p 8 old heap"],"goal":"0 < Enc.size (BitVec 64)","kind":"memory","label":"loaded type has positive size"},{"case":"safety_1","closed_by":null,"given":["heap : Heap","pre : pts p 8 old heap"],"goal":"32 ≤ 64","kind":"safety","label":"unsigned cast widens"},{"case":"safety_2","closed_by":null,"given":["heap : Heap","pre : pts p 8 old heap"],"goal":"old.toNat + (BitVec.setWidth 64 delta).toNat < 2 ^ 64","kind":"safety","label":"unsigned addition does not overflow"},{"case":"memory_2","closed_by":null,"given":["heap : Heap","pre : pts p 8 old heap"],"goal":"0 < Enc.size (BitVec 64)","kind":"memory","label":"stored type has positive size"},{"case":"memory_3","closed_by":"hypothesis","given":["heap : Heap","pre : pts p 8 old heap"],"goal":"∃ old, pts p 8 old heap","kind":"memory","label":"owned cell for the store"},{"case":"memory_4","closed_by":null,"given":["heap : Heap","pre : pts p 8 old heap","heap1 : Heap","stored1 : pts p 8 (old + BitVec.setWidth 64 delta) heap1"],"goal":"pts p 8 (old + BitVec.setWidth 64 delta) heap1","kind":"memory","label":"postcondition"}],"status":"obligations"}
##[group]Run set -euo pipefail
[36;1mset -euo pipefail[0m
[36;1mpython3 -B scripts/vc-report.py --json \[0m
[36;1m  --import Proofs.Basic.Gen --import Proofs.Pointers.Gen --import Proofs.Errors.Gen \[0m
[36;1m  --namespace Basic --namespace Pointers --namespace Errors \[0m
[36;1m  tests/roadmap/vcs/Extract.lean > "$RUNNER_TEMP/vcs/report.json"[0m
[36;1mdiff -u tests/roadmap/vcs/report.json "$RUNNER_TEMP/vcs/report.json"[0m
shell: /usr/bin/bash -e {0}
env:
  AIR2LEAN_EXAMPLES: 
##[endgroup]
##[group]Run scripts/review.sh
[36;1mscripts/review.sh[0m
shell: /usr/bin/bash -e {0}
env:
  AIR2LEAN_EXAMPLES: 
  AIR2LEAN_REVIEW_ZIG14: 
  AIR2LEAN_REVIEW_ZIG15: 
  AIR2LEAN_REVIEW_ZIG16: 
  AIR2LEAN_REVIEW_ZIG17: /home/runner/work/air2lean/air2lean/zig-air-0.17.0/bin/zig
  AIR2LEAN_REVIEW_TRANSLATOR: /home/runner/work/air2lean/air2lean/.lake/build/bin/air2lean
##[endgroup]
shell review checks: 55 passed
⚠ [7/194] Replayed ZigLean.Mem.Enc
warning: ZigLean/Mem/Enc.lean:183:0: Definition `Zig.errorEnc` of class type is semireducible. Most type class instances should be instance-reducible, so consider marking this
definition with `@[instance_reducible]`. If it is intentionally semireducible, this warning can be disabled with `set_option warn.classDefReducibility false`.
warning: ZigLean/Mem/Enc.lean:194:0: Definition `Zig.optionalErrorEnc` of class type is semireducible. Most type class instances should be instance-reducible, so consider marking this
definition with `@[instance_reducible]`. If it is intentionally semireducible, this warning can be disabled with `set_option warn.classDefReducibility false`.
warning: ZigLean/Mem/Enc.lean:226:0: Definition `Zig.Enc.optionWith` of class type is semireducible. Most type class instances should be instance-reducible, so consider marking this
definition with `@[instance_reducible]`. If it is intentionally semireducible, this warning can be disabled with `set_option warn.classDefReducibility false`.
warning: ZigLean/Mem/Enc.lean:231:0: Definition `Zig.Enc.vectorWith` of class type is semireducible. Most type class instances should be instance-reducible, so consider marking this
definition with `@[instance_reducible]`. If it is intentionally semireducible, this warning can be disabled with `set_option warn.classDefReducibility false`.
warning: ZigLean/Mem/Enc.lean:262:0: Definition `Zig.Enc.errorUnionWith` of class type is semireducible. Most type class instances should be instance-reducible, so consider marking this
definition with `@[instance_reducible]`. If it is intentionally semireducible, this warning can be disabled with `set_option warn.classDefReducibility false`.
warning: ZigLean/Mem/Enc.lean:267:0: Definition `Zig.errorUnionEnc` of class type is semireducible. Most type class instances should be instance-reducible, so consider marking this
definition with `@[instance_reducible]`. If it is intentionally semireducible, this warning can be disabled with `set_option warn.classDefReducibility false`.
⚠ [10/194] Replayed ZigLean.Permutation
warning: ZigLean/Permutation.lean:35:52: `dif_pos` has been deprecated: Use `dite_eq_left` instead
⚠ [13/194] Replayed ZigLean.Mem.Thread
warning: ZigLean/Mem/Thread.lean:172:24: Variable name `ord` is not explicitly referenced.

Hint: The binding can be removed (if unused) or named `_` (if used implicitly). Alternatively, prefix the name with `_` to silence this warning:
  [apply] _ord

Note: This linter can be disabled with `set_option linter.unusedVariables false`
warning: ZigLean/Mem/Thread.lean:193:25: Variable name `ord` is not explicitly referenced.

Hint: The binding can be removed (if unused) or named `_` (if used implicitly). Alternatively, prefix the name with `_` to silence this warning:
  [apply] _ord

Note: This linter can be disabled with `set_option linter.unusedVariables false`
warning: ZigLean/Mem/Thread.lean:293:24: Variable name `succ` is not explicitly referenced.

Hint: The binding can be removed (if unused) or named `_` (if used implicitly). Alternatively, prefix the name with `_` to silence this warning:
  [apply] _succ

Note: This linter can be disabled with `set_option linter.unusedVariables false`
warning: ZigLean/Mem/Thread.lean:346:28: Variable name `succ` is not explicitly referenced.

Hint: The binding can be removed (if unused) or named `_` (if used implicitly). Alternatively, prefix the name with `_` to silence this warning:
  [apply] _succ

Note: This linter can be disabled with `set_option linter.unusedVariables false`
⚠ [16/194] Replayed ZigLean.Conc.Spawn
warning: ZigLean/Conc/Spawn.lean:123:38: `if_pos` has been deprecated: Use `ite_eq_left` instead
warning: ZigLean/Conc/Spawn.lean:126:38: `if_neg` has been deprecated: Use `ite_eq_right` instead
⚠ [24/194] Replayed ZigLean.Mem.Lemmas
warning: ZigLean/Mem/Lemmas.lean:622:8: This simp argument is unused:
  h

Hint: Omit it from the simp argument list.
  [apply] simp [hm, errOfBytes_errBytes, bind, pure, ExceptT.bind, ExceptT.pure, ExceptT.mk, ExceptT.bindCont]

Note: This linter can be disabled with `set_option linter.unusedSimpArgs false`
warning: ZigLean/Mem/Lemmas.lean:642:10: This simp argument is unused:
  h x rfl

Hint: Omit it from the simp argument list.
  [apply] simp [hm, errOfBytes_errBytes, bind, pure, ExceptT.bind, ExceptT.pure, ExceptT.mk, ExceptT.bindCont]

Note: This linter can be disabled with `set_option linter.unusedSimpArgs false`
warning: ZigLean/Mem/Lemmas.lean:649:55: This simp argument is unused:
  e.property

Hint: Omit it from the simp argument list.
  [apply] simp [Enc.encode, Enc.decode, errOfBytes_errBytes, hm, bind, pure, ExceptT.bind, ExceptT.pure, ExceptT.mk,
    ExceptT.bindCont]

Note: This linter can be disabled with `set_option linter.unusedSimpArgs false`
warning: ZigLean/Mem/Lemmas.lean:660:57: This simp argument is unused:
  x.property

Hint: Omit it from the simp argument list.
  [apply] simp [Enc.encode, Enc.decode, errOfBytes_errBytes, hm, bind, pure, ExceptT.bind, ExceptT.pure, ExceptT.mk,
    ExceptT.bindCont]

Note: This linter can be disabled with `set_option linter.unusedSimpArgs false`
⚠ [25/194] Replayed ZigLean.Conc.Lemmas
warning: ZigLean/Conc/Lemmas.lean:1509:61: This simp argument is unused:
  Option.bind_some

Hint: Omit it from the simp argument list.
  [apply] simp only [casMarkWrite, zig_unfold, ha, ExceptT.bindCont]

Note: This linter can be disabled with `set_option linter.unusedSimpArgs false`
⚠ [35/194] Replayed ZigLean.Mem.Null
warning: ZigLean/Mem/Null.lean:32:0: Definition `Zig.nullablePtrEnc` of class type is semireducible. Most type class instances should be instance-reducible, so consider marking this
definition with `@[instance_reducible]`. If it is intentionally semireducible, this warning can be disabled with `set_option warn.classDefReducibility false`.
⚠ [36/194] Replayed ZigLean.Mem.ErrWidth
warning: ZigLean/Mem/ErrWidth.lean:69:0: Definition `Zig.errorEncW` of class type is semireducible. Most type class instances should be instance-reducible, so consider marking this
definition with `@[instance_reducible]`. If it is intentionally semireducible, this warning can be disabled with `set_option warn.classDefReducibility false`.
warning: ZigLean/Mem/ErrWidth.lean:80:0: Definition `Zig.optionalErrorEncW` of class type is semireducible. Most type class instances should be instance-reducible, so consider marking this
definition with `@[instance_reducible]`. If it is intentionally semireducible, this warning can be disabled with `set_option warn.classDefReducibility false`.
warning: ZigLean/Mem/ErrWidth.lean:117:0: Definition `Zig.Enc.errorUnionWithW` of class type is semireducible. Most type class instances should be instance-reducible, so consider marking this
definition with `@[instance_reducible]`. If it is intentionally semireducible, this warning can be disabled with `set_option warn.classDefReducibility false`.
warning: ZigLean/Mem/ErrWidth.lean:134:0: Definition `Zig.errorUnionEncW` of class type is semireducible. Most type class instances should be instance-reducible, so consider marking this
definition with `@[instance_reducible]`. If it is intentionally semireducible, this warning can be disabled with `set_option warn.classDefReducibility false`.
⚠ [59/194] Replayed ZigLean.Sep.Assert
warning: ZigLean/Sep/Assert.lean:101:10: `if_neg` has been deprecated: Use `ite_eq_right` instead
warning: ZigLean/Sep/Assert.lean:102:16: `if_neg` has been deprecated: Use `ite_eq_right` instead
warning: ZigLean/Sep/Assert.lean:106:10: `if_pos` has been deprecated: Use `ite_eq_left` instead
warning: ZigLean/Sep/Assert.lean:106:21: `if_neg` has been deprecated: Use `ite_eq_right` instead
warning: ZigLean/Sep/Assert.lean:107:10: `if_neg` has been deprecated: Use `ite_eq_right` instead
warning: ZigLean/Sep/Assert.lean:109:12: `if_pos` has been deprecated: Use `ite_eq_left` instead
warning: ZigLean/Sep/Assert.lean:115:12: `if_neg` has been deprecated: Use `ite_eq_right` instead
warning: ZigLean/Sep/Assert.lean:115:27: `if_neg` has been deprecated: Use `ite_eq_right` instead
warning: ZigLean/Sep/Assert.lean:120:10: `if_pos` has been deprecated: Use `ite_eq_left` instead
warning: ZigLean/Sep/Assert.lean:120:21: `if_pos` has been deprecated: Use `ite_eq_left` instead
warning: ZigLean/Sep/Assert.lean:120:36: `if_pos` has been deprecated: Use `ite_eq_left` instead
warning: ZigLean/Sep/Assert.lean:122:10: `if_neg` has been deprecated: Use `ite_eq_right` instead
warning: ZigLean/Sep/Assert.lean:122:21: `if_neg` has been deprecated: Use `ite_eq_right` instead
warning: ZigLean/Sep/Assert.lean:127:10: `if_pos` has been deprecated: Use `ite_eq_left` instead
warning: ZigLean/Sep/Assert.lean:127:21: `if_pos` has been deprecated: Use `ite_eq_left` instead
warning: ZigLean/Sep/Assert.lean:127:58: `if_pos` has been deprecated: Use `ite_eq_left` instead
warning: ZigLean/Sep/Assert.lean:132:10: `if_neg` has been deprecated: Use `ite_eq_right` instead
warning: ZigLean/Sep/Assert.lean:132:21: `if_neg` has been deprecated: Use `ite_eq_right` instead
⚠ [64/194] Replayed ZigLean.Conc.Lock
warning: ZigLean/Conc/Lock.lean:125:41: `if_neg` has been deprecated: Use `ite_eq_right` instead
warning: ZigLean/Conc/Lock.lean:172:13: `if_neg` has been deprecated: Use `ite_eq_right` instead
warning: ZigLean/Conc/Lock.lean:758:28: `if_neg` has been deprecated: Use `ite_eq_right` instead
warning: ZigLean/Conc/Lock.lean:803:29: `if_pos` has been deprecated: Use `ite_eq_left` instead
warning: ZigLean/Conc/Lock.lean:807:29: `if_neg` has been deprecated: Use `ite_eq_right` instead
warning: ZigLean/Conc/Lock.lean:807:47: `if_pos` has been deprecated: Use `ite_eq_left` instead
warning: ZigLean/Conc/Lock.lean:809:29: `if_pos` has been deprecated: Use `ite_eq_left` instead
warning: ZigLean/Conc/Lock.lean:809:79: `if_neg` has been deprecated: Use `ite_eq_right` instead
warning: ZigLean/Conc/Lock.lean:795:56: Variable name `ht` is not explicitly referenced.

Hint: The binding can be removed (if unused) or named `_` (if used implicitly). Alternatively, prefix the name with `_` to silence this warning:
  [apply] _ht

Note: This linter can be disabled with `set_option linter.unusedVariables false`
warning: ZigLean/Conc/Lock.lean:834:19: This simp argument is unused:
  Array.getElem?_eq_none (Nat.le_refl _)

Hint: Omit it from the simp argument list.
  [apply] simp [joinedB]

Note: This linter can be disabled with `set_option linter.unusedSimpArgs false`
warning: ZigLean/Conc/Lock.lean:856:27: This simp argument is unused:
  Lock.own

Hint: Omit it from the simp argument list.
  [apply] simp [upd, h1, h2]

Note: This linter can be disabled with `set_option linter.unusedSimpArgs false`
warning: ZigLean/Conc/Lock.lean:891:14: This simp argument is unused:
  h1

Hint: Omit it from the simp argument list.
  [apply] simp [h2, hct]

Note: This linter can be disabled with `set_option linter.unusedSimpArgs false`
warning: ZigLean/Conc/Lock.lean:900:19: This simp argument is unused:
  h1

Hint: Omit it from the simp argument list.
  [apply] simp only [h2, hct, ↓reduceIte, h₀h]

Note: This linter can be disabled with `set_option linter.unusedSimpArgs false`
warning: ZigLean/Conc/Lock.lean:906:19: This simp argument is unused:
  h1

Hint: Omit it from the simp argument list.
  [apply] simp only [h2, hct, ↓reduceIte, h₀h]

Note: This linter can be disabled with `set_option linter.unusedSimpArgs false`
warning: ZigLean/Conc/Lock.lean:1004:45: `if_neg` has been deprecated: Use `ite_eq_right` instead
warning: ZigLean/Conc/Lock.lean:1031:46: `if_neg` has been deprecated: Use `ite_eq_right` instead
⚠ [65/194] Replayed ZigLean.Conc.LockRules
warning: ZigLean/Conc/LockRules.lean:275:27: `if_neg` has been deprecated: Use `ite_eq_right` instead
warning: ZigLean/Conc/LockRules.lean:370:48: `if_neg` has been deprecated: Use `ite_eq_right` instead
warning: ZigLean/Conc/LockRules.lean:367:48: This simp argument is unused:
  Array.getElem_setIfInBounds

Hint: Omit it from the simp argument list.
  [apply] simp only [ha, Array.set!_eq_setIfInBounds, ↓reduceIte]

Note: This linter can be disabled with `set_option linter.unusedSimpArgs false`
warning: ZigLean/Conc/LockRules.lean:367:77: This simp argument is unused:
  ↓reduceIte

Hint: Omit it from the simp argument list.
  [apply] simp only [ha, Array.set!_eq_setIfInBounds, Array.getElem_setIfInBounds]

Note: This linter can be disabled with `set_option linter.unusedSimpArgs false`
warning: ZigLean/Conc/LockRules.lean:493:5: Variable name `hwq` is not explicitly referenced.

Hint: The binding can be removed (if unused) or named `_` (if used implicitly). Alternatively, prefix the name with `_` to silence this warning:
  [apply] _hwq

Note: This linter can be disabled with `set_option linter.unusedVariables false`
warning: ZigLean/Conc/LockRules.lean:596:49: `if_neg` has been deprecated: Use `ite_eq_right` instead
warning: ZigLean/Conc/LockRules.lean:665:20: `if_neg` has been deprecated: Use `ite_eq_right` instead
warning: ZigLean/Conc/LockRules.lean:687:12: `if_pos` has been deprecated: Use `ite_eq_left` instead
warning: ZigLean/Conc/LockRules.lean:785:12: `if_pos` has been deprecated: Use `ite_eq_left` instead
warning: ZigLean/Conc/LockRules.lean:818:22: `if_neg` has been deprecated: Use `ite_eq_right` instead
warning: ZigLean/Conc/LockRules.lean:860:12: `if_pos` has been deprecated: Use `ite_eq_left` instead
warning: ZigLean/Conc/LockRules.lean:893:22: `if_neg` has been deprecated: Use `ite_eq_right` instead
warning: ZigLean/Conc/LockRules.lean:970:89: This simp argument is unused:
  acqM

Hint: Omit it from the simp argument list.
  [apply] simp [hc]

Note: This linter can be disabled with `set_option linter.unusedSimpArgs false`
warning: ZigLean/Conc/LockRules.lean:1072:28: `if_neg` has been deprecated: Use `ite_eq_right` instead
warning: ZigLean/Conc/LockRules.lean:1034:78: Variable name `hpg` is not explicitly referenced.

Hint: The binding can be removed (if unused) or named `_` (if used implicitly). Alternatively, prefix the name with `_` to silence this warning:
  [apply] _hpg

Note: This linter can be disabled with `set_option linter.unusedVariables false`
warning: ZigLean/Conc/LockRules.lean:1120:66: `if_neg` has been deprecated: Use `ite_eq_right` instead
warning: ZigLean/Conc/LockRules.lean:1198:45: `if_neg` has been deprecated: Use `ite_eq_right` instead
warning: ZigLean/Conc/LockRules.lean:1208:20: `if_neg` has been deprecated: Use `ite_eq_right` instead
warning: ZigLean/Conc/LockRules.lean:1236:66: `if_neg` has been deprecated: Use `ite_eq_right` instead
warning: ZigLean/Conc/LockRules.lean:1336:63: `if_neg` has been deprecated: Use `ite_eq_right` instead
warning: ZigLean/Conc/LockRules.lean:1372:63: `if_neg` has been deprecated: Use `ite_eq_right` instead
⚠ [66/194] Replayed Proofs.Sync.Lock
warning: Proofs/Sync/Lock.lean:64:15: This simp argument is unused:
  StateT.run_pure

Hint: Omit it from the simp argument list.
  [apply] simp only [pure_bind]

Note: This linter can be disabled with `set_option linter.unusedSimpArgs false`
warning: Proofs/Sync/Lock.lean:64:32: This simp argument is unused:
  pure_bind

Hint: Omit it from the simp argument list.
  [apply] simp only [StateT.run_pure]

Note: This linter can be disabled with `set_option linter.unusedSimpArgs false`
warning: Proofs/Sync/Lock.lean:70:15: This simp argument is unused:
  StateT.run_pure

Hint: Omit it from the simp argument list.
  [apply] simp only [pure_bind]

Note: This linter can be disabled with `set_option linter.unusedSimpArgs false`
warning: Proofs/Sync/Lock.lean:70:32: This simp argument is unused:
  pure_bind

Hint: Omit it from the simp argument list.
  [apply] simp only [StateT.run_pure]

Note: This linter can be disabled with `set_option linter.unusedSimpArgs false`
warning: Proofs/Sync/Lock.lean:72:18: This simp argument is unused:
  pure_bind

Hint: Omit it from the simp argument list.
  [apply] simp only [show (r != Io_Mutex_State.unlocked) = true from hne, ↓reduceIte, StateT.run_bind, bind_assoc]

Note: This linter can be disabled with `set_option linter.unusedSimpArgs false`
warning: Proofs/Sync/Lock.lean:158:52: This simp argument is unused:
  pure_bind

Hint: Omit it from the simp argument list.
  [apply] simp only [mutexS, StateT.run_bind, bind_assoc]

Note: This linter can be disabled with `set_option linter.unusedSimpArgs false`
⚠ [67/194] Replayed ZigLean.Conc.Word
warning: ZigLean/Conc/Word.lean:239:51: Variable name `h1` is not explicitly referenced.

Hint: The binding can be removed (if unused) or named `_` (if used implicitly). Alternatively, prefix the name with `_` to silence this warning:
  [apply] _h1

Note: This linter can be disabled with `set_option linter.unusedVariables false`
warning: ZigLean/Conc/Word.lean:541:75: `if_neg` has been deprecated: Use `ite_eq_right` instead
warning: ZigLean/Conc/Word.lean:696:53: `if_neg` has been deprecated: Use `ite_eq_right` instead
warning: ZigLean/Conc/Word.lean:725:50: `if_neg` has been deprecated: Use `ite_eq_right` instead
warning: ZigLean/Conc/Word.lean:798:46: `if_neg` has been deprecated: Use `ite_eq_right` instead
warning: ZigLean/Conc/Word.lean:722:51: This simp argument is unused:
  Array.getElem_setIfInBounds

Hint: Omit it from the simp argument list.
  [apply] simp only [hMa, Array.set!_eq_setIfInBounds, ↓reduceIte]

Note: This linter can be disabled with `set_option linter.unusedSimpArgs false`
warning: ZigLean/Conc/Word.lean:722:80: This simp argument is unused:
  ↓reduceIte

Hint: Omit it from the simp argument list.
  [apply] simp only [hMa, Array.set!_eq_setIfInBounds, Array.getElem_setIfInBounds]

Note: This linter can be disabled with `set_option linter.unusedSimpArgs false`
warning: ZigLean/Conc/Word.lean:723:12: This simp argument is unused:
  l'

Hint: Omit it from the simp argument list.
  [apply] simp [hlb, hlo]

Note: This linter can be disabled with `set_option linter.unusedSimpArgs false`
warning: ZigLean/Conc/Word.lean:849:61: `if_neg` has been deprecated: Use `ite_eq_right` instead
⚠ [70/194] Replayed Proofs.Sync.Semaphore
warning: Proofs/Sync/Semaphore.lean:1487:8: `if_pos` has been deprecated: Use `ite_eq_left` instead
warning: Proofs/Sync/Semaphore.lean:1547:8: `if_neg` has been deprecated: Use `ite_eq_right` instead
warning: Proofs/Sync/Semaphore.lean:2329:8: `if_pos` has been deprecated: Use `ite_eq_left` instead
warning: Proofs/Sync/Semaphore.lean:2389:8: `if_neg` has been deprecated: Use `ite_eq_right` instead
⚠ [74/194] Replayed Proofs.Sync.Mailbox
warning: Proofs/Sync/Mailbox.lean:138:53: `if_neg` has been deprecated: Use `ite_eq_right` instead
warning: Proofs/Sync/Mailbox.lean:138:53: `if_neg` has been deprecated: Use `ite_eq_right` instead
warning: Proofs/Sync/Mailbox.lean:1055:43: `if_neg` has been deprecated: Use `ite_eq_right` instead
⚠ [75/194] Replayed Proofs.Sync.Handoff
warning: Proofs/Sync/Handoff.lean:379:6: `if_neg` has been deprecated: Use `ite_eq_right` instead
warning: Proofs/Sync/Handoff.lean:380:4: `if_neg` has been deprecated: Use `ite_eq_right` instead
warning: Proofs/Sync/Handoff.lean:912:6: `if_neg` has been deprecated: Use `ite_eq_right` instead
warning: Proofs/Sync/Handoff.lean:913:4: `if_pos` has been deprecated: Use `ite_eq_left` instead
warning: Proofs/Sync/Handoff.lean:1289:20: This simp argument is unused:
  gP

Hint: Omit it from the simp argument list.
  [apply] simp [sN, Ph.post]

Note: This linter can be disabled with `set_option linter.unusedSimpArgs false`
warning: Proofs/Sync/Handoff.lean:1289:48: This simp argument is unused:
  gP

Hint: Omit it from the simp argument list.
  [apply] simp [vL]

Note: This linter can be disabled with `set_option linter.unusedSimpArgs false`
warning: Proofs/Sync/Handoff.lean:1424:19: This simp argument is unused:
  gH

Hint: Omit it from the simp argument list.
  [apply] simp at h

Note: This linter can be disabled with `set_option linter.unusedSimpArgs false`
warning: Proofs/Sync/Handoff.lean:1908:8: `if_pos` has been deprecated: Use `ite_eq_left` instead
warning: Proofs/Sync/Handoff.lean:1968:8: `if_neg` has been deprecated: Use `ite_eq_right` instead
warning: Proofs/Sync/Handoff.lean:2062:57: Variable name `hc` is not explicitly referenced.

Hint: The binding can be removed (if unused) or named `_` (if used implicitly). Alternatively, prefix the name with `_` to silence this warning:
  [apply] _hc

Note: This linter can be disabled with `set_option linter.unusedVariables false`
warning: Proofs/Sync/Handoff.lean:1952:34: This simp argument is unused:
  StateT.run_modify

Hint: Omit it from the simp argument list.
  [apply] simp only [StateT.run_pure]

Note: This linter can be disabled with `set_option linter.unusedSimpArgs false`
warning: Proofs/Sync/Handoff.lean:2109:58: This simp argument is unused:
  gP

Hint: Omit it from the simp argument list.
  [apply] simp [sN, Ph.post]

Note: This linter can be disabled with `set_option linter.unusedSimpArgs false`
warning: Proofs/Sync/Handoff.lean:2109:86: This simp argument is unused:
  gP

Hint: Omit it from the simp argument list.
  [apply] simp [vL]

Note: This linter can be disabled with `set_option linter.unusedSimpArgs false`
warning: Proofs/Sync/Handoff.lean:2217:23: try 'simp' instead of 'simpa'

Note: This linter can be disabled with `set_option linter.unnecessarySimpa false`
warning: Proofs/Sync/Handoff.lean:2208:23: This simp argument is unused:
  gP

Hint: Omit it from the simp argument list.
  [apply] simp [vL, hv1, hs1]

Note: This linter can be disabled with `set_option linter.unusedSimpArgs false`
warning: Proofs/Sync/Handoff.lean:2252:25: try 'simp' instead of 'simpa'

Note: This linter can be disabled with `set_option linter.unnecessarySimpa false`
warning: Proofs/Sync/Handoff.lean:2252:25: try 'simp' instead of 'simpa'

Note: This linter can be disabled with `set_option linter.unnecessarySimpa false`
warning: Proofs/Sync/Handoff.lean:2254:21: try 'simp' instead of 'simpa'

Note: This linter can be disabled with `set_option linter.unnecessarySimpa false`
warning: Proofs/Sync/Handoff.lean:2294:13: This simp argument is unused:
  StateT.run_bind

Hint: Omit it from the simp argument list.
  [apply] simp only

Note: This linter can be disabled with `set_option linter.unusedSimpArgs false`
warning: Proofs/Sync/Handoff.lean:2339:63: Variable name `hc` is not explicitly referenced.

Hint: The binding can be removed (if unused) or named `_` (if used implicitly). Alternatively, prefix the name with `_` to silence this warning:
  [apply] _hc

Note: This linter can be disabled with `set_option linter.unusedVariables false`
warning: Proofs/Sync/Handoff.lean:2356:35: This simp argument is unused:
  Bool.false_eq_true

Hint: Omit it from the simp argument list.
  [apply] simp only [Option.isSome_none, ↓reduceIte, StateT.run_pure]

Note: This linter can be disabled with `set_option linter.unusedSimpArgs false`
warning: Proofs/Sync/Handoff.lean:2356:55: This simp argument is unused:
  ↓reduceIte

Hint: Omit it from the simp argument list.
  [apply] simp only [Option.isSome_none, Bool.false_eq_true, StateT.run_pure]

Note: This linter can be disabled with `set_option linter.unusedSimpArgs false`
warning: Proofs/Sync/Handoff.lean:2380:15: This simp argument is unused:
  Option.isSome_some

Hint: Omit it from the simp argument list.
  [apply] simp only [↓reduceIte]

Note: This linter can be disabled with `set_option linter.unusedSimpArgs false`
warning: Proofs/Sync/Handoff.lean:2380:35: This simp argument is unused:
  ↓reduceIte

Hint: Omit it from the simp argument list.
  [apply] simp only [Option.isSome_some]

Note: This linter can be disabled with `set_option linter.unusedSimpArgs false`
warning: Proofs/Sync/Handoff.lean:2804:22: `if_pos` has been deprecated: Use `ite_eq_left` instead
warning: Proofs/Sync/Handoff.lean:2938:8: `if_pos` has been deprecated: Use `ite_eq_left` instead
warning: Proofs/Sync/Handoff.lean:2991:8: `if_neg` has been deprecated: Use `ite_eq_right` instead
warning: Proofs/Sync/Handoff.lean:2999:54: Variable name `hc` is not explicitly referenced.

Hint: The binding can be removed (if unused) or named `_` (if used implicitly). Alternatively, prefix the name with `_` to silence this warning:
  [apply] _hc

Note: This linter can be disabled with `set_option linter.unusedVariables false`
warning: Proofs/Sync/Handoff.lean:3074:22: `if_pos` has been deprecated: Use `ite_eq_left` instead
warning: Proofs/Sync/Handoff.lean:3176:63: Variable name `hc` is not explicitly referenced.

Hint: The binding can be removed (if unused) or named `_` (if used implicitly). Alternatively, prefix the name with `_` to silence this warning:
  [apply] _hc

Note: This linter can be disabled with `set_option linter.unusedVariables false`
warning: Proofs/Sync/Handoff.lean:3214:41: This simp argument is unused:
  bind_assoc

Hint: Omit it from the simp argument list.
  [apply] simp only [StateT.run_bind, pure_bind]

Note: This linter can be disabled with `set_option linter.unusedSimpArgs false`
warning: Proofs/Sync/Handoff.lean:3279:55: Variable name `hx` is not explicitly referenced.

Hint: The binding can be removed (if unused) or named `_` (if used implicitly). Alternatively, prefix the name with `_` to silence this warning:
  [apply] _hx

Note: This linter can be disabled with `set_option linter.unusedVariables false`
warning: Proofs/Sync/Handoff.lean:3575:41: `if_neg` has been deprecated: Use `ite_eq_right` instead
warning: Proofs/Sync/Handoff.lean:3618:39: try 'simp' instead of 'simpa'

Note: This linter can be disabled with `set_option linter.unnecessarySimpa false`
warning: Proofs/Sync/Handoff.lean:3628:24: try 'simp' instead of 'simpa'

Note: This linter can be disabled with `set_option linter.unnecessarySimpa false`
warning: Proofs/Sync/Handoff.lean:3636:6: `if_pos` has been deprecated: Use `ite_eq_left` instead
warning: Proofs/Sync/Handoff.lean:3737:13: This simp argument is unused:
  StateT.run_bind

Hint: Omit it from the simp argument list.
  [apply] simp only

Note: This linter can be disabled with `set_option linter.unusedSimpArgs false`
⚠ [76/194] Replayed Proofs.Sync.RwLockSnapshotPair
warning: Proofs/Sync/RwLockSnapshotPair.lean:111:30: This simp argument is unused:
  pure_bind

Hint: Omit it from the simp argument list.
  [apply] simp only [StateT.run_bind]

Note: This linter can be disabled with `set_option linter.unusedSimpArgs false`
warning: Proofs/Sync/RwLockSnapshotPair.lean:120:13: This simp argument is unused:
  StateT.run_bind

Hint: Omit it from the simp argument list.
  [apply] simp only [pure_bind]

Note: This linter can be disabled with `set_option linter.unusedSimpArgs false`
warning: Proofs/Sync/RwLockSnapshotPair.lean:120:30: This simp argument is unused:
  pure_bind

Hint: Omit it from the simp argument list.
  [apply] simp only [StateT.run_bind]

Note: This linter can be disabled with `set_option linter.unusedSimpArgs false`
warning: Proofs/Sync/RwLockSnapshotPair.lean:123:13: This simp argument is unused:
  StateT.run_bind

Hint: Omit it from the simp argument list.
  [apply] simp only [pure_bind]

Note: This linter can be disabled with `set_option linter.unusedSimpArgs false`
warning: Proofs/Sync/RwLockSnapshotPair.lean:123:30: This simp argument is unused:
  pure_bind

Hint: Omit it from the simp argument list.
  [apply] simp only [StateT.run_bind]

Note: This linter can be disabled with `set_option linter.unusedSimpArgs false`
warning: Proofs/Sync/RwLockSnapshotPair.lean:156:44: This simp argument is unused:
  QPair

Hint: Omit it from the simp argument list.
  [apply] simp_all

Note: This linter can be disabled with `set_option linter.unusedSimpArgs false`
⚠ [77/194] Replayed Proofs.Sync.SnapshotCache
warning: Proofs/Sync/SnapshotCache.lean:700:43: `if_neg` has been deprecated: Use `ite_eq_right` instead
⚠ [79/194] Replayed Proofs.Sync.SemCounter
warning: Proofs/Sync/SemCounter.lean:73:10: `if_neg` has been deprecated: Use `ite_eq_right` instead
warning: Proofs/Sync/SemCounter.lean:1277:43: `if_neg` has been deprecated: Use `ite_eq_right` instead
⚠ [80/194] Replayed Proofs.Sync.Mutex
warning: Proofs/Sync/Mutex.lean:188:10: `if_neg` has been deprecated: Use `ite_eq_right` instead
warning: Proofs/Sync/Mutex.lean:775:43: `if_neg` has been deprecated: Use `ite_eq_right` instead
warning: Proofs/Sync/Mutex.lean:736:13: This simp argument is unused:
  StateT.run_bind

Hint: Omit it from the simp argument list.
  [apply] simp only

Note: This linter can be disabled with `set_option linter.unusedSimpArgs false`
warning: Proofs/Sync/Mutex.lean:833:71: This simp argument is unused:
  show (0 : Nat) = 0 from rfl

Hint: Omit it from the simp argument list.
  [apply] simp only [true_and, show 0 < m₈.clocks.size by omega, ↓reduceIte]

Note: This linter can be disabled with `set_option linter.unusedSimpArgs false`
⚠ [90/194] Replayed ZigLean.Sep.SentinelRealloc
warning: ZigLean/Sep/SentinelRealloc.lean:41:8: `if_pos` has been deprecated: Use `ite_eq_left` instead
warning: ZigLean/Sep/SentinelRealloc.lean:41:19: `if_pos` has been deprecated: Use `ite_eq_left` instead
warning: ZigLean/Sep/SentinelRealloc.lean:42:8: `if_neg` has been deprecated: Use `ite_eq_right` instead
warning: ZigLean/Sep/SentinelRealloc.lean:42:19: `if_neg` has been deprecated: Use `ite_eq_right` instead
warning: ZigLean/Sep/SentinelRealloc.lean:147:10: `if_pos` has been deprecated: Use `ite_eq_left` instead
warning: ZigLean/Sep/SentinelRealloc.lean:155:10: `if_neg` has been deprecated: Use `ite_eq_right` instead
warning: ZigLean/Sep/SentinelRealloc.lean:295:4: `if_neg` has been deprecated: Use `ite_eq_right` instead
warning: ZigLean/Sep/SentinelRealloc.lean:303:4: `if_neg` has been deprecated: Use `ite_eq_right` instead
⚠ [106/194] Replayed Proofs.Iogroup.Counter
warning: Proofs/Iogroup/Counter.lean:230:15: This simp argument is unused:
  StateT.run_pure

Hint: Omit it from the simp argument list.
  [apply] simp only [pure_bind]

Note: This linter can be disabled with `set_option linter.unusedSimpArgs false`
warning: Proofs/Iogroup/Counter.lean:230:32: This simp argument is unused:
  pure_bind

Hint: Omit it from the simp argument list.
  [apply] simp only [StateT.run_pure]

Note: This linter can be disabled with `set_option linter.unusedSimpArgs false`
warning: Proofs/Iogroup/Counter.lean:235:15: This simp argument is unused:
  StateT.run_pure

Hint: Omit it from the simp argument list.
  [apply] simp only [pure_bind]

Note: This linter can be disabled with `set_option linter.unusedSimpArgs false`
warning: Proofs/Iogroup/Counter.lean:235:32: This simp argument is unused:
  pure_bind

Hint: Omit it from the simp argument list.
  [apply] simp only [StateT.run_pure]

Note: This linter can be disabled with `set_option linter.unusedSimpArgs false`
warning: Proofs/Iogroup/Counter.lean:237:18: This simp argument is unused:
  pure_bind

Hint: Omit it from the simp argument list.
  [apply] simp only [show (r != Io_Mutex_State.unlocked) = true from hne, ↓reduceIte, StateT.run_bind, bind_assoc]

Note: This linter can be disabled with `set_option linter.unusedSimpArgs false`
warning: Proofs/Iogroup/Counter.lean:318:47: This simp argument is unused:
  pure_bind

Hint: Omit it from the simp argument list.
  [apply] simp only [S, StateT.run_bind, bind_assoc]

Note: This linter can be disabled with `set_option linter.unusedSimpArgs false`
warning: Proofs/Iogroup/Counter.lean:403:10: `if_neg` has been deprecated: Use `ite_eq_right` instead
warning: Proofs/Iogroup/Counter.lean:518:35: `if_neg` has been deprecated: Use `ite_eq_right` instead
warning: Proofs/Iogroup/Counter.lean:663:30: This simp argument is unused:
  pure_bind

Hint: Omit it from the simp argument list.
  [apply] simp only [StateT.run_pure]

Note: This linter can be disabled with `set_option linter.unusedSimpArgs false`
warning: Proofs/Iogroup/Counter.lean:808:12: This simp argument is unused:
  hu

Hint: Omit it from the simp argument list.
  [apply] simp [Array.getElem?_eq_none this]

Note: This linter can be disabled with `set_option linter.unusedSimpArgs false`
warning: Proofs/Iogroup/Counter.lean:913:41: `if_neg` has been deprecated: Use `ite_eq_right` instead
warning: Proofs/Iogroup/Counter.lean:923:10: `if_neg` has been deprecated: Use `ite_eq_right` instead
warning: Proofs/Iogroup/Counter.lean:923:43: `if_neg` has been deprecated: Use `ite_eq_right` instead
warning: Proofs/Iogroup/Counter.lean:923:55: `if_neg` has been deprecated: Use `ite_eq_right` instead
warning: Proofs/Iogroup/Counter.lean:927:14: `if_neg` has been deprecated: Use `ite_eq_right` instead
warning: Proofs/Iogroup/Counter.lean:927:55: `if_neg` has been deprecated: Use `ite_eq_right` instead
warning: Proofs/Iogroup/Counter.lean:933:10: `if_neg` has been deprecated: Use `ite_eq_right` instead
warning: Proofs/Iogroup/Counter.lean:952:13: `if_neg` has been deprecated: Use `ite_eq_right` instead
warning: Proofs/Iogroup/Counter.lean:921:12: This simp argument is unused:
  hne

Hint: Omit it from the simp argument list.
  [apply] simp

Note: This linter can be disabled with `set_option linter.unusedSimpArgs false`
warning: Proofs/Iogroup/Counter.lean:1043:33: `if_neg` has been deprecated: Use `ite_eq_right` instead
warning: Proofs/Iogroup/Counter.lean:1061:72: `if_neg` has been deprecated: Use `ite_eq_right` instead
warning: Proofs/Iogroup/Counter.lean:1071:74: `if_pos` has been deprecated: Use `ite_eq_left` instead
warning: Proofs/Iogroup/Counter.lean:1072:8: `if_pos` has been deprecated: Use `ite_eq_left` instead
warning: Proofs/Iogroup/Counter.lean:1074:74: `if_neg` has been deprecated: Use `ite_eq_right` instead
warning: Proofs/Iogroup/Counter.lean:1082:10: `if_neg` has been deprecated: Use `ite_eq_right` instead
warning: Proofs/Iogroup/Counter.lean:1098:28: `if_neg` has been deprecated: Use `ite_eq_right` instead
warning: Proofs/Iogroup/Counter.lean:1103:10: `if_neg` has been deprecated: Use `ite_eq_right` instead
warning: Proofs/Iogroup/Counter.lean:1131:44: This simp argument is unused:
  pure_bind

Hint: Omit it from the simp argument list.
  [apply] simp only [StateT.run_bind, bind_assoc]

Note: This linter can be disabled with `set_option linter.unusedSimpArgs false`
warning: Proofs/Iogroup/Counter.lean:1139:34: This simp argument is unused:
  StateT.run_pure

Hint: Omit it from the simp argument list.
  [apply] simp only [StateT.run_modify, pure_bind]

Note: This linter can be disabled with `set_option linter.unusedSimpArgs false`
warning: Proofs/Iogroup/Counter.lean:1311:13: This simp argument is unused:
  StateT.run_bind

Hint: Omit it from the simp argument list.
  [apply] simp only [StateT.run_get, pure_bind]

Note: This linter can be disabled with `set_option linter.unusedSimpArgs false`
warning: Proofs/Iogroup/Counter.lean:1311:30: This simp argument is unused:
  StateT.run_get

Hint: Omit it from the simp argument list.
  [apply] simp only [StateT.run_bind, pure_bind]

Note: This linter can be disabled with `set_option linter.unusedSimpArgs false`
warning: Proofs/Iogroup/Counter.lean:1311:46: This simp argument is unused:
  pure_bind

Hint: Omit it from the simp argument list.
  [apply] simp only [StateT.run_bind, StateT.run_get]

Note: This linter can be disabled with `set_option linter.unusedSimpArgs false`
warning: Proofs/Iogroup/Counter.lean:1350:13: This simp argument is unused:
  Array.toList

Hint: Omit it from the simp argument list.
  [apply] simp only [List.forIn_cons, List.forIn_nil, StateT.run_bind, bind_assoc]

Note: This linter can be disabled with `set_option linter.unusedSimpArgs false`
warning: Proofs/Iogroup/Counter.lean:1354:13: This simp argument is unused:
  StateT.run_pure

Hint: Omit it from the simp argument list.
  [apply] simp only [pure_bind, StateT.run_bind, bind_assoc]

Note: This linter can be disabled with `set_option linter.unusedSimpArgs false`
warning: Proofs/Iogroup/Counter.lean:1354:30: This simp argument is unused:
  pure_bind

Hint: Omit it from the simp argument list.
  [apply] simp only [StateT.run_pure, StateT.run_bind, bind_assoc]

Note: This linter can be disabled with `set_option linter.unusedSimpArgs false`
warning: Proofs/Iogroup/Counter.lean:1354:41: This simp argument is unused:
  StateT.run_bind

Hint: Omit it from the simp argument list.
  [apply] simp only [StateT.run_pure, pure_bind, bind_assoc]

Note: This linter can be disabled with `set_option linter.unusedSimpArgs false`
warning: Proofs/Iogroup/Counter.lean:1354:58: This simp argument is unused:
  bind_assoc

Hint: Omit it from the simp argument list.
  [apply] simp only [StateT.run_pure, pure_bind, StateT.run_bind]

Note: This linter can be disabled with `set_option linter.unusedSimpArgs false`
warning: Proofs/Iogroup/Counter.lean:1356:13: This simp argument is unused:
  StateT.run_pure

Hint: Omit it from the simp argument list.
  [apply] simp only [pure_bind]

Note: This linter can be disabled with `set_option linter.unusedSimpArgs false`
warning: Proofs/Iogroup/Counter.lean:1356:30: This simp argument is unused:
  pure_bind

Hint: Omit it from the simp argument list.
  [apply] simp only [StateT.run_pure]

Note: This linter can be disabled with `set_option linter.unusedSimpArgs false`
⚠ [110/194] Replayed Proofs.Floatops.Proofs
warning: Proofs/Floatops/Proofs.lean:509:19: This simp argument is unused:
  hd.2

Hint: Omit it from the simp argument list.
  [apply] simp only [hd.1]

Note: This linter can be disabled with `set_option linter.unusedSimpArgs false`
⚠ [114/194] Replayed Proofs.Vectors.Proofs
warning: Proofs/Vectors/Proofs.lean:307:8: `if_pos` has been deprecated: Use `ite_eq_left` instead
warning: Proofs/Vectors/Proofs.lean:310:8: `if_neg` has been deprecated: Use `ite_eq_right` instead
⚠ [117/194] Replayed Proofs.Threads.Proofs
warning: Proofs/Threads/Proofs.lean:53:23: This simp argument is unused:
  Bool.false_eq_true

Hint: Omit it from the simp argument list.
  [apply] simp only [readOpts, ↓reduceIte, Bool.not_false, Bool.true_or, hf]

Note: This linter can be disabled with `set_option linter.unusedSimpArgs false`
warning: Proofs/Threads/Proofs.lean:53:43: This simp argument is unused:
  ↓reduceIte

Hint: Omit it from the simp argument list.
  [apply] simp only [readOpts, Bool.false_eq_true, Bool.not_false, Bool.true_or, hf]

Note: This linter can be disabled with `set_option linter.unusedSimpArgs false`
⚠ [118/194] Replayed Proofs.Threads.Disjoint
warning: Proofs/Threads/Disjoint.lean:482:55: `if_pos` has been deprecated: Use `ite_eq_left` instead
warning: Proofs/Threads/Disjoint.lean:485:38: `if_neg` has been deprecated: Use `ite_eq_right` instead
warning: Proofs/Threads/Disjoint.lean:526:55: `if_neg` has been deprecated: Use `ite_eq_right` instead
warning: Proofs/Threads/Disjoint.lean:527:55: `if_pos` has been deprecated: Use `ite_eq_left` instead
warning: Proofs/Threads/Disjoint.lean:532:38: `if_neg` has been deprecated: Use `ite_eq_right` instead
⚠ [119/194] Replayed Proofs.Threads.Counter
warning: Proofs/Threads/Counter.lean:430:17: This simp argument is unused:
  Proto.observeM

Hint: Omit it from the simp argument list.
  [apply] simp only [Proto.rmwMsg]

Note: This linter can be disabled with `set_option linter.unusedSimpArgs false`
warning: Proofs/Threads/Counter.lean:1871:34: This simp argument is unused:
  StateT.run_pure

Hint: Omit it from the simp argument list.
  [apply] simp only [StateT.run_modify, pure_bind, StateT.run_bind]

Note: This linter can be disabled with `set_option linter.unusedSimpArgs false`
warning: Proofs/Threads/Counter.lean:1871:62: This simp argument is unused:
  StateT.run_bind

Hint: Omit it from the simp argument list.
  [apply] simp only [StateT.run_modify, StateT.run_pure, pure_bind]

Note: This linter can be disabled with `set_option linter.unusedSimpArgs false`
warning: Proofs/Threads/Counter.lean:1875:15: This simp argument is unused:
  StateT.run_modify

Hint: Omit it from the simp argument list.
  [apply] simp only [pure_bind]

Note: This linter can be disabled with `set_option linter.unusedSimpArgs false`
warning: Proofs/Threads/Counter.lean:1875:34: This simp argument is unused:
  pure_bind

Hint: Omit it from the simp argument list.
  [apply] simp only [StateT.run_modify]

Note: This linter can be disabled with `set_option linter.unusedSimpArgs false`
⚠ [128/194] Replayed Proofs.Threadsync.Gen
warning: Proofs/Threadsync/Gen.lean:352:10: Variable name `i12` is not explicitly referenced.

Hint: The binding can be removed (if unused) or named `_` (if used implicitly). Alternatively, prefix the name with `_` to silence this warning:
  [apply] _i12

Note: This linter can be disabled with `set_option linter.unusedVariables false`
warning: Proofs/Threadsync/Gen.lean:363:14: Variable name `v14` is not explicitly referenced.

Hint: The binding can be removed (if unused) or named `_` (if used implicitly). Alternatively, prefix the name with `_` to silence this warning:
  [apply] _v14

Note: This linter can be disabled with `set_option linter.unusedVariables false`
⚠ [129/194] Replayed Proofs.Threadsync.Lock
warning: Proofs/Threadsync/Lock.lean:92:13: This simp argument is unused:
  StateT.run_pure

Hint: Omit it from the simp argument list.
  [apply] simp only [pure_bind]

Note: This linter can be disabled with `set_option linter.unusedSimpArgs false`
warning: Proofs/Threadsync/Lock.lean:92:30: This simp argument is unused:
  pure_bind

Hint: Omit it from the simp argument list.
  [apply] simp only [StateT.run_pure]

Note: This linter can be disabled with `set_option linter.unusedSimpArgs false`
warning: Proofs/Threadsync/Lock.lean:129:15: This simp argument is unused:
  StateT.run_pure

Hint: Omit it from the simp argument list.
  [apply] simp only [pure_bind]

Note: This linter can be disabled with `set_option linter.unusedSimpArgs false`
warning: Proofs/Threadsync/Lock.lean:129:32: This simp argument is unused:
  pure_bind

Hint: Omit it from the simp argument list.
  [apply] simp only [StateT.run_pure]

Note: This linter can be disabled with `set_option linter.unusedSimpArgs false`
warning: Proofs/Threadsync/Lock.lean:131:15: This simp argument is unused:
  threadMutexS

Hint: Omit it from the simp argument list.
  [apply] simp only [bne_self_eq_false, Bool.false_eq_true, ↓reduceIte, Thread_Mutex_FutexImpl_lockSlow.again16]

Note: This linter can be disabled with `set_option linter.unusedSimpArgs false`
warning: Proofs/Threadsync/Lock.lean:131:29: This simp argument is unused:
  bne_self_eq_false

Hint: Omit it from the simp argument list.
  [apply] simp only [threadMutexS, Bool.false_eq_true, ↓reduceIte, Thread_Mutex_FutexImpl_lockSlow.again16]

Note: This linter can be disabled with `set_option linter.unusedSimpArgs false`
warning: Proofs/Threadsync/Lock.lean:136:15: This simp argument is unused:
  StateT.run_pure

Hint: Omit it from the simp argument list.
  [apply] simp only [pure_bind]

Note: This linter can be disabled with `set_option linter.unusedSimpArgs false`
warning: Proofs/Threadsync/Lock.lean:136:32: This simp argument is unused:
  pure_bind

Hint: Omit it from the simp argument list.
  [apply] simp only [StateT.run_pure]

Note: This linter can be disabled with `set_option linter.unusedSimpArgs false`
warning: Proofs/Threadsync/Lock.lean:137:61: This simp argument is unused:
  pure_bind

Hint: Omit it from the simp argument list.
  [apply] simp only [hne, ↓reduceIte, StateT.run_bind, bind_assoc]

Note: This linter can be disabled with `set_option linter.unusedSimpArgs false`
warning: Proofs/Threadsync/Lock.lean:186:13: This simp argument is unused:
  StateT.run_pure

Hint: Omit it from the simp argument list.
  [apply] simp only [pure_bind]

Note: This linter can be disabled with `set_option linter.unusedSimpArgs false`
warning: Proofs/Threadsync/Lock.lean:186:30: This simp argument is unused:
  pure_bind

Hint: Omit it from the simp argument list.
  [apply] simp only [StateT.run_pure]

Note: This linter can be disabled with `set_option linter.unusedSimpArgs false`
warning: Proofs/Threadsync/Lock.lean:188:60: This simp argument is unused:
  pure_bind

Hint: Omit it from the simp argument list.
  [apply] simp only [hv, ↓reduceIte, StateT.run_bind, bind_assoc]

Note: This linter can be disabled with `set_option linter.unusedSimpArgs false`
warning: Proofs/Threadsync/Lock.lean:216:72: This simp argument is unused:
  pure_bind

Hint: Omit it from the simp argument list.
  [apply] simp only [Bool.not_false, ↓reduceIte, StateT.run_bind, bind_assoc]

Note: This linter can be disabled with `set_option linter.unusedSimpArgs false`
warning: Proofs/Threadsync/Lock.lean:255:15: This simp argument is unused:
  StateT.run_pure

Hint: Omit it from the simp argument list.
  [apply] simp only [pure_bind]

Note: This linter can be disabled with `set_option linter.unusedSimpArgs false`
warning: Proofs/Threadsync/Lock.lean:255:32: This simp argument is unused:
  pure_bind

Hint: Omit it from the simp argument list.
  [apply] simp only [StateT.run_pure]

Note: This linter can be disabled with `set_option linter.unusedSimpArgs false`
warning: Proofs/Threadsync/Lock.lean:260:15: This simp argument is unused:
  StateT.run_pure

Hint: Omit it from the simp argument list.
  [apply] simp only [pure_bind]

Note: This linter can be disabled with `set_option linter.unusedSimpArgs false`
warning: Proofs/Threadsync/Lock.lean:260:32: This simp argument is unused:
  pure_bind

Hint: Omit it from the simp argument list.
  [apply] simp only [StateT.run_pure]

Note: This linter can be disabled with `set_option linter.unusedSimpArgs false`
warning: Proofs/Threadsync/Lock.lean:263:18: This simp argument is unused:
  pure_bind

Hint: Omit it from the simp argument list.
  [apply] simp only [show (threadMutexS.two == 3) = true by decide, ↓reduceIte, StateT.run_bind, bind_assoc]

Note: This linter can be disabled with `set_option linter.unusedSimpArgs false`
⚠ [131/194] Replayed Proofs.Threadsync.WaitGroup
warning: Proofs/Threadsync/WaitGroup.lean:391:10: `if_neg` has been deprecated: Use `ite_eq_right` instead
warning: Proofs/Threadsync/WaitGroup.lean:692:35: Variable name `hlg` is not explicitly referenced.

Hint: The binding can be removed (if unused) or named `_` (if used implicitly). Alternatively, prefix the name with `_` to silence this warning:
  [apply] _hlg

Note: This linter can be disabled with `set_option linter.unusedVariables false`
warning: Proofs/Threadsync/WaitGroup.lean:1306:23: `if_pos` has been deprecated: Use `ite_eq_left` instead
warning: Proofs/Threadsync/WaitGroup.lean:1535:15: `if_pos` has been deprecated: Use `ite_eq_left` instead
warning: Proofs/Threadsync/WaitGroup.lean:1524:30: This simp argument is unused:
  pure_bind

Hint: Omit it from the simp argument list.
  [apply] simp only [StateT.run_bind, bind_assoc]

Note: This linter can be disabled with `set_option linter.unusedSimpArgs false`
warning: Proofs/Threadsync/WaitGroup.lean:1524:41: This simp argument is unused:
  bind_assoc

Hint: Omit it from the simp argument list.
  [apply] simp only [StateT.run_bind, pure_bind]

Note: This linter can be disabled with `set_option linter.unusedSimpArgs false`
warning: Proofs/Threadsync/WaitGroup.lean:1528:13: This simp argument is unused:
  StateT.run_pure

Hint: Omit it from the simp argument list.
  [apply] simp only [pure_bind]

Note: This linter can be disabled with `set_option linter.unusedSimpArgs false`
warning: Proofs/Threadsync/WaitGroup.lean:1528:30: This simp argument is unused:
  pure_bind

Hint: Omit it from the simp argument list.
  [apply] simp only [StateT.run_pure]

Note: This linter can be disabled with `set_option linter.unusedSimpArgs false`
warning: Proofs/Threadsync/WaitGroup.lean:1532:6: This simp argument is unused:
  pure_bind

Hint: Omit it from the simp argument list.
  [apply] simp only [show ((1 : BitVec 32) == 1) = true from rfl, ↓reduceIte, StateT.run_bind, bind_assoc]

Note: This linter can be disabled with `set_option linter.unusedSimpArgs false`
warning: Proofs/Threadsync/WaitGroup.lean:1535:15: This simp argument is unused:
  if_pos rfl

Hint: Omit it from the simp argument list.
  [apply] simp only at hg₃

Note: This linter can be disabled with `set_option linter.unusedSimpArgs false`
warning: Proofs/Threadsync/WaitGroup.lean:1580:13: This simp argument is unused:
  StateT.run_pure

Hint: Omit it from the simp argument list.
  [apply] simp only [pure_bind]

Note: This linter can be disabled with `set_option linter.unusedSimpArgs false`
warning: Proofs/Threadsync/WaitGroup.lean:1580:30: This simp argument is unused:
  pure_bind

Hint: Omit it from the simp argument list.
  [apply] simp only [StateT.run_pure]

Note: This linter can be disabled with `set_option linter.unusedSimpArgs false`
warning: Proofs/Threadsync/WaitGroup.lean:1582:13: This simp argument is unused:
  StateT.run_pure

Hint: Omit it from the simp argument list.
  [apply] simp only [pure_bind, hgt]

Note: This linter can be disabled with `set_option linter.unusedSimpArgs false`
warning: Proofs/Threadsync/WaitGroup.lean:1582:30: This simp argument is unused:
  pure_bind

Hint: Omit it from the simp argument list.
  [apply] simp only [StateT.run_pure, hgt]

Note: This linter can be disabled with `set_option linter.unusedSimpArgs false`
warning: Proofs/Threadsync/WaitGroup.lean:1584:13: This simp argument is unused:
  StateT.run_pure

Hint: Omit it from the simp argument list.
  [apply] simp only [pure_bind]

Note: This linter can be disabled with `set_option linter.unusedSimpArgs false`
warning: Proofs/Threadsync/WaitGroup.lean:1584:30: This simp argument is unused:
  pure_bind

Hint: Omit it from the simp argument list.
  [apply] simp only [StateT.run_pure]

Note: This linter can be disabled with `set_option linter.unusedSimpArgs false`
warning: Proofs/Threadsync/WaitGroup.lean:1588:18: This simp argument is unused:
  pure_bind

Hint: Omit it from the simp argument list.
  [apply] simp only [show (BitVec.ofNat 64 3 == 3) = true from rfl, ↓reduceIte, StateT.run_bind, bind_assoc]

Note: This linter can be disabled with `set_option linter.unusedSimpArgs false`
warning: Proofs/Threadsync/WaitGroup.lean:1621:43: Variable name `hc` is not explicitly referenced.

Hint: The binding can be removed (if unused) or named `_` (if used implicitly). Alternatively, prefix the name with `_` to silence this warning:
  [apply] _hc

Note: This linter can be disabled with `set_option linter.unusedVariables false`
warning: Proofs/Threadsync/WaitGroup.lean:1628:41: This simp argument is unused:
  bind_assoc

Hint: Omit it from the simp argument list.
  [apply] simp only [StateT.run_bind, pure_bind]

Note: This linter can be disabled with `set_option linter.unusedSimpArgs false`
warning: Proofs/Threadsync/WaitGroup.lean:1658:30: This simp argument is unused:
  pure_bind

Hint: Omit it from the simp argument list.
  [apply] simp only [StateT.run_pure]

Note: This linter can be disabled with `set_option linter.unusedSimpArgs false`
warning: Proofs/Threadsync/WaitGroup.lean:2071:52: `if_neg` has been deprecated: Use `ite_eq_right` instead
warning: Proofs/Threadsync/WaitGroup.lean:2088:47: `if_neg` has been deprecated: Use `ite_eq_right` instead
warning: Proofs/Threadsync/WaitGroup.lean:2088:77: This simp argument is unused:
  hG0

Hint: Omit it from the simp argument list.
  [apply] simp [hX0]

Note: This linter can be disabled with `set_option linter.unusedSimpArgs false`
warning: Proofs/Threadsync/WaitGroup.lean:2105:61: This simp argument is unused:
  X.frozen

Hint: Omit it from the simp argument list.
  [apply] simp [gM, X.fd, Ph.isTask]

Note: This linter can be disabled with `set_option linter.unusedSimpArgs false`
warning: Proofs/Threadsync/WaitGroup.lean:2105:71: This simp argument is unused:
  X.fd

Hint: Omit it from the simp argument list.
  [apply] simp [gM, X.frozen, Ph.isTask]

Note: This linter can be disabled with `set_option linter.unusedSimpArgs false`
warning: Proofs/Threadsync/WaitGroup.lean:2105:77: This simp argument is unused:
  Ph.isTask

Hint: Omit it from the simp argument list.
  [apply] simp [gM, X.frozen, X.fd]

Note: This linter can be disabled with `set_option linter.unusedSimpArgs false`
warning: Proofs/Threadsync/WaitGroup.lean:2107:76: This simp argument is unused:
  X.frozen

Hint: Omit it from the simp argument list.
  [apply] simp [gT, X.fd, Ph.isTask]

Note: This linter can be disabled with `set_option linter.unusedSimpArgs false`
warning: Proofs/Threadsync/WaitGroup.lean:2107:86: This simp argument is unused:
  X.fd

Hint: Omit it from the simp argument list.
  [apply] simp [gT, X.frozen, Ph.isTask]

Note: This linter can be disabled with `set_option linter.unusedSimpArgs false`
warning: Proofs/Threadsync/WaitGroup.lean:2107:92: This simp argument is unused:
  Ph.isTask

Hint: Omit it from the simp argument list.
  [apply] simp [gT, X.frozen, X.fd]

Note: This linter can be disabled with `set_option linter.unusedSimpArgs false`
warning: Proofs/Threadsync/WaitGroup.lean:2111:61: This simp argument is unused:
  X.frozen

Hint: Omit it from the simp argument list.
  [apply] simp [gM, X.fd, Ph.isTask]

Note: This linter can be disabled with `set_option linter.unusedSimpArgs false`
warning: Proofs/Threadsync/WaitGroup.lean:2111:71: This simp argument is unused:
  X.fd

== tests/review/AllProofs.lean ==
Hint: Omit it from the simp argument list.
  [apply] simp [gM, X.frozen, Ph.isTask]

Note: This linter can be disabled with `set_option linter.unusedSimpArgs false`
warning: Proofs/Threadsync/WaitGroup.lean:2111:77: This simp argument is unused:
  Ph.isTask

Hint: Omit it from the simp argument list.
  [apply] simp [gM, X.frozen, X.fd]

Note: This linter can be disabled with `set_option linter.unusedSimpArgs false`
warning: Proofs/Threadsync/WaitGroup.lean:2113:76: This simp argument is unused:
  X.frozen

Hint: Omit it from the simp argument list.
  [apply] simp [gT, X.fd, Ph.isTask]

Note: This linter can be disabled with `set_option linter.unusedSimpArgs false`
warning: Proofs/Threadsync/WaitGroup.lean:2113:86: This simp argument is unused:
  X.fd

Hint: Omit it from the simp argument list.
  [apply] simp [gT, X.frozen, Ph.isTask]

Note: This linter can be disabled with `set_option linter.unusedSimpArgs false`
warning: Proofs/Threadsync/WaitGroup.lean:2113:92: This simp argument is unused:
  Ph.isTask

Hint: Omit it from the simp argument list.
  [apply] simp [gT, X.frozen, X.fd]

Note: This linter can be disabled with `set_option linter.unusedSimpArgs false`
warning: Proofs/Threadsync/WaitGroup.lean:2117:71: This simp argument is unused:
  X.fd

Hint: Omit it from the simp argument list.
  [apply] simp [gM, X.frozen, Ph.isTask]

Note: This linter can be disabled with `set_option linter.unusedSimpArgs false`
warning: Proofs/Threadsync/WaitGroup.lean:2119:86: This simp argument is unused:
  X.fd

Hint: Omit it from the simp argument list.
  [apply] simp [gT, X.frozen, Ph.isTask]

Note: This linter can be disabled with `set_option linter.unusedSimpArgs false`
warning: Proofs/Threadsync/WaitGroup.lean:2123:61: This simp argument is unused:
  X.frozen

Hint: Omit it from the simp argument list.
  [apply] simp [gM, X.fd, Ph.isTask]

Note: This linter can be disabled with `set_option linter.unusedSimpArgs false`
warning: Proofs/Threadsync/WaitGroup.lean:2126:18: This simp argument is unused:
  X.frozen

Hint: Omit it from the simp argument list.
  [apply] simp [gT, X.fd, Ph.isTask, Ph.rank]

Note: This linter can be disabled with `set_option linter.unusedSimpArgs false`
warning: Proofs/Threadsync/WaitGroup.lean:2830:30: This simp argument is unused:
  pure_bind

Hint: Omit it from the simp argument list.
  [apply] simp only [StateT.run_pure, Option.isSome_none, Bool.false_eq_true, ↓reduceIte, StateT.run_bind]

Note: This linter can be disabled with `set_option linter.unusedSimpArgs false`
warning: Proofs/Threadsync/WaitGroup.lean:2888:23: `if_true` has been deprecated: Use `ite_true` instead
warning: Proofs/Threadsync/WaitGroup.lean:2870:13: This simp argument is unused:
  StateT.run_pure

Hint: Omit it from the simp argument list.
  [apply] simp only [pure_bind, StateT.run_bind]

Note: This linter can be disabled with `set_option linter.unusedSimpArgs false`
warning: Proofs/Threadsync/WaitGroup.lean:2870:30: This simp argument is unused:
  pure_bind

Hint: Omit it from the simp argument list.
  [apply] simp only [StateT.run_pure, StateT.run_bind]

Note: This linter can be disabled with `set_option linter.unusedSimpArgs false`
warning: Proofs/Threadsync/WaitGroup.lean:2870:41: This simp argument is unused:
  StateT.run_bind

Hint: Omit it from the simp argument list.
  [apply] simp only [StateT.run_pure, pure_bind]

Note: This linter can be disabled with `set_option linter.unusedSimpArgs false`
warning: Proofs/Threadsync/WaitGroup.lean:2876:78: This simp argument is unused:
  StateT.run_pure

Hint: Omit it from the simp argument list.
  [apply] simp only [StateT.run_bind, StateT.run_modify, StateT.run_get, pure_bind]

Note: This linter can be disabled with `set_option linter.unusedSimpArgs false`
warning: Proofs/Threadsync/WaitGroup.lean:2885:78: This simp argument is unused:
  StateT.run_pure

Hint: Omit it from the simp argument list.
  [apply] simp only [StateT.run_bind, StateT.run_modify, StateT.run_get, pure_bind]

Note: This linter can be disabled with `set_option linter.unusedSimpArgs false`
warning: Proofs/Threadsync/WaitGroup.lean:2888:23: This simp argument is unused:
  if_true

Hint: Omit it from the simp argument list.
  [apply] simp only [show ((1 : BitVec 32) != 1) = false from rfl, Bool.false_eq_true, ↓reduceIte, StateT.run_pure]

Note: This linter can be disabled with `set_option linter.unusedSimpArgs false`
warning: Proofs/Threadsync/WaitGroup.lean:2960:76: This simp argument is unused:
  StateT.run_pure

Hint: Omit it from the simp argument list.
  [apply] simp only [StateT.run_bind, StateT.run_modify, StateT.run_get, pure_bind]

Note: This linter can be disabled with `set_option linter.unusedSimpArgs false`
warning: Proofs/Threadsync/WaitGroup.lean:2986:21: This simp argument is unused:
  StateT.run_pure

Hint: Omit it from the simp argument list.
  [apply] simp only [StateT.run_bind, StateT.run_get, StateT.run_modify, pure_bind, Option.isSome_none,
    Bool.false_eq_true, ↓reduceIte, show ((1 : BitVec 32) == 1) = true from rfl]

Note: This linter can be disabled with `set_option linter.unusedSimpArgs false`
warning: Proofs/Threadsync/WaitGroup.lean:2986:71: This simp argument is unused:
  StateT.run_modify

Hint: Omit it from the simp argument list.
  [apply] simp only [StateT.run_pure, StateT.run_bind, StateT.run_get, pure_bind, Option.isSome_none,
    Bool.false_eq_true, ↓reduceIte, show ((1 : BitVec 32) == 1) = true from rfl]

Note: This linter can be disabled with `set_option linter.unusedSimpArgs false`
warning: Proofs/Threadsync/WaitGroup.lean:2987:12: This simp argument is unused:
  Option.isSome_none

Hint: Omit it from the simp argument list.
  [apply] simp only [StateT.run_pure, StateT.run_bind, StateT.run_get, StateT.run_modify, pure_bind, Bool.false_eq_true,
    ↓reduceIte, show ((1 : BitVec 32) == 1) = true from rfl]

Note: This linter can be disabled with `set_option linter.unusedSimpArgs false`
warning: Proofs/Threadsync/WaitGroup.lean:2987:32: This simp argument is unused:
  Bool.false_eq_true

Hint: Omit it from the simp argument list.
  [apply] simp only [StateT.run_pure, StateT.run_bind, StateT.run_get, StateT.run_modify, pure_bind, Option.isSome_none,
    ↓reduceIte, show ((1 : BitVec 32) == 1) = true from rfl]

Note: This linter can be disabled with `set_option linter.unusedSimpArgs false`
warning: Proofs/Threadsync/WaitGroup.lean:3000:34: This simp argument is unused:
  StateT.run_bind

Hint: Omit it from the simp argument list.
  [apply] simp only [StateT.run_pure, StateT.run_get, pure_bind]

Note: This linter can be disabled with `set_option linter.unusedSimpArgs false`
warning: Proofs/Threadsync/WaitGroup.lean:3000:51: This simp argument is unused:
  StateT.run_get

Hint: Omit it from the simp argument list.
  [apply] simp only [StateT.run_pure, StateT.run_bind, pure_bind]

Note: This linter can be disabled with `set_option linter.unusedSimpArgs false`
warning: Proofs/Threadsync/WaitGroup.lean:3000:67: This simp argument is unused:
  pure_bind

Hint: Omit it from the simp argument list.
  [apply] simp only [StateT.run_pure, StateT.run_bind, StateT.run_get]

Note: This linter can be disabled with `set_option linter.unusedSimpArgs false`
warning: Proofs/Threadsync/WaitGroup.lean:3010:23: This simp argument is unused:
  StateT.run_pure

Hint: Omit it from the simp argument list.
  [apply] simp only [StateT.run_bind, StateT.run_get, StateT.run_modify, pure_bind, Option.isSome_some, ↓reduceIte,
    optPayload, Bool.false_eq_true, show ((2 : BitVec 32) == 1) = false from rfl,
    show ((2 : BitVec 32) == 2) = true from rfl]

Note: This linter can be disabled with `set_option linter.unusedSimpArgs false`
warning: Proofs/Threadsync/WaitGroup.lean:3010:40: This simp argument is unused:
  StateT.run_bind

Hint: Omit it from the simp argument list.
  [apply] simp only [StateT.run_pure, StateT.run_get, StateT.run_modify, pure_bind, Option.isSome_some, ↓reduceIte,
    optPayload, Bool.false_eq_true, show ((2 : BitVec 32) == 1) = false from rfl,
    show ((2 : BitVec 32) == 2) = true from rfl]

Note: This linter can be disabled with `set_option linter.unusedSimpArgs false`
warning: Proofs/Threadsync/WaitGroup.lean:3010:57: This simp argument is unused:
  StateT.run_get

Hint: Omit it from the simp argument list.
  [apply] simp only [StateT.run_pure, StateT.run_bind, StateT.run_modify, pure_bind, Option.isSome_some, ↓reduceIte,
    optPayload, Bool.false_eq_true, show ((2 : BitVec 32) == 1) = false from rfl,
    show ((2 : BitVec 32) == 2) = true from rfl]

Note: This linter can be disabled with `set_option linter.unusedSimpArgs false`
warning: Proofs/Threadsync/WaitGroup.lean:3010:73: This simp argument is unused:
  StateT.run_modify

Hint: Omit it from the simp argument list.
  [apply] simp only [StateT.run_pure, StateT.run_bind, StateT.run_get, pure_bind, Option.isSome_some, ↓reduceIte,
    optPayload, Bool.false_eq_true, show ((2 : BitVec 32) == 1) = false from rfl,
    show ((2 : BitVec 32) == 2) = true from rfl]

Note: This linter can be disabled with `set_option linter.unusedSimpArgs false`
warning: Proofs/Threadsync/WaitGroup.lean:3010:92: This simp argument is unused:
  pure_bind

Hint: Omit it from the simp argument list.
  [apply] simp only [StateT.run_pure, StateT.run_bind, StateT.run_get, StateT.run_modify, Option.isSome_some,
    ↓reduceIte, optPayload, Bool.false_eq_true, show ((2 : BitVec 32) == 1) = false from rfl,
    show ((2 : BitVec 32) == 2) = true from rfl]

Note: This linter can be disabled with `set_option linter.unusedSimpArgs false`
warning: Proofs/Threadsync/WaitGroup.lean:3011:14: This simp argument is unused:
  Option.isSome_some

Hint: Omit it from the simp argument list.
  [apply] simp only [StateT.run_pure, StateT.run_bind, StateT.run_get, StateT.run_modify, pure_bind, ↓reduceIte,
    optPayload, Bool.false_eq_true, show ((2 : BitVec 32) == 1) = false from rfl,
    show ((2 : BitVec 32) == 2) = true from rfl]

Note: This linter can be disabled with `set_option linter.unusedSimpArgs false`
warning: Proofs/Threadsync/WaitGroup.lean:3011:34: This simp argument is unused:
  ↓reduceIte

Hint: Omit it from the simp argument list.
  [apply] simp only [StateT.run_pure, StateT.run_bind, StateT.run_get, StateT.run_modify, pure_bind, Option.isSome_some,
    optPayload, Bool.false_eq_true, show ((2 : BitVec 32) == 1) = false from rfl,
    show ((2 : BitVec 32) == 2) = true from rfl]

Note: This linter can be disabled with `set_option linter.unusedSimpArgs false`
warning: Proofs/Threadsync/WaitGroup.lean:3011:46: This simp argument is unused:
  optPayload

Hint: Omit it from the simp argument list.
  [apply] simp only [StateT.run_pure, StateT.run_bind, StateT.run_get, StateT.run_modify, pure_bind, Option.isSome_some,
    ↓reduceIte, Bool.false_eq_true, show ((2 : BitVec 32) == 1) = false from rfl,
    show ((2 : BitVec 32) == 2) = true from rfl]

Note: This linter can be disabled with `set_option linter.unusedSimpArgs false`
warning: Proofs/Threadsync/WaitGroup.lean:3011:58: This simp argument is unused:
  Bool.false_eq_true

Hint: Omit it from the simp argument list.
  [apply] simp only [StateT.run_pure, StateT.run_bind, StateT.run_get, StateT.run_modify, pure_bind, Option.isSome_some,
    ↓reduceIte, optPayload, show ((2 : BitVec 32) == 1) = false from rfl, show ((2 : BitVec 32) == 2) = true from rfl]

Note: This linter can be disabled with `set_option linter.unusedSimpArgs false`
warning: Proofs/Threadsync/WaitGroup.lean:3012:14: This simp argument is unused:
  show ((2 : BitVec 32) == 1) = false from rfl

Hint: Omit it from the simp argument list.
  [apply] simp only [StateT.run_pure, StateT.run_bind, StateT.run_get, StateT.run_modify, pure_bind, Option.isSome_some,
    ↓reduceIte, optPayload, Bool.false_eq_true, show ((2 : BitVec 32) == 2) = true from rfl]

Note: This linter can be disabled with `set_option linter.unusedSimpArgs false`
warning: Proofs/Threadsync/WaitGroup.lean:3012:60: This simp argument is unused:
  show ((2 : BitVec 32) == 2) = true from rfl

Hint: Omit it from the simp argument list.
  [apply] simp only [StateT.run_pure, StateT.run_bind, StateT.run_get, StateT.run_modify, pure_bind, Option.isSome_some,
    ↓reduceIte, optPayload, Bool.false_eq_true, show ((2 : BitVec 32) == 1) = false from rfl]

Note: This linter can be disabled with `set_option linter.unusedSimpArgs false`
warning: Proofs/Threadsync/WaitGroup.lean:3020:65: Variable name `hc` is not explicitly referenced.

Hint: The binding can be removed (if unused) or named `_` (if used implicitly). Alternatively, prefix the name with `_` to silence this warning:
  [apply] _hc

Note: This linter can be disabled with `set_option linter.unusedVariables false`
warning: Proofs/Threadsync/WaitGroup.lean:3028:30: This simp argument is unused:
  StateT.run_pure

Hint: Omit it from the simp argument list.
  [apply] simp only [StateT.run_bind, pure_bind]

Note: This linter can be disabled with `set_option linter.unusedSimpArgs false`
warning: Proofs/Threadsync/WaitGroup.lean:3034:30: This simp argument is unused:
  StateT.run_pure

Hint: Omit it from the simp argument list.
  [apply] simp only [StateT.run_bind, pure_bind]

Note: This linter can be disabled with `set_option linter.unusedSimpArgs false`
warning: Proofs/Threadsync/WaitGroup.lean:3057:53: This simp argument is unused:
  pure_bind

Hint: Omit it from the simp argument list.
  [apply] simp only [StateT.run_pure, StateT.run_bind, show ((0 : BitVec 32) == 2) = false from rfl, Bool.not_false,
    ↓reduceIte]

Note: This linter can be disabled with `set_option linter.unusedSimpArgs false`
warning: Proofs/Threadsync/WaitGroup.lean:3069:65: Variable name `hc` is not explicitly referenced.

Hint: The binding can be removed (if unused) or named `_` (if used implicitly). Alternatively, prefix the name with `_` to silence this warning:
  [apply] _hc

Note: This linter can be disabled with `set_option linter.unusedVariables false`
warning: Proofs/Threadsync/WaitGroup.lean:3083:30: This simp argument is unused:
  StateT.run_pure

Hint: Omit it from the simp argument list.
  [apply] simp only [StateT.run_bind, pure_bind]

Note: This linter can be disabled with `set_option linter.unusedSimpArgs false`
warning: Proofs/Threadsync/WaitGroup.lean:3083:47: This simp argument is unused:
  pure_bind

Hint: Omit it from the simp argument list.
  [apply] simp only [StateT.run_bind, StateT.run_pure]

Note: This linter can be disabled with `set_option linter.unusedSimpArgs false`
warning: Proofs/Threadsync/WaitGroup.lean:3087:13: This simp argument is unused:
  StateT.run_pure

Hint: Omit it from the simp argument list.
  [apply] simp only [pure_bind, StateT.run_bind]

Note: This linter can be disabled with `set_option linter.unusedSimpArgs false`
warning: Proofs/Threadsync/WaitGroup.lean:3087:30: This simp argument is unused:
  pure_bind

Hint: Omit it from the simp argument list.
  [apply] simp only [StateT.run_pure, StateT.run_bind]

Note: This linter can be disabled with `set_option linter.unusedSimpArgs false`
warning: Proofs/Threadsync/WaitGroup.lean:3087:41: This simp argument is unused:
  StateT.run_bind

Hint: Omit it from the simp argument list.
  [apply] simp only [StateT.run_pure, pure_bind]

Note: This linter can be disabled with `set_option linter.unusedSimpArgs false`
warning: Proofs/Threadsync/WaitGroup.lean:3094:35: This simp argument is unused:
  pure_bind

Hint: Omit it from the simp argument list.
  [apply] simp only [show gt false (BitVec.ofNat 64 (0 / 2)) 0 = false from rfl, Bool.false_eq_true, ↓reduceIte,
    StateT.run_pure]

Note: This linter can be disabled with `set_option linter.unusedSimpArgs false`
warning: Proofs/Threadsync/WaitGroup.lean:3104:48: This simp argument is unused:
  pure_bind

Hint: Omit it from the simp argument list.
  [apply] simp only [hg, ↓reduceIte, StateT.run_pure, StateT.run_bind]

Note: This linter can be disabled with `set_option linter.unusedSimpArgs false`
warning: Proofs/Threadsync/WaitGroup.lean:3162:6: `if_pos` has been deprecated: Use `ite_eq_left` instead
warning: Proofs/Threadsync/WaitGroup.lean:3222:10: `if_pos` has been deprecated: Use `ite_eq_left` instead
warning: Proofs/Threadsync/WaitGroup.lean:3223:10: `if_pos` has been deprecated: Use `ite_eq_left` instead
warning: Proofs/Threadsync/WaitGroup.lean:3333:13: This simp argument is unused:
  StateT.run_pure

Hint: Omit it from the simp argument list.
  [apply] simp only [pure_bind]

Note: This linter can be disabled with `set_option linter.unusedSimpArgs false`
warning: Proofs/Threadsync/WaitGroup.lean:3333:30: This simp argument is unused:
  pure_bind

Hint: Omit it from the simp argument list.
  [apply] simp only [StateT.run_pure]

Note: This linter can be disabled with `set_option linter.unusedSimpArgs false`
warning: Proofs/Threadsync/WaitGroup.lean:3339:47: This simp argument is unused:
  pure_bind

Hint: Omit it from the simp argument list.
  [apply] simp only [StateT.run_bind, StateT.run_pure]

Note: This linter can be disabled with `set_option linter.unusedSimpArgs false`
warning: Proofs/Threadsync/WaitGroup.lean:3341:13: This simp argument is unused:
  StateT.run_pure

Hint: Omit it from the simp argument list.
  [apply] simp only [pure_bind, StateT.run_bind]

Note: This linter can be disabled with `set_option linter.unusedSimpArgs false`
warning: Proofs/Threadsync/WaitGroup.lean:3341:30: This simp argument is unused:
  pure_bind

Hint: Omit it from the simp argument list.
  [apply] simp only [StateT.run_pure, StateT.run_bind]

Note: This linter can be disabled with `set_option linter.unusedSimpArgs false`
warning: Proofs/Threadsync/WaitGroup.lean:3341:41: This simp argument is unused:
  StateT.run_bind

Hint: Omit it from the simp argument list.
  [apply] simp only [StateT.run_pure, pure_bind]

Note: This linter can be disabled with `set_option linter.unusedSimpArgs false`
warning: Proofs/Threadsync/WaitGroup.lean:3423:13: This simp argument is unused:
  StateT.run_bind

Hint: Omit it from the simp argument list.
  [apply] simp only

Note: This linter can be disabled with `set_option linter.unusedSimpArgs false`
warning: Proofs/Threadsync/WaitGroup.lean:3438:47: This simp argument is unused:
  pure_bind

Hint: Omit it from the simp argument list.
  [apply] simp only [StateT.run_bind, StateT.run_pure]

Note: This linter can be disabled with `set_option linter.unusedSimpArgs false`
⚠ [132/194] Replayed Proofs.Threadsync.Handoff
warning: Proofs/Threadsync/Handoff.lean:367:6: `if_neg` has been deprecated: Use `ite_eq_right` instead
warning: Proofs/Threadsync/Handoff.lean:368:4: `if_neg` has been deprecated: Use `ite_eq_right` instead
warning: Proofs/Threadsync/Handoff.lean:760:6: `if_neg` has been deprecated: Use `ite_eq_right` instead
warning: Proofs/Threadsync/Handoff.lean:761:4: `if_pos` has been deprecated: Use `ite_eq_left` instead
warning: Proofs/Threadsync/Handoff.lean:1299:20: This simp argument is unused:
  gM

Hint: Omit it from the simp argument list.
  [apply] simp [sN, Ph.post]

Note: This linter can be disabled with `set_option linter.unusedSimpArgs false`
warning: Proofs/Threadsync/Handoff.lean:1299:48: This simp argument is unused:
  gM

Hint: Omit it from the simp argument list.
  [apply] simp [vL]

Note: This linter can be disabled with `set_option linter.unusedSimpArgs false`
warning: Proofs/Threadsync/Handoff.lean:1598:8: `if_pos` has been deprecated: Use `ite_eq_left` instead
warning: Proofs/Threadsync/Handoff.lean:1633:21: This simp argument is unused:
  StateT.run_pure

Hint: Omit it from the simp argument list.
  [apply] simp only [StateT.run_modify, StateT.run_bind, pure_bind, Thread_Condition_FutexImpl_wait.again107,
    ↓reduceIte]

Note: This linter can be disabled with `set_option linter.unusedSimpArgs false`
warning: Proofs/Threadsync/Handoff.lean:1633:38: This simp argument is unused:
  StateT.run_modify

Hint: Omit it from the simp argument list.
  [apply] simp only [StateT.run_pure, StateT.run_bind, pure_bind, Thread_Condition_FutexImpl_wait.again107, ↓reduceIte]

Note: This linter can be disabled with `set_option linter.unusedSimpArgs false`
warning: Proofs/Threadsync/Handoff.lean:1633:57: This simp argument is unused:
  StateT.run_bind

Hint: Omit it from the simp argument list.
  [apply] simp only [StateT.run_pure, StateT.run_modify, pure_bind, Thread_Condition_FutexImpl_wait.again107,
    ↓reduceIte]

Note: This linter can be disabled with `set_option linter.unusedSimpArgs false`
warning: Proofs/Threadsync/Handoff.lean:1633:74: This simp argument is unused:
  pure_bind

Hint: Omit it from the simp argument list.
  [apply] simp only [StateT.run_pure, StateT.run_modify, StateT.run_bind, Thread_Condition_FutexImpl_wait.again107,
    ↓reduceIte]

Note: This linter can be disabled with `set_option linter.unusedSimpArgs false`
warning: Proofs/Threadsync/Handoff.lean:1712:49: This simp argument is unused:
  StateT.run_pure

Hint: Omit it from the simp argument list.
  [apply] simp only [StateT.run_bind, StateT.run_modify, pure_bind]

Note: This linter can be disabled with `set_option linter.unusedSimpArgs false`
warning: Proofs/Threadsync/Handoff.lean:1792:65: This simp argument is unused:
  StateT.run_pure

Hint: Omit it from the simp argument list.
  [apply] simp only [StateT.run_bind, StateT.run_modify, StateT.run_get, pure_bind]

Note: This linter can be disabled with `set_option linter.unusedSimpArgs false`
warning: Proofs/Threadsync/Handoff.lean:1794:13: This simp argument is unused:
  StateT.run_bind

Hint: Omit it from the simp argument list.
  [apply] simp only [StateT.run_get, StateT.run_pure, pure_bind]

Note: This linter can be disabled with `set_option linter.unusedSimpArgs false`
warning: Proofs/Threadsync/Handoff.lean:1794:30: This simp argument is unused:
  StateT.run_get

Hint: Omit it from the simp argument list.
  [apply] simp only [StateT.run_bind, StateT.run_pure, pure_bind]

Note: This linter can be disabled with `set_option linter.unusedSimpArgs false`
warning: Proofs/Threadsync/Handoff.lean:1794:46: This simp argument is unused:
  StateT.run_pure

Hint: Omit it from the simp argument list.
  [apply] simp only [StateT.run_bind, StateT.run_get, pure_bind]

Note: This linter can be disabled with `set_option linter.unusedSimpArgs false`
warning: Proofs/Threadsync/Handoff.lean:1794:63: This simp argument is unused:
  pure_bind

Hint: Omit it from the simp argument list.
  [apply] simp only [StateT.run_bind, StateT.run_get, StateT.run_pure]

Note: This linter can be disabled with `set_option linter.unusedSimpArgs false`
warning: Proofs/Threadsync/Handoff.lean:1796:13: This simp argument is unused:
  StateT.run_bind

Hint: Omit it from the simp argument list.
  [apply] simp only [StateT.run_modify, StateT.run_pure, pure_bind]

Note: This linter can be disabled with `set_option linter.unusedSimpArgs false`
warning: Proofs/Threadsync/Handoff.lean:1796:30: This simp argument is unused:
  StateT.run_modify

Hint: Omit it from the simp argument list.
  [apply] simp only [StateT.run_bind, StateT.run_pure, pure_bind]

Note: This linter can be disabled with `set_option linter.unusedSimpArgs false`
warning: Proofs/Threadsync/Handoff.lean:1796:49: This simp argument is unused:
  StateT.run_pure

Hint: Omit it from the simp argument list.
  [apply] simp only [StateT.run_bind, StateT.run_modify, pure_bind]

Note: This linter can be disabled with `set_option linter.unusedSimpArgs false`
warning: Proofs/Threadsync/Handoff.lean:1796:66: This simp argument is unused:
  pure_bind

Hint: Omit it from the simp argument list.
  [apply] simp only [StateT.run_bind, StateT.run_modify, StateT.run_pure]

Note: This linter can be disabled with `set_option linter.unusedSimpArgs false`
warning: Proofs/Threadsync/Handoff.lean:1813:13: This simp argument is unused:
  StateT.run_bind

Hint: Omit it from the simp argument list.
  [apply] simp only [StateT.run_get, StateT.run_pure, pure_bind]

Note: This linter can be disabled with `set_option linter.unusedSimpArgs false`
warning: Proofs/Threadsync/Handoff.lean:1813:30: This simp argument is unused:
  StateT.run_get

Hint: Omit it from the simp argument list.
  [apply] simp only [StateT.run_bind, StateT.run_pure, pure_bind]

Note: This linter can be disabled with `set_option linter.unusedSimpArgs false`
warning: Proofs/Threadsync/Handoff.lean:1813:46: This simp argument is unused:
  StateT.run_pure

Hint: Omit it from the simp argument list.
  [apply] simp only [StateT.run_bind, StateT.run_get, pure_bind]

Note: This linter can be disabled with `set_option linter.unusedSimpArgs false`
warning: Proofs/Threadsync/Handoff.lean:1813:63: This simp argument is unused:
  pure_bind

Hint: Omit it from the simp argument list.
  [apply] simp only [StateT.run_bind, StateT.run_get, StateT.run_pure]

Note: This linter can be disabled with `set_option linter.unusedSimpArgs false`
warning: Proofs/Threadsync/Handoff.lean:1836:30: This simp argument is unused:
  StateT.run_pure

Hint: Omit it from the simp argument list.
  [apply] simp only [StateT.run_bind, pure_bind]

Note: This linter can be disabled with `set_option linter.unusedSimpArgs false`
warning: Proofs/Threadsync/Handoff.lean:1938:23: try 'simp' instead of 'simpa'

Note: This linter can be disabled with `set_option linter.unnecessarySimpa false`
warning: Proofs/Threadsync/Handoff.lean:1929:23: This simp argument is unused:
  gM

Hint: Omit it from the simp argument list.
  [apply] simp [vL, hv1, hs1]

Note: This linter can be disabled with `set_option linter.unusedSimpArgs false`
warning: Proofs/Threadsync/Handoff.lean:1961:25: try 'simp' instead of 'simpa'

Note: This linter can be disabled with `set_option linter.unnecessarySimpa false`
warning: Proofs/Threadsync/Handoff.lean:1961:25: try 'simp' instead of 'simpa'

Note: This linter can be disabled with `set_option linter.unnecessarySimpa false`
warning: Proofs/Threadsync/Handoff.lean:1963:21: try 'simp' instead of 'simpa'

Note: This linter can be disabled with `set_option linter.unnecessarySimpa false`
warning: Proofs/Threadsync/Handoff.lean:1980:35: `if_true` has been deprecated: Use `ite_true` instead
warning: Proofs/Threadsync/Handoff.lean:2035:15: This simp argument is unused:
  StateT.run_pure

Hint: Omit it from the simp argument list.
  [apply] simp only [pure_bind, StateT.run_bind]

Note: This linter can be disabled with `set_option linter.unusedSimpArgs false`
warning: Proofs/Threadsync/Handoff.lean:2035:32: This simp argument is unused:
  pure_bind

Hint: Omit it from the simp argument list.
  [apply] simp only [StateT.run_pure, StateT.run_bind]

Note: This linter can be disabled with `set_option linter.unusedSimpArgs false`
warning: Proofs/Threadsync/Handoff.lean:2035:43: This simp argument is unused:
  StateT.run_bind

Hint: Omit it from the simp argument list.
  [apply] simp only [StateT.run_pure, pure_bind]

Note: This linter can be disabled with `set_option linter.unusedSimpArgs false`
warning: Proofs/Threadsync/Handoff.lean:2042:80: This simp argument is unused:
  StateT.run_pure

Hint: Omit it from the simp argument list.
  [apply] simp only [StateT.run_bind, StateT.run_modify, StateT.run_get, pure_bind]

Note: This linter can be disabled with `set_option linter.unusedSimpArgs false`
warning: Proofs/Threadsync/Handoff.lean:2051:80: This simp argument is unused:
  StateT.run_pure

Hint: Omit it from the simp argument list.
  [apply] simp only [StateT.run_bind, StateT.run_modify, StateT.run_get, pure_bind]

Note: This linter can be disabled with `set_option linter.unusedSimpArgs false`
warning: Proofs/Threadsync/Handoff.lean:2104:76: This simp argument is unused:
  StateT.run_pure

Hint: Omit it from the simp argument list.
  [apply] simp only [StateT.run_bind, StateT.run_modify, StateT.run_get, pure_bind]

Note: This linter can be disabled with `set_option linter.unusedSimpArgs false`
warning: Proofs/Threadsync/Handoff.lean:2117:21: This simp argument is unused:
  StateT.run_pure

Hint: Omit it from the simp argument list.
  [apply] simp only [StateT.run_bind, StateT.run_get, StateT.run_modify, pure_bind, Option.isSome_none,
    Bool.false_eq_true, ↓reduceIte, show ((1 : BitVec 32) == 1) = true from rfl]

Note: This linter can be disabled with `set_option linter.unusedSimpArgs false`
warning: Proofs/Threadsync/Handoff.lean:2117:71: This simp argument is unused:
  StateT.run_modify

Hint: Omit it from the simp argument list.
  [apply] simp only [StateT.run_pure, StateT.run_bind, StateT.run_get, pure_bind, Option.isSome_none,
    Bool.false_eq_true, ↓reduceIte, show ((1 : BitVec 32) == 1) = true from rfl]

Note: This linter can be disabled with `set_option linter.unusedSimpArgs false`
warning: Proofs/Threadsync/Handoff.lean:2118:12: This simp argument is unused:
  Option.isSome_none

Hint: Omit it from the simp argument list.
  [apply] simp only [StateT.run_pure, StateT.run_bind, StateT.run_get, StateT.run_modify, pure_bind, Bool.false_eq_true,
    ↓reduceIte, show ((1 : BitVec 32) == 1) = true from rfl]

Note: This linter can be disabled with `set_option linter.unusedSimpArgs false`
warning: Proofs/Threadsync/Handoff.lean:2118:32: This simp argument is unused:
  Bool.false_eq_true

Hint: Omit it from the simp argument list.
  [apply] simp only [StateT.run_pure, StateT.run_bind, StateT.run_get, StateT.run_modify, pure_bind, Option.isSome_none,
    ↓reduceIte, show ((1 : BitVec 32) == 1) = true from rfl]

Note: This linter can be disabled with `set_option linter.unusedSimpArgs false`
warning: Proofs/Threadsync/Handoff.lean:2127:34: This simp argument is unused:
  StateT.run_bind

Hint: Omit it from the simp argument list.
  [apply] simp only [StateT.run_pure, StateT.run_get, pure_bind]

Note: This linter can be disabled with `set_option linter.unusedSimpArgs false`
warning: Proofs/Threadsync/Handoff.lean:2127:51: This simp argument is unused:
  StateT.run_get

Hint: Omit it from the simp argument list.
  [apply] simp only [StateT.run_pure, StateT.run_bind, pure_bind]

Note: This linter can be disabled with `set_option linter.unusedSimpArgs false`
warning: Proofs/Threadsync/Handoff.lean:2127:67: This simp argument is unused:
  pure_bind

Hint: Omit it from the simp argument list.
  [apply] simp only [StateT.run_pure, StateT.run_bind, StateT.run_get]

Note: This linter can be disabled with `set_option linter.unusedSimpArgs false`
warning: Proofs/Threadsync/Handoff.lean:2143:21: This simp argument is unused:
  StateT.run_pure

Hint: Omit it from the simp argument list.
  [apply] simp only [StateT.run_bind, StateT.run_get, StateT.run_modify, pure_bind, Option.isSome_some, ↓reduceIte,
    optPayload, Bool.false_eq_true, show ((2 : BitVec 32) == 1) = false from rfl,
    show ((2 : BitVec 32) == 2) = true from rfl]

Note: This linter can be disabled with `set_option linter.unusedSimpArgs false`
warning: Proofs/Threadsync/Handoff.lean:2143:38: This simp argument is unused:
  StateT.run_bind

Hint: Omit it from the simp argument list.
  [apply] simp only [StateT.run_pure, StateT.run_get, StateT.run_modify, pure_bind, Option.isSome_some, ↓reduceIte,
    optPayload, Bool.false_eq_true, show ((2 : BitVec 32) == 1) = false from rfl,
    show ((2 : BitVec 32) == 2) = true from rfl]

Note: This linter can be disabled with `set_option linter.unusedSimpArgs false`
warning: Proofs/Threadsync/Handoff.lean:2143:55: This simp argument is unused:
  StateT.run_get

Hint: Omit it from the simp argument list.
  [apply] simp only [StateT.run_pure, StateT.run_bind, StateT.run_modify, pure_bind, Option.isSome_some, ↓reduceIte,
    optPayload, Bool.false_eq_true, show ((2 : BitVec 32) == 1) = false from rfl,
    show ((2 : BitVec 32) == 2) = true from rfl]

Note: This linter can be disabled with `set_option linter.unusedSimpArgs false`
warning: Proofs/Threadsync/Handoff.lean:2143:71: This simp argument is unused:
  StateT.run_modify

Hint: Omit it from the simp argument list.
  [apply] simp only [StateT.run_pure, StateT.run_bind, StateT.run_get, pure_bind, Option.isSome_some, ↓reduceIte,
    optPayload, Bool.false_eq_true, show ((2 : BitVec 32) == 1) = false from rfl,
    show ((2 : BitVec 32) == 2) = true from rfl]

Note: This linter can be disabled with `set_option linter.unusedSimpArgs false`
warning: Proofs/Threadsync/Handoff.lean:2143:90: This simp argument is unused:
  pure_bind

Hint: Omit it from the simp argument list.
  [apply] simp only [StateT.run_pure, StateT.run_bind, StateT.run_get, StateT.run_modify, Option.isSome_some,
    ↓reduceIte, optPayload, Bool.false_eq_true, show ((2 : BitVec 32) == 1) = false from rfl,
    show ((2 : BitVec 32) == 2) = true from rfl]

Note: This linter can be disabled with `set_option linter.unusedSimpArgs false`
warning: Proofs/Threadsync/Handoff.lean:2144:12: This simp argument is unused:
  Option.isSome_some

Hint: Omit it from the simp argument list.
  [apply] simp only [StateT.run_pure, StateT.run_bind, StateT.run_get, StateT.run_modify, pure_bind, ↓reduceIte,
    optPayload, Bool.false_eq_true, show ((2 : BitVec 32) == 1) = false from rfl,
    show ((2 : BitVec 32) == 2) = true from rfl]

Note: This linter can be disabled with `set_option linter.unusedSimpArgs false`
warning: Proofs/Threadsync/Handoff.lean:2144:32: This simp argument is unused:
  ↓reduceIte

Hint: Omit it from the simp argument list.
  [apply] simp only [StateT.run_pure, StateT.run_bind, StateT.run_get, StateT.run_modify, pure_bind, Option.isSome_some,
    optPayload, Bool.false_eq_true, show ((2 : BitVec 32) == 1) = false from rfl,
    show ((2 : BitVec 32) == 2) = true from rfl]

Note: This linter can be disabled with `set_option linter.unusedSimpArgs false`
warning: Proofs/Threadsync/Handoff.lean:2144:44: This simp argument is unused:
  optPayload

Hint: Omit it from the simp argument list.
  [apply] simp only [StateT.run_pure, StateT.run_bind, StateT.run_get, StateT.run_modify, pure_bind, Option.isSome_some,
    ↓reduceIte, Bool.false_eq_true, show ((2 : BitVec 32) == 1) = false from rfl,
    show ((2 : BitVec 32) == 2) = true from rfl]

Note: This linter can be disabled with `set_option linter.unusedSimpArgs false`
warning: Proofs/Threadsync/Handoff.lean:2144:56: This simp argument is unused:
  Bool.false_eq_true

Hint: Omit it from the simp argument list.
  [apply] simp only [StateT.run_pure, StateT.run_bind, StateT.run_get, StateT.run_modify, pure_bind, Option.isSome_some,
    ↓reduceIte, optPayload, show ((2 : BitVec 32) == 1) = false from rfl, show ((2 : BitVec 32) == 2) = true from rfl]

Note: This linter can be disabled with `set_option linter.unusedSimpArgs false`
warning: Proofs/Threadsync/Handoff.lean:2145:12: This simp argument is unused:
  show ((2 : BitVec 32) == 1) = false from rfl

Hint: Omit it from the simp argument list.
  [apply] simp only [StateT.run_pure, StateT.run_bind, StateT.run_get, StateT.run_modify, pure_bind, Option.isSome_some,
    ↓reduceIte, optPayload, Bool.false_eq_true, show ((2 : BitVec 32) == 2) = true from rfl]

Note: This linter can be disabled with `set_option linter.unusedSimpArgs false`
warning: Proofs/Threadsync/Handoff.lean:2145:58: This simp argument is unused:
  show ((2 : BitVec 32) == 2) = true from rfl

Hint: Omit it from the simp argument list.
  [apply] simp only [StateT.run_pure, StateT.run_bind, StateT.run_get, StateT.run_modify, pure_bind, Option.isSome_some,
    ↓reduceIte, optPayload, Bool.false_eq_true, show ((2 : BitVec 32) == 1) = false from rfl]

Note: This linter can be disabled with `set_option linter.unusedSimpArgs false`
warning: Proofs/Threadsync/Handoff.lean:2161:63: Variable name `hc` is not explicitly referenced.

Hint: The binding can be removed (if unused) or named `_` (if used implicitly). Alternatively, prefix the name with `_` to silence this warning:
  [apply] _hc

Note: This linter can be disabled with `set_option linter.unusedVariables false`
warning: Proofs/Threadsync/Handoff.lean:2168:30: This simp argument is unused:
  StateT.run_pure

Hint: Omit it from the simp argument list.
  [apply] simp only [StateT.run_bind, pure_bind]

Note: This linter can be disabled with `set_option linter.unusedSimpArgs false`
warning: Proofs/Threadsync/Handoff.lean:2174:30: This simp argument is unused:
  StateT.run_pure

Hint: Omit it from the simp argument list.
  [apply] simp only [StateT.run_bind, pure_bind]

Note: This linter can be disabled with `set_option linter.unusedSimpArgs false`
warning: Proofs/Threadsync/Handoff.lean:2189:53: This simp argument is unused:
  pure_bind

Hint: Omit it from the simp argument list.
  [apply] simp only [StateT.run_pure, StateT.run_bind, show ((0 : BitVec 32) == 2) = false from rfl, Bool.not_false,
    ↓reduceIte]

Note: This linter can be disabled with `set_option linter.unusedSimpArgs false`
warning: Proofs/Threadsync/Handoff.lean:2289:77: This simp argument is unused:
  pure_bind

Hint: Omit it from the simp argument list.
  [apply] simp only [Bool.not_false, ↓reduceIte, StateT.run_bind, StateT.run_pure]

Note: This linter can be disabled with `set_option linter.unusedSimpArgs false`
warning: Proofs/Threadsync/Handoff.lean:2625:22: `if_pos` has been deprecated: Use `ite_eq_left` instead
warning: Proofs/Threadsync/Handoff.lean:2746:48: This simp argument is unused:
  StateT.run_pure

Hint: Omit it from the simp argument list.
  [apply] simp only [StateT.run_bind, StateT.run_get, pure_bind]

Note: This linter can be disabled with `set_option linter.unusedSimpArgs false`
warning: Proofs/Threadsync/Handoff.lean:2749:15: This simp argument is unused:
  StateT.run_bind

Hint: Omit it from the simp argument list.
  [apply] simp only [StateT.run_get, StateT.run_pure, pure_bind]

Note: This linter can be disabled with `set_option linter.unusedSimpArgs false`
warning: Proofs/Threadsync/Handoff.lean:2749:32: This simp argument is unused:
  StateT.run_get

Hint: Omit it from the simp argument list.
  [apply] simp only [StateT.run_bind, StateT.run_pure, pure_bind]

Note: This linter can be disabled with `set_option linter.unusedSimpArgs false`
warning: Proofs/Threadsync/Handoff.lean:2749:48: This simp argument is unused:
  StateT.run_pure

Hint: Omit it from the simp argument list.
  [apply] simp only [StateT.run_bind, StateT.run_get, pure_bind]

Note: This linter can be disabled with `set_option linter.unusedSimpArgs false`
warning: Proofs/Threadsync/Handoff.lean:2749:65: This simp argument is unused:
  pure_bind

Hint: Omit it from the simp argument list.
  [apply] simp only [StateT.run_bind, StateT.run_get, StateT.run_pure]

Note: This linter can be disabled with `set_option linter.unusedSimpArgs false`
warning: Proofs/Threadsync/Handoff.lean:2755:15: This simp argument is unused:
  StateT.run_bind

Hint: Omit it from the simp argument list.
  [apply] simp only [StateT.run_get, StateT.run_pure, pure_bind]

Note: This linter can be disabled with `set_option linter.unusedSimpArgs false`
warning: Proofs/Threadsync/Handoff.lean:2755:32: This simp argument is unused:
  StateT.run_get

Hint: Omit it from the simp argument list.
  [apply] simp only [StateT.run_bind, StateT.run_pure, pure_bind]

Note: This linter can be disabled with `set_option linter.unusedSimpArgs false`
warning: Proofs/Threadsync/Handoff.lean:2755:48: This simp argument is unused:
  StateT.run_pure

Hint: Omit it from the simp argument list.
  [apply] simp only [StateT.run_bind, StateT.run_get, pure_bind]

Note: This linter can be disabled with `set_option linter.unusedSimpArgs false`
warning: Proofs/Threadsync/Handoff.lean:2755:65: This simp argument is unused:
  pure_bind

Hint: Omit it from the simp argument list.
  [apply] simp only [StateT.run_bind, StateT.run_get, StateT.run_pure]

Note: This linter can be disabled with `set_option linter.unusedSimpArgs false`
warning: Proofs/Threadsync/Handoff.lean:2802:48: This simp argument is unused:
  StateT.run_pure

Hint: Omit it from the simp argument list.
  [apply] simp only [StateT.run_bind, StateT.run_get, pure_bind]

Note: This linter can be disabled with `set_option linter.unusedSimpArgs false`
warning: Proofs/Threadsync/Handoff.lean:2805:15: This simp argument is unused:
  StateT.run_bind

Hint: Omit it from the simp argument list.
  [apply] simp only [StateT.run_get, StateT.run_pure, pure_bind]

Note: This linter can be disabled with `set_option linter.unusedSimpArgs false`
warning: Proofs/Threadsync/Handoff.lean:2805:32: This simp argument is unused:
  StateT.run_get

Hint: Omit it from the simp argument list.
  [apply] simp only [StateT.run_bind, StateT.run_pure, pure_bind]

Note: This linter can be disabled with `set_option linter.unusedSimpArgs false`
warning: Proofs/Threadsync/Handoff.lean:2805:48: This simp argument is unused:
  StateT.run_pure

Hint: Omit it from the simp argument list.
  [apply] simp only [StateT.run_bind, StateT.run_get, pure_bind]

Note: This linter can be disabled with `set_option linter.unusedSimpArgs false`
warning: Proofs/Threadsync/Handoff.lean:2805:65: This simp argument is unused:
  pure_bind

Hint: Omit it from the simp argument list.
  [apply] simp only [StateT.run_bind, StateT.run_get, StateT.run_pure]

Note: This linter can be disabled with `set_option linter.unusedSimpArgs false`
warning: Proofs/Threadsync/Handoff.lean:2818:54: Variable name `hc` is not explicitly referenced.

Hint: The binding can be removed (if unused) or named `_` (if used implicitly). Alternatively, prefix the name with `_` to silence this warning:
  [apply] _hc

Note: This linter can be disabled with `set_option linter.unusedVariables false`
warning: Proofs/Threadsync/Handoff.lean:2838:49: This simp argument is unused:
  StateT.run_pure

Hint: Omit it from the simp argument list.
  [apply] simp only [StateT.run_bind, StateT.run_modify, pure_bind]

Note: This linter can be disabled with `set_option linter.unusedSimpArgs false`
warning: Proofs/Threadsync/Handoff.lean:2908:22: `if_pos` has been deprecated: Use `ite_eq_left` instead
warning: Proofs/Threadsync/Handoff.lean:3012:63: Variable name `hc` is not explicitly referenced.

Hint: The binding can be removed (if unused) or named `_` (if used implicitly). Alternatively, prefix the name with `_` to silence this warning:
  [apply] _hc

Note: This linter can be disabled with `set_option linter.unusedVariables false`
warning: Proofs/Threadsync/Handoff.lean:3034:30: This simp argument is unused:
  pure_bind

Hint: Omit it from the simp argument list.
  [apply] simp only [StateT.run_pure, hv2, Bool.false_eq_true, ↓reduceIte, StateT.run_bind]

Note: This linter can be disabled with `set_option linter.unusedSimpArgs false`
warning: Proofs/Threadsync/Handoff.lean:3034:78: This simp argument is unused:
  StateT.run_bind

Hint: Omit it from the simp argument list.
  [apply] simp only [StateT.run_pure, pure_bind, hv2, Bool.false_eq_true, ↓reduceIte]

Note: This linter can be disabled with `set_option linter.unusedSimpArgs false`
warning: Proofs/Threadsync/Handoff.lean:3037:30: This simp argument is unused:
  pure_bind

Hint: Omit it from the simp argument list.
  [apply] simp only [StateT.run_bind]

Note: This linter can be disabled with `set_option linter.unusedSimpArgs false`
warning: Proofs/Threadsync/Handoff.lean:3062:53: Variable name `hc` is not explicitly referenced.

Hint: The binding can be removed (if unused) or named `_` (if used implicitly). Alternatively, prefix the name with `_` to silence this warning:
  [apply] _hc

Note: This linter can be disabled with `set_option linter.unusedVariables false`
warning: Proofs/Threadsync/Handoff.lean:3113:13: This simp argument is unused:
  StateT.run_bind

Hint: Omit it from the simp argument list.
  [apply] simp only [StateT.run_pure, pure_bind]

Note: This linter can be disabled with `set_option linter.unusedSimpArgs false`
warning: Proofs/Threadsync/Handoff.lean:3113:30: This simp argument is unused:
  StateT.run_pure

Hint: Omit it from the simp argument list.
  [apply] simp only [StateT.run_bind, pure_bind]

Note: This linter can be disabled with `set_option linter.unusedSimpArgs false`
warning: Proofs/Threadsync/Handoff.lean:3113:47: This simp argument is unused:
  pure_bind

Hint: Omit it from the simp argument list.
  [apply] simp only [StateT.run_bind, StateT.run_pure]

Note: This linter can be disabled with `set_option linter.unusedSimpArgs false`
warning: Proofs/Threadsync/Handoff.lean:3119:13: This simp argument is unused:
  StateT.run_bind

Hint: Omit it from the simp argument list.
  [apply] simp only [StateT.run_pure, pure_bind]

Note: This linter can be disabled with `set_option linter.unusedSimpArgs false`
warning: Proofs/Threadsync/Handoff.lean:3119:30: This simp argument is unused:
  StateT.run_pure

Hint: Omit it from the simp argument list.
  [apply] simp only [StateT.run_bind, pure_bind]

Note: This linter can be disabled with `set_option linter.unusedSimpArgs false`
warning: Proofs/Threadsync/Handoff.lean:3119:47: This simp argument is unused:
  pure_bind

Hint: Omit it from the simp argument list.
  [apply] simp only [StateT.run_bind, StateT.run_pure]

Note: This linter can be disabled with `set_option linter.unusedSimpArgs false`
warning: Proofs/Threadsync/Handoff.lean:3123:13: This simp argument is unused:
  StateT.run_bind

Hint: Omit it from the simp argument list.
  [apply] simp only [StateT.run_pure, pure_bind]

Note: This linter can be disabled with `set_option linter.unusedSimpArgs false`
warning: Proofs/Threadsync/Handoff.lean:3123:30: This simp argument is unused:
  StateT.run_pure

Hint: Omit it from the simp argument list.
  [apply] simp only [StateT.run_bind, pure_bind]

Note: This linter can be disabled with `set_option linter.unusedSimpArgs false`
warning: Proofs/Threadsync/Handoff.lean:3123:47: This simp argument is unused:
  pure_bind

Hint: Omit it from the simp argument list.
  [apply] simp only [StateT.run_bind, StateT.run_pure]

Note: This linter can be disabled with `set_option linter.unusedSimpArgs false`
warning: Proofs/Threadsync/Handoff.lean:3135:55: Variable name `hx` is not explicitly referenced.

Hint: The binding can be removed (if unused) or named `_` (if used implicitly). Alternatively, prefix the name with `_` to silence this warning:
  [apply] _hx

Note: This linter can be disabled with `set_option linter.unusedVariables false`
warning: Proofs/Threadsync/Handoff.lean:3267:56: This simp argument is unused:
  Nat.min_def

Hint: Omit it from the simp argument list.
  [apply] simp [Array.extract_extract, Array.size_extract, hsz] at hbv hbr

Note: This linter can be disabled with `set_option linter.unusedSimpArgs false`
warning: Proofs/Threadsync/Handoff.lean:3392:41: `if_neg` has been deprecated: Use `ite_eq_right` instead
warning: Proofs/Threadsync/Handoff.lean:3427:39: try 'simp' instead of 'simpa'

Note: This linter can be disabled with `set_option linter.unnecessarySimpa false`
warning: Proofs/Threadsync/Handoff.lean:3438:24: try 'simp' instead of 'simpa'

Note: This linter can be disabled with `set_option linter.unnecessarySimpa false`
warning: Proofs/Threadsync/Handoff.lean:3447:6: `if_pos` has been deprecated: Use `ite_eq_left` instead
warning: Proofs/Threadsync/Handoff.lean:3491:13: This simp argument is unused:
  StateT.run_bind

Hint: Omit it from the simp argument list.
  [apply] simp only

Note: This linter can be disabled with `set_option linter.unusedSimpArgs false`
warning: Proofs/Threadsync/Handoff.lean:3496:30: This simp argument is unused:
  StateT.run_pure

Hint: Omit it from the simp argument list.
  [apply] simp only [StateT.run_bind, pure_bind]

Note: This linter can be disabled with `set_option linter.unusedSimpArgs false`
warning: Proofs/Threadsync/Handoff.lean:3496:47: This simp argument is unused:
  pure_bind

Hint: Omit it from the simp argument list.
  [apply] simp only [StateT.run_bind, StateT.run_pure]

Note: This linter can be disabled with `set_option linter.unusedSimpArgs false`
warning: Proofs/Threadsync/Handoff.lean:3523:13: This simp argument is unused:
  StateT.run_bind

Hint: Omit it from the simp argument list.
  [apply] simp only [StateT.run_pure, pure_bind]

Note: This linter can be disabled with `set_option linter.unusedSimpArgs false`
warning: Proofs/Threadsync/Handoff.lean:3523:47: This simp argument is unused:
  pure_bind

Hint: Omit it from the simp argument list.
  [apply] simp only [StateT.run_bind, StateT.run_pure]

Note: This linter can be disabled with `set_option linter.unusedSimpArgs false`
warning: Proofs/Threadsync/Handoff.lean:3529:13: This simp argument is unused:
  StateT.run_bind

Hint: Omit it from the simp argument list.
  [apply] simp only [StateT.run_pure, pure_bind]

Note: This linter can be disabled with `set_option linter.unusedSimpArgs false`
warning: Proofs/Threadsync/Handoff.lean:3529:30: This simp argument is unused:
  StateT.run_pure

Hint: Omit it from the simp argument list.
  [apply] simp only [StateT.run_bind, pure_bind]

Note: This linter can be disabled with `set_option linter.unusedSimpArgs false`
warning: Proofs/Threadsync/Handoff.lean:3529:47: This simp argument is unused:
  pure_bind

Hint: Omit it from the simp argument list.
  [apply] simp only [StateT.run_bind, StateT.run_pure]

Note: This linter can be disabled with `set_option linter.unusedSimpArgs false`
warning: Proofs/Threadsync/Handoff.lean:3534:13: This simp argument is unused:
  StateT.run_bind

Hint: Omit it from the simp argument list.
  [apply] simp only

Note: This linter can be disabled with `set_option linter.unusedSimpArgs false`
warning: Proofs/Threadsync/Handoff.lean:3544:13: This simp argument is unused:
  StateT.run_pure

Hint: Omit it from the simp argument list.
  [apply] simp only [pure_bind]

Note: This linter can be disabled with `set_option linter.unusedSimpArgs false`
warning: Proofs/Threadsync/Handoff.lean:3544:30: This simp argument is unused:
  pure_bind

Hint: Omit it from the simp argument list.
  [apply] simp only [StateT.run_pure]

Note: This linter can be disabled with `set_option linter.unusedSimpArgs false`
⚠ [133/194] Replayed Proofs.Threadsync.Mutex
warning: Proofs/Threadsync/Mutex.lean:178:10: `if_neg` has been deprecated: Use `ite_eq_right` instead
warning: Proofs/Threadsync/Mutex.lean:604:8: `if_pos` has been deprecated: Use `ite_eq_left` instead
warning: Proofs/Threadsync/Mutex.lean:604:26: `if_pos` has been deprecated: Use `ite_eq_left` instead
warning: Proofs/Threadsync/Mutex.lean:606:8: `dif_pos` has been deprecated: Use `dite_eq_left` instead
warning: Proofs/Threadsync/Mutex.lean:608:8: `if_neg` has been deprecated: Use `ite_eq_right` instead
warning: Proofs/Threadsync/Mutex.lean:608:18: `if_neg` has been deprecated: Use `ite_eq_right` instead
warning: Proofs/Threadsync/Mutex.lean:607:15: This simp argument is unused:
  Option.some.injEq

Hint: Omit it from the simp argument list.
  [apply] simp only [Cell.mk.injEq, hs, and_self]

Note: This linter can be disabled with `set_option linter.unusedSimpArgs false`
warning: Proofs/Threadsync/Mutex.lean:607:34: This simp argument is unused:
  Cell.mk.injEq

Hint: Omit it from the simp argument list.
  [apply] simp only [Option.some.injEq, hs, and_self]

Note: This linter can be disabled with `set_option linter.unusedSimpArgs false`
warning: Proofs/Threadsync/Mutex.lean:607:53: This simp argument is unused:
  and_self

Hint: Omit it from the simp argument list.
  [apply] simp only [Option.some.injEq, Cell.mk.injEq, hs]

Note: This linter can be disabled with `set_option linter.unusedSimpArgs false`
warning: Proofs/Threadsync/Mutex.lean:627:13: `if_neg` has been deprecated: Use `ite_eq_right` instead
warning: Proofs/Threadsync/Mutex.lean:627:40: `if_pos` has been deprecated: Use `ite_eq_left` instead
warning: Proofs/Threadsync/Mutex.lean:627:79: `if_pos` has been deprecated: Use `ite_eq_left` instead
warning: Proofs/Threadsync/Mutex.lean:629:8: `if_neg` has been deprecated: Use `ite_eq_right` instead
warning: Proofs/Threadsync/Mutex.lean:631:10: `if_pos` has been deprecated: Use `ite_eq_left` instead
warning: Proofs/Threadsync/Mutex.lean:634:17: `if_pos` has been deprecated: Use `ite_eq_left` instead
warning: Proofs/Threadsync/Mutex.lean:636:10: `if_neg` has been deprecated: Use `ite_eq_right` instead
warning: Proofs/Threadsync/Mutex.lean:636:26: `if_neg` has been deprecated: Use `ite_eq_right` instead
warning: Proofs/Threadsync/Mutex.lean:639:54: Variable name `hs` is not explicitly referenced.

Hint: The binding can be removed (if unused) or named `_` (if used implicitly). Alternatively, prefix the name with `_` to silence this warning:
  [apply] _hs

Note: This linter can be disabled with `set_option linter.unusedVariables false`
warning: Proofs/Threadsync/Mutex.lean:726:43: `if_neg` has been deprecated: Use `ite_eq_right` instead
warning: Proofs/Threadsync/Mutex.lean:687:13: This simp argument is unused:
  StateT.run_bind

Hint: Omit it from the simp argument list.
  [apply] simp only

Note: This linter can be disabled with `set_option linter.unusedSimpArgs false`
warning: Proofs/Threadsync/Mutex.lean:777:71: This simp argument is unused:
  show (0 : Nat) = 0 from rfl

Hint: Omit it from the simp argument list.
  [apply] simp only [true_and, show 0 < m₈.clocks.size by omega, ↓reduceIte]

Note: This linter can be disabled with `set_option linter.unusedSimpArgs false`
⚠ [138/194] Replayed Proofs.Lists.Append
warning: Proofs/Lists/Append.lean:81:68: This simp argument is unused:
  lockBytes_size

Hint: Omit it from the simp argument list.
  [apply] simp [hdrBytes, Array.extract_append, enc_ptr_size, enc_u64_size]

Note: This linter can be disabled with `set_option linter.unusedSimpArgs false`
warning: Proofs/Lists/Append.lean:85:82: This simp argument is unused:
  lockBytes_size

Hint: Omit it from the simp argument list.
  [apply] simp [hdrBytes, Array.extract_append, enc_ptr_size, enc_u64_size, extract_none]

Note: This linter can be disabled with `set_option linter.unusedSimpArgs false`
warning: Proofs/Lists/Append.lean:89:82: This simp argument is unused:
  lockBytes_size

Hint: Omit it from the simp argument list.
  [apply] simp [hdrBytes, Array.extract_append, enc_ptr_size, enc_u64_size, extract_none]

Note: This linter can be disabled with `set_option linter.unusedSimpArgs false`
warning: Proofs/Lists/Append.lean:93:68: This simp argument is unused:
  lockBytes_size

Hint: Omit it from the simp argument list.
  [apply] simp [hdrBytes, Array.extract_append, enc_ptr_size, enc_u64_size]

Note: This linter can be disabled with `set_option linter.unusedSimpArgs false`
warning: Proofs/Lists/Append.lean:151:80: This simp argument is unused:
  extract_none

Hint: Omit it from the simp argument list.
  [apply] simp [writeBytes, hdrBytes, Array.extract_append, enc_ptr_size, enc_u64_size, extract_past, extract_full,
    add24_sub]

Note: This linter can be disabled with `set_option linter.unusedSimpArgs false`
warning: Proofs/Lists/Append.lean:156:80: This simp argument is unused:
  extract_none

Hint: Omit it from the simp argument list.
  [apply] simp [writeBytes, hdrBytes, Array.extract_append, enc_ptr_size, enc_u64_size, extract_past, extract_full,
    add24_sub]

Note: This linter can be disabled with `set_option linter.unusedSimpArgs false`
warning: Proofs/Lists/Append.lean:161:80: This simp argument is unused:
  extract_none

Hint: Omit it from the simp argument list.
  [apply] simp [writeBytes, hdrBytes, Array.extract_append, enc_ptr_size, enc_u64_size, extract_past, extract_full,
    add24_sub]

Note: This linter can be disabled with `set_option linter.unusedSimpArgs false`
⚠ [160/194] Replayed Air2Lean.Check
warning: Air2Lean/Check.lean:992:15: Variable name `v` is not explicitly referenced.

Hint: The binding can be removed (if unused) or named `_` (if used implicitly). Alternatively, prefix the name with `_` to silence this warning:
  [apply] _v

Note: This linter can be disabled with `set_option linter.unusedVariables false`
Build completed successfully (194 jobs).
== tests/review/Floats.lean ==
== tests/review/ErrorUnionAlignment.lean ==
== tests/review/Concurrency.lean ==
Concurrency regressions passed
== tests/review/Memory.lean ==
Memory regressions passed
== tests/review/ErrorUnionLayoutCheck.lean ==
Error-union version layout checks passed
parser regressions passed
Input coverage passed: 186 dispatched files; 272 float edge groups; 8 isolated vector overflow cases and 8 isolated zero-divisor cases.
emitter regression sources written
/tmp/air2lean-review-generated.BIpw8p/opvVoid.lean:12:9: warning: Variable name `p0` is not explicitly referenced.

Hint: The binding can be removed (if unused) or named `_` (if used implicitly). Alternatively, prefix the name with `_` to silence this warning:
  [apply] _p0

Note: This linter can be disabled with `set_option linter.unusedVariables false`
/tmp/air2lean-review-generated.BIpw8p/opvZero.lean:12:9: warning: Variable name `p0` is not explicitly referenced.

Hint: The binding can be removed (if unused) or named `_` (if used implicitly). Alternatively, prefix the name with `_` to silence this warning:
  [apply] _p0

Note: This linter can be disabled with `set_option linter.unusedVariables false`
emitter regressions passed: 27 fixtures checked
locked: /tmp/air2lean-exporter-check.jHCkcX/lock/bin/zig (the compiler is /tmp/air2lean-exporter-check.jHCkcX/lock/bin/zig-unlocked)
locked: /tmp/air2lean-exporter-check.jHCkcX/lock/bin/zig (the compiler is /tmp/air2lean-exporter-check.jHCkcX/lock/bin/zig-unlocked)
exporter checks passed
##[group]Run scripts/no-sorry.sh
[36;1mscripts/no-sorry.sh[0m
shell: /usr/bin/bash -e {0}
env:
  AIR2LEAN_EXAMPLES: 
##[endgroup]
no sorry/admit/native_decide in ZigLean/ and Proofs/
Post job cleanup.
Cache hit occurred on the primary key lake-diff-529985d2cf28767d7b171993f8a87bd10706c7c6b6a91e904f103f8bf46140f7, not saving cache.
Post job cleanup.
Cache hit occurred on the primary key lake-root-f808bd900fe26910aa55e7ace1bbad800d2c6b77d1631bb8a6cc7807527a3001, not saving cache.
Post job cleanup.
Cache hit occurred on the primary key zig-air-0.17.0-f96c2d98d3578c30d94a47365040aa739cb6a4aeb6d0060e4ebff9b5ccb0f9f0, not saving cache.
Post job cleanup.
[command]/usr/bin/git version
git version 2.55.0
Temporarily overriding HOME='/home/runner/work/_temp/428c90c4-04f5-4108-9e03-abb71067b6b5' before making global git config changes
Adding repository directory to the temporary git global config as a safe directory
[command]/usr/bin/git config --global --add safe.directory /home/runner/work/air2lean/air2lean
Removing SSH command configuration
[command]/usr/bin/git config --local --name-only --get-regexp core\.sshCommand
[command]/usr/bin/git submodule foreach --recursive sh -c "git config --local --name-only --get-regexp 'core\.sshCommand' && git config --local --unset-all 'core.sshCommand' || :"
Removing HTTP extra header
[command]/usr/bin/git config --local --name-only --get-regexp http\.https\:\/\/github\.com\/\.extraheader
[command]/usr/bin/git submodule foreach --recursive sh -c "git config --local --name-only --get-regexp 'http\.https\:\/\/github\.com\/\.extraheader' && git config --local --unset-all 'http.https://github.com/.extraheader' || :"
Removing includeIf entries pointing to credentials config files
[command]/usr/bin/git config --local --name-only --get-regexp ^includeIf\.gitdir:
includeif.gitdir:/home/runner/work/air2lean/air2lean/.git.path
includeif.gitdir:/home/runner/work/air2lean/air2lean/.git/worktrees/*.path
includeif.gitdir:/github/workspace/.git.path
includeif.gitdir:/github/workspace/.git/worktrees/*.path
[command]/usr/bin/git config --local --get-all includeif.gitdir:/home/runner/work/air2lean/air2lean/.git.path
/home/runner/work/_temp/git-credentials-ee49dcc1-884e-43b2-889d-469dfb495ced.config
[command]/usr/bin/git config --local --unset includeif.gitdir:/home/runner/work/air2lean/air2lean/.git.path \/home\/runner\/work\/_temp\/git\-credentials\-ee49dcc1\-884e\-43b2\-889d\-469dfb495ced\.config
[command]/usr/bin/git config --local --get-all includeif.gitdir:/home/runner/work/air2lean/air2lean/.git/worktrees/*.path
/home/runner/work/_temp/git-credentials-ee49dcc1-884e-43b2-889d-469dfb495ced.config
[command]/usr/bin/git config --local --unset includeif.gitdir:/home/runner/work/air2lean/air2lean/.git/worktrees/*.path \/home\/runner\/work\/_temp\/git\-credentials\-ee49dcc1\-884e\-43b2\-889d\-469dfb495ced\.config
[command]/usr/bin/git config --local --get-all includeif.gitdir:/github/workspace/.git.path
/github/runner_temp/git-credentials-ee49dcc1-884e-43b2-889d-469dfb495ced.config
[command]/usr/bin/git config --local --unset includeif.gitdir:/github/workspace/.git.path \/github\/runner_temp\/git\-credentials\-ee49dcc1\-884e\-43b2\-889d\-469dfb495ced\.config
[command]/usr/bin/git config --local --get-all includeif.gitdir:/github/workspace/.git/worktrees/*.path
/github/runner_temp/git-credentials-ee49dcc1-884e-43b2-889d-469dfb495ced.config
[command]/usr/bin/git config --local --unset includeif.gitdir:/github/workspace/.git/worktrees/*.path \/github\/runner_temp\/git\-credentials\-ee49dcc1\-884e\-43b2\-889d\-469dfb495ced\.config
[command]/usr/bin/git submodule foreach --recursive git config --local --show-origin --name-only --get-regexp remote.origin.url
Removing credentials config '/home/runner/work/_temp/git-credentials-ee49dcc1-884e-43b2-889d-469dfb495ced.config'
Cleaning up orphan processes
